Residue,Absolute SASA,Relative SASA,Exposed or Buried?
K17,0.0,0.0,Buried
K28,0.0,0.0,Buried
K50,0.0,0.0,Buried
K54,262.262,1.223,Exposed
K55,0.0,0.0,Buried
K58,0.0,0.0,Buried
K61,0.0,0.0,Buried
K132,0.0,0.0,Buried
K134,0.0,0.0,Buried
K140,0.0,0.0,Buried
K158,0.0,0.0,Buried
K176,0.0,0.0,Buried
K191,0.0,0.0,Buried
K204,0.0,0.0,Buried
K223,0.0,0.0,Buried
K239,0.0,0.0,Buried
K270,0.0,0.0,Buried
K313,0.0,0.0,Buried
K331,0.0,0.0,Buried
K339,0.0,0.0,Buried
K344,0.0,0.0,Buried
K352,0.0,0.0,Buried
K356,0.0,0.0,Buried
K387,0.0,0.0,Buried
K406,0.0,0.0,Buried
K424,0.0,0.0,Buried
K435,0.0,0.0,Buried
K442,245.299,1.144,Exposed
K443,0.0,0.0,Buried
K450,0.0,0.0,Buried
K469,0.0,0.0,Buried
K471,0.0,0.0,Buried
K509,0.0,0.0,Buried
K520,0.0,0.0,Buried
K543,0.0,0.0,Buried
K558,0.0,0.0,Buried
K570,0.0,0.0,Buried
K575,70.772,0.33,Exposed
K576,0.0,0.0,Buried
K581,0.0,0.0,Buried
K598,113.77,0.53,Exposed
K599,0.0,0.0,Buried
K644,0.0,0.0,Buried
K693,0.0,0.0,Buried
K697,0.0,0.0,Buried
K706,0.0,0.0,Buried
K708,0.0,0.0,Buried
K734,0.0,0.0,Buried
K812,0.0,0.0,Buried
K839,0.0,0.0,Buried
