Annotated Sequence,Modifications,NtermCut,CtermCut,Cleavage Type,PSMs
"[K].VLRDGKWSEQEAAILVPGDIVSIK.[L]","",K,K,Tryptic,"30"
"[Q].RTLHGLQPKEAVNIFPEK.[G]","",Q,K,Semitryptic,"3"
"[K].VLRDGKWSEQEAAILVPGDIVSIK.[L]","1xDeamidated [Q10]",K,K,Tryptic,"8"
"[R].LLEGDPLKVDQSALTGESLPVTKHPGQEVFSGS.[T]","",R,S,Semitryptic,"2"
"[R].LLEGDPLKVDQSALTGESLPVTKHPGQEVFSG.[S]","",R,G,Semitryptic,"2"
"[Y].IDGSGNWHRVSKGAPEQILELAK.[A]","",Y,K,Semitryptic,"4"
"[K].GAPEQILELAKASNDLSKK.[V]","",K,K,Tryptic,"5"
"[R].RLGMGTNMYPSSALLGTHKDANLA.[S]","2xOxidation [M4; M8]",R,A,Semitryptic,"2"
"[R].TALTYIDGSGNWHRVSK.[G]","",R,K,Tryptic,"14"
"[E].SVVKLKGLDIETPSHYTV.[-]","",E,V,Semitryptic,"1"
"[R].ALNLGVNVKMITGDQLAIGKETGR.[R]","1xOxidation [M10]",R,R,Tryptic,"3"
"[R].TALTYIDGSGNWHRVSKGAPEQILELAK.[A]","1xDeamidated [Q/N]",R,K,Tryptic,"3"
"[R].EVHFLPFNPVDKR.[T]","",R,R,Tryptic,"64"
"[L].VPGDIVSIKLGDIIPADAR.[L]","",L,R,Semitryptic,"1"
"[K].HIVGMTGDGVNDAPALKKA.[D]","",K,A,Semitryptic,"3"
"[K].HIVGMTGDGVNDAPALKKA.[D]","1xOxidation [M5]",K,A,Semitryptic,"9"
"[R].EVHFLPFNPVDKRTALTY.[I]","",R,Y,Semitryptic,"5"
"[R].LLEGDPLKVDQSALTGE.[S]","",R,E,Semitryptic,"13"
"[K].MITGDQLAIGKETGR.[R]","1xOxidation [M1]",K,R,Tryptic,"66"
"[R].LLEGDPLKVDQSALTGESLPVTKHPGQEVFSGSTC.[K]","1xCarbamidomethyl [C35]",R,C,Semitryptic,"2"
"[L].RDGKWSEQEAAILVPGDIVSIK.[L]","",L,K,Semitryptic,"2"
"[R].LLEGDPLKVDQSALTGESLPVTKHPGQE.[V]","",R,E,Semitryptic,"1"
"[R].VSKGAPEQILELAK.[A]","",R,K,Tryptic,"8"
"[K].HIVGMTGDGVNDAPALKKA.[D]","1xDeamidated [N11]; 1xOxidation [M5]",K,A,Semitryptic,"1"
"[F].AGVFPEHKYEIVK.[K]","",F,K,Semitryptic,"6"
"[N].VKMITGDQLAIGKETGR.[R]","",N,R,Semitryptic,"1"
"[R].LGMGTNMYPSSALLGTHKDANLA.[S]","1xOxidation [M]",R,A,Semitryptic,"5"
"[K].MITGDQLAIGKETGR.[R]","",K,R,Tryptic,"32"
"[R].AGIREVHFLPFNPVDKR.[T]","",R,R,Tryptic,"25"
"[R].KHIVGMTGDGVNDAPALK.[K]","",R,K,Tryptic,"4"
"[R].DGKWSEQEAAILVPGDIVSIK.[L]","",R,K,Tryptic,"8"
"[G].IREVHFLPFNPVDKR.[T]","",G,R,Semitryptic,"1"
"[K].KVLSIIDKYAER.[G]","",K,R,Tryptic,"11"
"[A].ILVPGDIVSIKLGDIIPADAR.[L]","",A,R,Semitryptic,"2"
"[D].GSGNWHRVSKGAPEQILELAK.[A]","",D,K,Semitryptic,"1"
"[R].VSKGAPEQILELAKA.[S]","",R,A,Semitryptic,"1"
"[R].LGMGTNMYPSSALLGTHKDANLA.[S]","2xOxidation [M3; M7]",R,A,Semitryptic,"6"
"[K].EAVNIFPEKGSYRELSEIAEQAK.[R]","",K,K,Tryptic,"4"
"[R].ALNLGVNVKMITGDQLAIGKETGR.[R]","",R,R,Tryptic,"3"
"[R].VSKGAPEQILELAKAS.[N]","",R,S,Semitryptic,"2"
"[S].RVENQDAIDAAMVGMLADPKEAR.[A]","2xOxidation [M12; M15]",S,R,Semitryptic,"1"
"[E].TVDLEKIPIEEVFQQLKCSR.[E]","1xCarbamidomethyl [C18]",E,R,Semitryptic,"2"
"[K].EAVNIFPEKGSYR.[E]","",K,R,Tryptic,"17"
"[Q].EAAILVPGDIVSIKLGDIIPADAR.[L]","",Q,R,Semitryptic,"1"
"[A].DGFAGVFPEHKYEIVK.[K]","",A,K,Semitryptic,"6"
"[R].EVHFLPFNPVDKRTALT.[Y]","",R,T,Semitryptic,"1"
"[R].EVHFLPFNPVDK.[R]","",R,K,Tryptic,"3"
"[S].RVENQDAIDAAMVGMLADPKEAR.[A]","",S,R,Semitryptic,"1"
"[R].VSKGAPEQILELAKASNDLSK.[K]","",R,K,Tryptic,"2"
"[R].TALTYIDGSGNWHR.[V]","",R,R,Tryptic,"8"
"[R].KHIVGMTGDGVNDAPALKK.[A]","",R,K,Tryptic,"1"
"[R].KHIVGMTGDGVNDAPALK.[K]","1xOxidation [M6]",R,K,Tryptic,"11"
"[D].GKWSEQEAAILVPGDIVSIK.[L]","",D,K,Semitryptic,"1"
"[R].TALTYIDGSGNWHRVSKGAPEQILELAK.[A]","",R,K,Tryptic,"6"
"[R].RLGMGTNMYPSSALLGTHKDANLA.[S]","1xDeamidated [N7]; 2xOxidation [M4; M8]",R,A,Semitryptic,"1"
"[R].LRELHTLKGHVESVVK.[L]","",R,K,Tryptic,"4"
"[K].VLRDGKWSEQEAAILVPGDIV.[S]","",K,V,Semitryptic,"1"
"[R].AGIREVHFLPFNPVDK.[R]","",R,K,Tryptic,"4"
"[S].NDLSKKVLSIIDK.[Y]","",S,K,Semitryptic,"1"
"[K].HIVGMTGDGVNDAPALK.[K]","1xOxidation [M5]",K,K,Tryptic,"3"
"[L].TGESLPVTKHPGQEVFSGSTCK.[Q]","1xCarbamidomethyl [C21]",L,K,Semitryptic,"1"
"[R].LGMGTNMYPSSALLGTHKDANLA.[S]","1xDeamidated [N6]; 2xOxidation [M3; M7]",R,A,Semitryptic,"1"
"[R].EGLTTQEGEDRIQIF.[G]","",R,F,Semitryptic,"20"
"[K].MITGDQLAIGKETGRR.[L]","",K,R,Tryptic,"14"
"[V].HFLPFNPVDKR.[T]","",V,R,Semitryptic,"3"
"[M].ITGDQLAIGKETGR.[R]","",M,R,Semitryptic,"3"
"[K].AAHLVDSTNQVGHFQ.[K]","",K,Q,Semitryptic,"1"
"[A].DGFAGVFPEHKYEIVKK.[L]","",A,K,Semitryptic,"1"
"[K].VLSIIDKYAERGLR.[S]","",K,R,Tryptic,"5"
"[R].LLEGDPLKVDQSAL.[T]","",R,L,Semitryptic,"3"
"[R].EGLTTQEGEDRIQIFGPN.[K]","",R,N,Semitryptic,"1"
"[R].ALNLGVNVKMITGDQLAIGKETGR.[R]","1xDeamidated [Q15]",R,R,Tryptic,"1"
"[T].ALTYIDGSGNWHRVSK.[G]","",T,K,Semitryptic,"1"
"[R].LLEGDPLKVDQSALTGESLPVTK.[H]","",R,K,Tryptic,"4"
"[K].MITGDQLAIGKETGRR.[L]","1xOxidation [M1]",K,R,Tryptic,"15"
"[R].EVHFLPFNPVDKRTA.[L]","",R,A,Semitryptic,"1"
"[R].TLHGLQPKEAVNIFPEKGSYR.[E]","",R,R,Tryptic,"2"
"[K].LKGLDIETPSHYT.[V]","",K,T,Semitryptic,"1"
"[K].EAVNIFPEKGSYREL.[S]","",K,L,Semitryptic,"5"
"[K].GSYRELSEIAEQAKR.[R]","",K,R,Tryptic,"3"
"[E].TVDLEKIPIEEVFQQLKCSR.[E]","1xCarbamidomethyl [C18]; 1xDeamidated [Q14]",E,R,Semitryptic,"1"
"[K].GAPEQILELAKASNDLSK.[K]","",K,K,Tryptic,"5"
"[R].DGIDNLLVLLIGGIPIAMPTVLSVTMAIGS.[H]","3xPhospho [T20; S23; S30]",R,S,Semitryptic,"1"
"[E].TVDLEKIPIEEVFQQLK.[C]","",E,K,Semitryptic,"1"
"[R].EVHFLPFNPVDKRTAL.[T]","",R,L,Semitryptic,"1"
"[S].RVENQDAIDAAMVGMLADPKEAR.[A]","1xDeamidated [Q5]; 2xOxidation [M12; M15]",S,R,Semitryptic,"1"
"[T].YIDGSGNWHRVSK.[G]","",T,K,Semitryptic,"1"
"[I].DGSGNWHRVSK.[G]","",I,K,Semitryptic,"1"
"[R].ALNLGVNVKMITGDQLAIGK.[E]","",R,K,Tryptic,"2"
"[A].LAQRTLHGLQPK.[E]","",A,K,Semitryptic,"1"
"[K].LQERKHIVGMTGDGVNDAPALK.[K]","1xDeamidated [N16]",K,K,Tryptic,"2"
"[F].AGVFPEHKYEIVKK.[L]","",F,K,Semitryptic,"2"
"[G].DIVSIKLGDIIPADAR.[L]","",G,R,Semitryptic,"2"
"[L].EGDPLKVDQSALTGESLPVTK.[H]","",L,K,Semitryptic,"1"
"[N].VKMITGDQLAIGKETGR.[R]","1xOxidation [M3]",N,R,Semitryptic,"1"
"[S].KGAPEQILELAK.[A]","",S,K,Semitryptic,"1"
"[A].HLVDSTNQVGHFQK.[V]","",A,K,Semitryptic,"1"
"[R].LRELHTLKGHVE.[S]","",R,E,Semitryptic,"2"
"[R].ALNLGVNVKMITGDQLAIGKETGR.[R]","1xDeamidated [Q15]; 1xOxidation [M10]",R,R,Tryptic,"2"
"[K].HIVGMTGDGVNDAPALK.[K]","",K,K,Tryptic,"2"
"[R].LGMGTNMYPSSALLGTHKDANLA.[S]","",R,A,Semitryptic,"1"
"[E].KIPIEEVFQQLKCSR.[E]","1xCarbamidomethyl [C13]; 1xDeamidated [Q10]",E,R,Semitryptic,"1"
"[K].ASNDLSKKVLSIIDK.[Y]","",K,K,Tryptic,"1"
"[R].AGIREVHFLPFNPVDKR.[T]","1xDeamidated [N12]",R,R,Tryptic,"1"
"[R].ELHTLKGHVESVVK.[L]","",R,K,Tryptic,"1"
"[R].ELSEIAEQAKR.[R]","",R,R,Tryptic,"1"
"[R].ALNLGVNVKMITGDQLAIGK.[E]","1xOxidation [M10]",R,K,Tryptic,"1"
"[R].EGLTTQEGEDRIQ.[I]","",R,Q,Semitryptic,"11"
"[Q].EAAILVPGDIVSIK.[L]","",Q,K,Semitryptic,"3"
"[K].GAPEQILELAKAS.[N]","",K,S,Semitryptic,"5"
"[R].RALNLGVNVK.[M]","",R,K,Tryptic,"7"
"[K].GAPEQILELAKASNDLSKK.[V]","1xDeamidated [N14]",K,K,Tryptic,"1"
"[M].TGDGVNDAPALK.[K]","",M,K,Semitryptic,"11"
"[A].PEQILELAK.[A]","",A,K,Semitryptic,"2"
"[K].VLSIIDKYAER.[G]","",K,R,Tryptic,"13"
"[R].LLEGDPLKVDQSALTGE.[S]","1xDeamidated [Q11]",R,E,Semitryptic,"1"
"[K].RTALTYIDGSGNWHRVSK.[G]","",K,K,Tryptic,"1"
"[K].LKGLDIETPSHYTV.[-]","",K,V,Tryptic,"5"
"[K].LGDIIPADAR.[L]","",K,R,Tryptic,"44"
"[K].LSVDKNLVEVF.[C]","",K,F,Semitryptic,"2"
"[K].GHVESVVKLK.[G]","",K,K,Tryptic,"2"
"[I].TGDQLAIGKETGR.[R]","",I,R,Semitryptic,"2"
"[R].ALNLGVNVKMITGDQLAIGK.[E]","1xDeamidated [N3]",R,K,Tryptic,"1"
"[M].TGDGVNDAPALK.[K]","1xDeamidated [N6]",M,K,Semitryptic,"2"
"[K].GAPEQILELAKA.[S]","",K,A,Semitryptic,"3"
"[K].LGDIIPADARLL.[E]","",K,L,Semitryptic,"6"
"[K].GAPEQILELAK.[A]","",K,K,Tryptic,"24"
"[N].VKMITGDQLAIGK.[E]","",N,K,Semitryptic,"1"
"[R].EAQWALAQRTLHGLQPK.[E]","",R,K,Tryptic,"1"
"[L].TYIDGSGNWHRVSK.[G]","",L,K,Semitryptic,"1"
"[R].ELSEIAEQAK.[R]","",R,K,Tryptic,"6"
"[A].GVFPEHKYEIVK.[K]","",A,K,Semitryptic,"1"
"[K].KVLSIIDKY.[A]","",K,Y,Semitryptic,"2"
"[R].ELHTLKGHVESVVKLK.[G]","",R,K,Tryptic,"1"
"[R].VSKGAPEQILELA.[K]","",R,A,Semitryptic,"3"
"[L].EDIKNETVDLEK.[I]","",L,K,Semitryptic,"1"
"[K].EAVNIFPEK.[G]","",K,K,Tryptic,"9"
"[I].PVEELIEK.[A]","",I,K,Semitryptic,"3"
"[M].TGDGVNDAPALKK.[A]","",M,K,Semitryptic,"1"
"[A].MVGMLADPKEAR.[A]","2xOxidation [M1; M4]",A,R,Semitryptic,"6"
"[R].LLEGDPLKVDQS.[A]","",R,S,Semitryptic,"8"
"[K].GLDIETPSHYTV.[-]","",K,V,Tryptic,"13"
"[D].QLAIGKETGR.[R]","",D,R,Semitryptic,"1"
"[R].LLEGDPLKVDQSALTGESLPVTK.[H]","1xDeamidated [Q11]",R,K,Tryptic,"3"
"[R].EAQWALAQR.[T]","",R,R,Tryptic,"5"
"[A].MVGMLADPKEAR.[A]","1xOxidation [M1]",A,R,Semitryptic,"3"
"[K].GLDIETPSHYT.[V]","",K,T,Semitryptic,"6"
"[R].ALNLGVNVK.[M]","",R,K,Tryptic,"16"
"[R].EGLTTQEGEDR.[I]","",R,R,Tryptic,"2"
"[K].MITGDQLAIGK.[E]","",K,K,Tryptic,"13"
"[K].LGDIIPADARLLEGD.[P]","",K,D,Semitryptic,"1"
"[R].LLEGDPLKVDQSALT.[G]","",R,T,Semitryptic,"1"
"[R].TALTYIDGSGNWHRVSK.[G]","1xDeamidated [N11]",R,K,Tryptic,"2"
"[K].RMTAIEEMAGM.[D]","",K,M,Semitryptic,"1"
"[M].DVLCSDKTGTLTLNK.[L]","1xCarbamidomethyl [C4]",M,K,Semitryptic,"1"
"[T].GDGVNDAPALK.[K]","",T,K,Semitryptic,"3"
"[N].MYPSSALLGTHK.[D]","1xOxidation [M1]",N,K,Semitryptic,"2"
"[K].GSYRELSEIAEQAK.[R]","",K,K,Tryptic,"3"
"[L].KGLDIETPSHYTV.[-]","",L,V,Semitryptic,"2"
"[K].MITGDQLAIGK.[E]","1xOxidation [M1]",K,K,Tryptic,"11"
"[K].EAVNIFPEKGSYREL.[S]","1xDeamidated [N4]",K,L,Semitryptic,"1"
"[A].LNLGVNVK.[M]","",A,K,Semitryptic,"1"
"[R].EAQWALAQ.[R]","",R,Q,Semitryptic,"1"
"[G].MTGDGVNDAPALK.[K]","1xOxidation [M1]",G,K,Semitryptic,"1"
"[T].GDGVNDAPALK.[K]","1xDeamidated [N5]",T,K,Semitryptic,"1"
"[R].EGLTTQEGEDRIQI.[F]","",R,I,Semitryptic,"1"
"[A].LTYIDGSGNWHRVSK.[G]","",A,K,Semitryptic,"1"
"[K].WSEQEAAILVPGDIVSIK.[L]","",K,K,Tryptic,"2"
"[V].SIKLGDIIPADAR.[L]","",V,R,Semitryptic,"1"
"[L].SEIAEQAKR.[R]","",L,R,Semitryptic,"1"
"[L].MAGLAPKTK.[V]","",L,K,Semitryptic,"1"
"[K].GLDIETPSHY.[T]","",K,Y,Semitryptic,"1"
"[T].GDQLAIGKETGR.[R]","",T,R,Semitryptic,"1"
"[K].HPGQEVFSGS.[T]","",K,S,Semitryptic,"2"
"[E].AVVIATGVHTFFGK.[A]","",E,K,Semitryptic,"1"
"[A].AALMAGLAPK.[T]","1xOxidation [M4]",A,K,Semitryptic,"2"
"[D].PLKVDQSALTGESLPVTK.[H]","",D,K,Semitryptic,"1"
"[K].IPIEEVFQQLK.[C]","",K,K,Tryptic,"2"
"[K].VLRDGKWSEQE.[A]","",K,E,Semitryptic,"1"
"[K].GLDIETPSHYTV.[-]","1xPhospho [T/Y/S]",K,V,Tryptic,"6"
"[K].EAVNIFPEKGSYRELSEIA.[E]","",K,A,Semitryptic,"1"
"[I].TGDQLAIGKETGRR.[L]","",I,R,Semitryptic,"1"
"[K].RMTAIEEMAGMDVL.[C]","",K,L,Semitryptic,"1"
"[K].LKGLDIETPSHY.[T]","",K,Y,Semitryptic,"1"
"[D].GSGNWHRVSK.[G]","",D,K,Semitryptic,"1"
"[T].ALTYIDGSGNWHR.[V]","",T,R,Semitryptic,"1"
"[K].RMTAIEEMAGM.[D]","2xOxidation [M8; M11]",K,M,Semitryptic,"1"
"[K].GVEKDQVLLF.[A]","",K,F,Semitryptic,"1"
"[R].TLHGLQPK.[E]","",R,K,Tryptic,"2"
"[K].KVLSIIDK.[Y]","",K,K,Tryptic,"1"


Unique Semitryptics,Unique Tryptics,
120,70