Annotated Sequence,Modifications,Charge,Spectrum File,Precursor Abundance,Label?,XCorr,Rank
[-].mWSHPQFEK.[S],M1(Oxidation),3,220419_rerunJ1.raw,155992.703125,,2.00,1
[K].AAHLVDSTNQVGHFQK.[V],,3,220419_rerunJ1.raw,573090.375,,4.60,1
[K].AAHLVDSTNQVGHFQK.[V],,3,220419_rerunJ2.raw,643115.9375,,3.56,1
[K].AAHLVDSTNQVGHFQK.[V],,3,220419_rerunJ2.raw,643115.9375,,4.47,1
[K].AAHLVDSTNQVGHFQK.[V],,3,220419_rerunJ3.raw,602245.5625,,3.44,1
[K].AAHLVDSTNQVGHFQK.[V],,3,220419_rerunJ3.raw,602245.5625,,3.57,1
[K].AAHLVDSTNQVGHFQK.[V],,3,220419_rerunJ4.raw,1032106.4375,,3.30,1
[K].AAHLVDSTNQVGHFQK.[V],,3,220419_rerunJ4.raw,1032106.4375,,4.34,1
[K].AAHLVDSTNQVGHFQK.[V],,3,220419_rerunJ5.raw,1046332.0625,,3.75,1
[K].AAHLVDSTNQVGHFQK.[V],,3,220419_rerunJ5.raw,1046332.0625,,4.39,1
[K].AAHLVDSTNQVGHFQK.[V],,3,220419_rerunJ6.raw,787729.75,,2.81,1
[K].AAHLVDSTNQVGHFQK.[V],,3,220419_rerunJ6.raw,787729.75,,4.11,1
[K].AAHLVDSTNQVGHFQK.[V],,3,220419_rerunJ7.raw,724844.875,,2.64,1
[K].AAHLVDSTNQVGHFQK.[V],,3,220419_rerunJ7.raw,724844.875,,3.70,1
[K].AAHLVDSTNQVGHFQK.[V],,3,220419_rerunJ8.raw,504984.65625,,2.95,1
[K].AAHLVDSTNQVGHFQK.[V],,3,220419_rerunMB1.raw,452956.96875,,2.09,1
[K].AAHLVDSTNQVGHFQK.[V],,3,220419_rerunMB1.raw,452956.96875,,4.53,1
[K].AAHLVDSTNQVGHFQK.[V],,3,220419_rerunMB2.raw,407584.53125,,2.88,1
[K].AAHLVDSTNQVGHFQK.[V],,3,220419_rerunMB2.raw,407584.53125,,3.80,1
[K].AAHLVDSTNQVGHFQK.[V],,3,220419_rerunMB3.raw,690394.375,,4.33,1
[K].AAHLVDSTNQVGHFQK.[V],,3,220419_rerunMB4.raw,193878.109375,,2.55,1
[K].AAHLVDSTNQVGHFQK.[V],,3,220419_rerunMB4.raw,193878.109375,,3.43,1
[K].AAHLVDSTNQVGHFQK.[V],,3,220419_rerunMB5.raw,811522.6875,,2.52,1
[K].AAHLVDSTNQVGHFQK.[V],,3,220419_rerunMB5.raw,811522.6875,,4.56,1
[K].AAHLVDSTNQVGHFQK.[V],,3,220419_rerunMB6.raw,632865.8125,,2.50,1
[K].AAHLVDSTNQVGHFQK.[V],,3,220419_rerunMB6.raw,632865.8125,,4.40,1
[K].AAHLVDSTNQVGHFQK.[V],,3,220419_rerunMB7.raw,284733.90625,,2.89,1
[K].AAHLVDSTNQVGHFQK.[V],,3,220419_rerunMB7.raw,284733.90625,,3.40,1
[K].AAHLVDSTNQVGHFQK.[V],,3,220419_rerunMB8.raw,493879.84375,,3.12,1
[K].AAHLVDSTNQVGHFQK.[V],,3,220419_rerunMB8.raw,493879.84375,,4.55,1
[K].AAHLVDSTNQVGHFQK.[V],,3,220419_rerunSP1.raw,559788.375,,3.32,1
[K].AAHLVDSTNQVGHFQK.[V],,3,220419_rerunSP1.raw,559788.375,,3.92,1
[K].AAHLVDSTNQVGHFQK.[V],,3,220419_rerunSP2.raw,1068561.625,,2.99,1
[K].AAHLVDSTNQVGHFQK.[V],,3,220419_rerunSP2.raw,1068561.625,,4.07,1
[K].AAHLVDSTNQVGHFQK.[V],,3,220419_rerunSP3.raw,352104.375,,2.92,1
[K].AAHLVDSTNQVGHFQK.[V],,3,220419_rerunSP3.raw,352104.375,,3.68,1
[K].AAHLVDSTNQVGHFQK.[V],,3,220419_rerunSP4.raw,296808.5625,,2.04,1
[K].AAHLVDSTNQVGHFQK.[V],,3,220419_rerunSP4.raw,296808.5625,,3.00,1
[K].AAHLVDSTNQVGHFQK.[V],,3,220419_rerunSP7.raw,197415.078125,,2.33,1
[K].AAHLVDSTNQVGHFQK.[V],,3,220425_rerunSP5.raw,241502.078125,,2.60,1
[K].AAHLVDSTNQVGHFQK.[V],,4,220419_rerunJ5.raw,1020195.8125,,2.11,1
[K].AAHLVDSTNQVGHFQK.[V],,4,220419_rerunJ6.raw,854518.0625,,2.52,1
[K].AAHLVDSTNQVGHFQK.[V],,4,220419_rerunJ7.raw,693401.4375,,2.02,1
[K].AAHLVDSTNQVGHFQK.[V],,4,220419_rerunMB6.raw,701827.5625,,2.03,1
[K].AAHLVDSTNQVGHFQK.[V],,4,220419_rerunMB8.raw,517360.65625,,2.99,1
[K].AAHLVDSTNQVGHFQK.[V],,4,220419_rerunSP1.raw,648204,,2.27,1
[K].AAHLVDSTNQVGHFQK.[V],,4,220419_rerunSP2.raw,1066999.25,,2.47,1
[K].AAHLVDSTNQVGHFQK.[V],,4,220419_rerunSP2.raw,1066999.25,,2.68,1
[K].AAHLVDSTNQVGHFQK.[V],,4,220419_rerunSP4.raw,353592.59375,,2.25,1
[K].ADGFAGVFPEHK.[Y],,2,220419_rerunJ1.raw,1226296.75,,2.15,1
[K].ADGFAGVFPEHK.[Y],,2,220419_rerunJ8.raw,495970.03125,,2.65,1
[K].ADGFAGVFPEHK.[Y],,2,220419_rerunMB5.raw,1013949.5,,2.11,1
[K].ADGFAGVFPEHK.[Y],,2,220419_rerunMB6.raw,666092.0625,,2.98,1
[K].ADGFAGVFPEHK.[Y],,2,220419_rerunSP1.raw,881416.9375,,2.58,1
[K].ADGFAGVFPEHK.[Y],,2,220419_rerunSP2.raw,1201249.25,,2.49,1
[K].ADGFAGVFPEHK.[Y],,2,220419_rerunSP3.raw,481744.625,,2.43,1
[K].ADGFAGVFPEHK.[Y],,3,220419_rerunJ5.raw,1905795.625,,2.24,1
[K].ADGFAGVFPEHK.[Y],,3,220419_rerunJ6.raw,1374192.5,,2.22,1
[K].ADGFAGVFPEHK.[Y],,3,220419_rerunJ7.raw,1275193.25,,2.58,1
[K].AdGFAGVFPEHK.[Y],D2(GEE85),3,220419_rerunMB8.raw,119561.8203125,GEE,2.38,1
[K].AdGFAGVFPEHK.[Y],D2(GEE85),3,220419_rerunSP2.raw,89832.515625,GEE,2.39,1
[K].AdGFAGVFPEHK.[Y],D2(GEE85),3,220419_rerunSP4.raw,90857.6640625,GEE,2.16,1
[K].ADGFAGVFPeHK.[Y],E10(GEE85),3,220419_rerunMB8.raw,154397.640625,GEE,2.24,1
[K].ADGFAGVFPeHK.[Y],E10(GEE85),3,220419_rerunSP3.raw,66972.984375,GEE,2.37,1
[K].ADIGIAVADATDAAR.[G],,2,220419_rerunJ1.raw,1683293.25,,3.03,1
[K].ADIGIAVADATDAAR.[G],,2,220419_rerunJ1.raw,1683293.25,,3.27,1
[K].ADIGIAVADATDAAR.[G],,2,220419_rerunJ2.raw,1562580.625,,2.71,1
[K].ADIGIAVADATDAAR.[G],,2,220419_rerunJ2.raw,1562580.625,,4.00,1
[K].ADIGIAVADATDAAR.[G],,2,220419_rerunJ3.raw,840895.3125,,2.63,1
[K].ADIGIAVADATDAAR.[G],,2,220419_rerunJ4.raw,1411580,,2.98,1
[K].ADIGIAVADATDAAR.[G],,2,220419_rerunJ4.raw,1411580,,3.14,1
[K].ADIGIAVADATDAAR.[G],,2,220419_rerunJ5.raw,2374714,,2.96,1
[K].ADIGIAVADATDAAR.[G],,2,220419_rerunJ6.raw,1377838.875,,3.38,1
[K].ADIGIAVADATDAAR.[G],,2,220419_rerunJ7.raw,1035155.125,,3.04,1
[K].ADIGIAVADATDAAR.[G],,2,220419_rerunJ8.raw,730356.6875,,3.01,1
[K].ADIGIAVADATDAAR.[G],,2,220419_rerunMB1.raw,1002128.375,,2.92,1
[K].ADIGIAVADATDAAR.[G],,2,220419_rerunMB2.raw,956131.5625,,2.85,1
[K].ADIGIAVADATDAAR.[G],,2,220419_rerunMB2.raw,956131.5625,,2.99,1
[K].ADIGIAVADATDAAR.[G],,2,220419_rerunMB3.raw,1104933.625,,3.43,1
[K].ADIGIAVADATDAAR.[G],,2,220419_rerunMB4.raw,371460.875,,2.39,1
[K].ADIGIAVADATDAAR.[G],,2,220419_rerunMB5.raw,1968453.5,,2.68,1
[K].ADIGIAVADATDAAR.[G],,2,220419_rerunMB5.raw,1968453.5,,3.63,1
[K].ADIGIAVADATDAAR.[G],,2,220419_rerunMB6.raw,1338273.25,,3.02,1
[K].ADIGIAVADATDAAR.[G],,2,220419_rerunMB7.raw,654144.125,,2.00,1
[K].ADIGIAVADATDAAR.[G],,2,220419_rerunMB7.raw,654144.125,,2.90,1
[K].ADIGIAVADATDAAR.[G],,2,220419_rerunMB8.raw,1062551.125,,2.69,1
[K].ADIGIAVADATDAAR.[G],,2,220419_rerunSP1.raw,1356758.875,,2.94,1
[K].ADIGIAVADATDAAR.[G],,2,220419_rerunSP2.raw,1942649,,2.38,1
[K].ADIGIAVADATDAAR.[G],,2,220419_rerunSP2.raw,1942649,,3.04,1
[K].ADIGIAVADATDAAR.[G],,2,220419_rerunSP3.raw,781353.1875,,2.34,1
[K].ADIGIAVADATDAAR.[G],,2,220419_rerunSP3.raw,781353.1875,,2.76,1
[K].ADIGIAVADATDAAR.[G],,2,220419_rerunSP4.raw,757608.25,,2.53,1
[K].ADIGIAVADATDAAR.[G],,2,220419_rerunSP4.raw,757608.25,,2.87,1
[K].ADIGIAVADATDAAR.[G],,2,220419_rerunSP7.raw,562254.75,,2.80,1
[K].ADIGIAVADATDAAR.[G],,2,220419_rerunSP8.raw,235143.296875,,2.81,1
[K].ADIGIAVADATDAAR.[G],,2,220425_rerunSP5.raw,1000333.3125,,2.72,1
[K].ADIGIAVADATDAAR.[G],,2,220425_rerunSP6.raw,607209.5,,2.49,1
[K].ADIGIAVADATDAAR.[G],,2,220425_rerunSP6.raw,607209.5,,2.73,1
[K].ADIGIAVADATdAAR.[G],D12(GEE85),2,220419_rerunJ2.raw,93526.4921875,GEE,2.72,1
[K].ADIGIAVADATdAAR.[G],D12(GEE85),2,220419_rerunJ3.raw,94626.3125,GEE,2.58,1
[K].ADIGIAVADATdAAR.[G],D12(GEE85),2,220419_rerunJ4.raw,247378.296875,GEE,3.29,1
[K].ADIGIAVADATdAAR.[G],D12(GEE85),2,220419_rerunJ7.raw,131375.796875,GEE,2.60,1
[K].ADIGIAVADATdAAR.[G],D12(GEE85),2,220419_rerunJ8.raw,142719.6875,GEE,2.50,1
[K].ADIGIAVADATdAAR.[G],D12(GEE85),2,220419_rerunMB2.raw,66163.3125,GEE,2.52,1
[K].ADIGIAVADATdAAR.[G],D12(GEE85),2,220419_rerunMB3.raw,139362.15625,GEE,2.98,1
[K].ADIGIAVADATdAAR.[G],D12(GEE85),2,220419_rerunMB3.raw,87140.421875,GEE,2.49,1
[K].ADIGIAVADATdAAR.[G],D12(GEE85),2,220419_rerunMB4.raw,56289.375,GEE,2.44,1
[K].ADIGIAVADATdAAR.[G],D12(GEE85),2,220419_rerunMB7.raw,80342.4140625,GEE,2.92,1
[K].ADIGIAVADATdAAR.[G],D12(GEE85),2,220419_rerunMB8.raw,217584.96875,GEE,3.12,1
[K].ADIGIAVADATdAAR.[G],D12(GEE85),2,220419_rerunSP3.raw,116070.609375,GEE,2.43,1
[K].ADIGIAVADATdAAR.[G],D12(GEE85),2,220419_rerunSP7.raw,74839.0859375,GEE,2.97,1
[K].ADIGIAVADATdAAR.[G],D12(GEE85),2,220419_rerunSP8.raw,41681.09375,GEE,3.02,1
[K].AdIGIAVADATDAAR.[G],D2(GEE85),2,220419_rerunMB8.raw,74535.1328125,GEE,2.16,1
[K].ADIGIAVAdATDAAR.[G],D9(GEE85),2,220419_rerunJ4.raw,147507.421875,GEE,3.39,1
[K].ADIGIAVAdATDAAR.[G],D9(GEE85),2,220419_rerunJ6.raw,96564.8671875,GEE,2.51,1
[K].ADIGIAVAdATDAAR.[G],D9(GEE85),2,220419_rerunMB3.raw,87140.421875,GEE,2.35,1
[K].ADIGIAVAdATDAAR.[G],D9(GEE85),2,220419_rerunMB8.raw,92943.484375,GEE,2.82,1
[K].ADIGIAVAdATDAAR.[G],D9(GEE85),2,220419_rerunSP3.raw,52338.546875,GEE,3.14,1
[K].ADIGIAVAdATDAAR.[G],D9(GEE85),2,220419_rerunSP4.raw,77985.4296875,GEE,2.59,1
[K].AWLNLFENK.[T],,2,220419_rerunJ1.raw,505545.71875,,2.20,1
[K].AWLNLFENK.[T],,2,220419_rerunJ3.raw,321578.5,,2.10,1
[K].AWLNLFENK.[T],,2,220419_rerunJ4.raw,639918.5625,,2.21,1
[K].AWLNLFENK.[T],,2,220419_rerunJ5.raw,723331.3125,,2.00,1
[K].AWLNLFENK.[T],,2,220419_rerunJ6.raw,489180.21875,,2.06,1
[K].AWLNLFENK.[T],,2,220419_rerunJ8.raw,393535.59375,,2.37,1
[K].AWLNLFENK.[T],,2,220419_rerunMB1.raw,508290.34375,,2.27,1
[K].AWLNLFENK.[T],,2,220419_rerunMB2.raw,400808.71875,,2.01,1
[K].AWLNLFENK.[T],,2,220419_rerunMB2.raw,400808.71875,,2.30,1
[K].AWLNLFENK.[T],,2,220419_rerunMB3.raw,588755.1875,,2.18,1
[K].AWLNLFENK.[T],,2,220419_rerunMB4.raw,193616.765625,,2.05,1
[K].AWLNLFENK.[T],,2,220419_rerunMB4.raw,193616.765625,,2.11,1
[K].AWLNLFENK.[T],,2,220419_rerunMB5.raw,901981.4375,,2.16,1
[K].AWLNLFENK.[T],,2,220419_rerunMB6.raw,606094.1875,,2.14,1
[K].AWLNLFENK.[T],,2,220419_rerunMB6.raw,606094.1875,,2.22,1
[K].AWLNLFENK.[T],,2,220419_rerunMB8.raw,619162.8125,,2.24,1
[K].AWLNLFENK.[T],,2,220419_rerunSP3.raw,412767.65625,,2.23,1
[K].AWLNLFENK.[T],,2,220419_rerunSP4.raw,260698.421875,,2.10,1
[K].AWLNLFENK.[T],,2,220419_rerunSP4.raw,260698.421875,,2.19,1
[K].AWLNLFENK.[T],,2,220425_rerunSP5.raw,360660.875,,2.06,1
[K].AWLNLFENK.[T],,2,220425_rerunSP6.raw,212076.640625,,2.05,1
[K].DANLASIPVEELIEK.[A],,2,220419_rerunJ1.raw,1714733.125,,2.57,1
[K].DANLASIPVEELIEK.[A],,2,220419_rerunJ1.raw,1714733.125,,2.76,1
[K].DANLASIPVEELIEK.[A],,2,220419_rerunJ2.raw,1340462.5,,2.95,1
[K].DANLASIPVEELIEK.[A],,2,220419_rerunJ2.raw,1340462.5,,2.95,1
[K].DANLASIPVEELIEK.[A],,2,220419_rerunJ3.raw,842138.4375,,2.23,1
[K].DANLASIPVEELIEK.[A],,2,220419_rerunJ3.raw,842138.4375,,2.39,1
[K].DANLASIPVEELIEK.[A],,2,220419_rerunJ4.raw,1179458,,3.02,1
[K].DANLASIPVEELIEK.[A],,2,220419_rerunJ5.raw,1962969.25,,2.25,1
[K].DANLASIPVEELIEK.[A],,2,220419_rerunJ5.raw,1962969.25,,2.47,1
[K].DANLASIPVEELIEK.[A],,2,220419_rerunJ6.raw,1037595.6875,,2.53,1
[K].DANLASIPVEELIEK.[A],,2,220419_rerunJ6.raw,1037595.6875,,2.70,1
[K].DANLASIPVEELIEK.[A],,2,220419_rerunJ7.raw,876228.0625,,2.18,1
[K].DANLASIPVEELIEK.[A],,2,220419_rerunJ7.raw,876228.0625,,2.83,1
[K].DANLASIPVEELIEK.[A],,2,220419_rerunJ8.raw,640902.8125,,2.24,1
[K].DANLASIPVEELIEK.[A],,2,220419_rerunJ8.raw,640902.8125,,2.73,1
[K].DANLASIPVEELIEK.[A],,2,220419_rerunMB1.raw,911084.75,,2.33,1
[K].DANLASIPVEELIEK.[A],,2,220419_rerunMB1.raw,911084.75,,3.15,1
[K].DANLASIPVEELIEK.[A],,2,220419_rerunMB2.raw,762360.5,,2.32,1
[K].DANLASIPVEELIEK.[A],,2,220419_rerunMB3.raw,958237.9375,,2.17,1
[K].DANLASIPVEELIEK.[A],,2,220419_rerunMB3.raw,958237.9375,,3.07,1
[K].DANLASIPVEELIEK.[A],,2,220419_rerunMB5.raw,2118318,,2.07,1
[K].DANLASIPVEELIEK.[A],,2,220419_rerunMB5.raw,2118318,,2.39,1
[K].DANLASIPVEELIEK.[A],,2,220419_rerunMB7.raw,407095.9375,,2.19,1
[K].DANLASIPVEELIEK.[A],,2,220419_rerunMB8.raw,942757.3125,,2.88,1
[K].DANLASIPVEELIEK.[A],,2,220419_rerunMB8.raw,942757.3125,,3.28,1
[K].DANLASIPVEELIEK.[A],,2,220419_rerunSP1.raw,1156377.625,,2.51,1
[K].DANLASIPVEELIEK.[A],,2,220419_rerunSP2.raw,1576362.125,,2.58,1
[K].DANLASIPVEELIEK.[A],,2,220419_rerunSP4.raw,581672.25,,2.39,1
[K].DANLASIPVEELIEK.[A],,2,220419_rerunSP7.raw,517718.5625,,2.81,1
[K].DANLASIPVEELIEK.[A],,2,220425_rerunSP5.raw,1084835,,2.08,1
[K].DANLASIPVEELIEK.[A],,2,220425_rerunSP5.raw,1084835,,2.49,1
[K].DANLASIPVEELIEK.[A],,2,220425_rerunSP5.raw,1084835,,3.07,1
[K].DANLASIPVEELIEK.[A],,2,220425_rerunSP6.raw,604365.1875,,2.16,1
[K].DANLASIPVEELIEK.[A],,2,220425_rerunSP6.raw,604365.1875,,2.65,1
[K].DANLASIPVEELIeK.[A],E14(GEE85),2,220419_rerunJ4.raw,265099,GEE,2.96,1
[K].DANLASIPVEELIeK.[A],E14(GEE85),2,220419_rerunSP4.raw,240389.171875,GEE,2.91,1
[K].DANLASIPVEELIEKADGFAGVFPEHK.[Y],,3,220419_rerunJ1.raw,128393.8984375,,2.49,1
[K].DANLASIPVEELIEKADGFAGVFPEHK.[Y],,3,220419_rerunJ1.raw,128393.8984375,,3.42,1
[K].DANLASIPVEELIEKADGFAGVFPEHK.[Y],,3,220419_rerunJ5.raw,185990.140625,,2.83,1
[K].DANLASIPVEELIEKADGFAGVFPEHK.[Y],,3,220419_rerunJ5.raw,185990.140625,,3.74,1
[K].DANLASIPVEELIEKADGFAGVFPEHK.[Y],,3,220419_rerunMB2.raw,29556.1484375,,2.71,1
[K].DANLASIPVEELIEKADGFAGVFPEHK.[Y],,3,220419_rerunSP1.raw,102006.546875,,3.96,1
[K].DANLASIPVEELIEKADGFAGVFPEHK.[Y],,3,220425_rerunSP6.raw,60241.73046875,,3.64,1
[K].DANLASIPVEELIEKADGFAGVFPEHK.[Y],,4,220419_rerunJ1.raw,153257.625,,3.54,1
[K].DANLASIPVEELIEKADGFAGVFPEHK.[Y],,4,220419_rerunJ2.raw,261780.125,,4.73,1
[K].DANLASIPVEELIEKADGFAGVFPEHK.[Y],,4,220419_rerunJ5.raw,237645.296875,,2.87,1
[K].DANLASIPVEELIEKADGFAGVFPEHK.[Y],,4,220419_rerunJ5.raw,237645.296875,,3.35,1
[K].DANLASIPVEELIEKADGFAGVFPEHK.[Y],,4,220419_rerunSP1.raw,109550.453125,,4.59,1
[K].DAnLASIPVEELIEKADGFAGVFPEHK.[Y],N3(Deamidated),4,220425_rerunSP5.raw,,,2.89,1
[K].EAVNIFPEK.[G],,2,220419_rerunJ1.raw,1320297,,2.30,1
[K].EAVNIFPEK.[G],,2,220419_rerunJ1.raw,1320297,,2.38,1
[K].EAVNIFPEK.[G],,2,220419_rerunJ2.raw,,,2.23,1
[K].EAVNIFPEK.[G],,2,220419_rerunJ2.raw,,,2.44,1
[K].EAVNIFPEK.[G],,2,220419_rerunJ3.raw,294551.46875,,2.43,1
[K].EAVNIFPEK.[G],,2,220419_rerunJ3.raw,294551.46875,,2.57,1
[K].EAVNIFPEK.[G],,2,220419_rerunJ4.raw,1426044.375,,2.23,1
[K].EAVNIFPEK.[G],,2,220419_rerunJ4.raw,1426044.375,,2.40,1
[K].EAVNIFPEK.[G],,2,220419_rerunJ5.raw,2011899,,2.18,1
[K].EAVNIFPEK.[G],,2,220419_rerunJ5.raw,2011899,,2.23,1
[K].EAVNIFPEK.[G],,2,220419_rerunJ5.raw,2011899,,2.31,1
[K].EAVNIFPEK.[G],,2,220419_rerunJ6.raw,1348432.875,,2.02,1
[K].EAVNIFPEK.[G],,2,220419_rerunJ6.raw,1348432.875,,2.38,1
[K].EAVNIFPEK.[G],,2,220419_rerunJ7.raw,1098435.75,,2.14,1
[K].EAVNIFPEK.[G],,2,220419_rerunJ7.raw,1098435.75,,2.53,1
[K].EAVNIFPEK.[G],,2,220419_rerunJ8.raw,,,2.27,1
[K].EAVNIFPEK.[G],,2,220419_rerunJ8.raw,,,2.33,1
[K].EAVNIFPEK.[G],,2,220419_rerunMB1.raw,866476.5625,,2.37,1
[K].EAVNIFPEK.[G],,2,220419_rerunMB1.raw,866476.5625,,2.50,1
[K].EAVNIFPEK.[G],,2,220419_rerunMB2.raw,693595.1875,,2.28,1
[K].EAVNIFPEK.[G],,2,220419_rerunMB2.raw,693595.1875,,2.41,1
[K].EAVNIFPEK.[G],,2,220419_rerunMB3.raw,,,2.37,1
[K].EAVNIFPEK.[G],,2,220419_rerunMB3.raw,,,2.46,1
[K].EAVNIFPEK.[G],,2,220419_rerunMB4.raw,275514.625,,2.14,1
[K].EAVNIFPEK.[G],,2,220419_rerunMB4.raw,275514.625,,2.26,1
[K].EAVNIFPEK.[G],,2,220419_rerunMB5.raw,1638629.5,,2.38,1
[K].EAVNIFPEK.[G],,2,220419_rerunMB5.raw,1638629.5,,2.46,1
[K].EAVNIFPEK.[G],,2,220419_rerunMB6.raw,230512.875,,2.36,1
[K].EAVNIFPEK.[G],,2,220419_rerunMB6.raw,230512.875,,2.42,1
[K].EAVNIFPEK.[G],,2,220419_rerunMB7.raw,492016.9375,,2.31,1
[K].EAVNIFPEK.[G],,2,220419_rerunMB7.raw,492016.9375,,2.38,1
[K].EAVNIFPEK.[G],,2,220419_rerunMB8.raw,866289.9375,,2.45,1
[K].EAVNIFPEK.[G],,2,220419_rerunMB8.raw,866289.9375,,2.46,1
[K].EAVNIFPEK.[G],,2,220419_rerunSP1.raw,1123403.625,,2.12,1
[K].EAVNIFPEK.[G],,2,220419_rerunSP1.raw,1123403.625,,2.18,1
[K].EAVNIFPEK.[G],,2,220419_rerunSP2.raw,1489478.25,,2.08,1
[K].EAVNIFPEK.[G],,2,220419_rerunSP2.raw,1489478.25,,2.32,1
[K].EAVNIFPEK.[G],,2,220419_rerunSP3.raw,,,2.08,1
[K].EAVNIFPEK.[G],,2,220419_rerunSP3.raw,,,2.22,1
[K].EAVNIFPEK.[G],,2,220419_rerunSP4.raw,538259.625,,2.08,1
[K].EAVNIFPEK.[G],,2,220419_rerunSP4.raw,538259.625,,2.12,1
[K].EAVNIFPEK.[G],,2,220419_rerunSP7.raw,,,2.21,1
[K].EAVNIFPEK.[G],,2,220419_rerunSP8.raw,131244.8125,,2.01,1
[K].EAVNIFPEK.[G],,2,220425_rerunSP5.raw,,,2.37,1
[K].EAVNIFPEK.[G],,2,220425_rerunSP5.raw,,,2.48,1
[K].EAVNIFPEK.[G],,2,220425_rerunSP6.raw,425247.4375,,2.34,1
[K].EAVNIFPeK.[G],E8(GEE85),2,220419_rerunSP7.raw,135563.5625,GEE,2.14,1
[K].ESPGAPWEFVGLLPLFDPPRHDSAETIR.[R],,4,220419_rerunJ1.raw,228833.84375,,2.77,1
[K].ESPGAPWEFVGLLPLFDPPRHDSAETIR.[R],,4,220419_rerunJ1.raw,228833.84375,,3.11,1
[K].ESPGAPWEFVGLLPLFDPPRHDSAETIR.[R],,4,220419_rerunJ3.raw,89305.5859375,,2.64,1
[K].ESPGAPWEFVGLLPLFDPPRHDSAETIR.[R],,4,220419_rerunJ4.raw,155585.84375,,3.01,1
[K].ESPGAPWEFVGLLPLFDPPRHDSAETIR.[R],,4,220419_rerunJ5.raw,323994.3125,,2.32,1
[K].ESPGAPWEFVGLLPLFDPPRHDSAETIR.[R],,4,220419_rerunJ5.raw,323994.3125,,2.33,1
[K].ESPGAPWEFVGLLPLFDPPRHDSAETIR.[R],,4,220419_rerunJ6.raw,137045.203125,,2.80,1
[K].ESPGAPWEFVGLLPLFDPPRHDSAETIR.[R],,4,220419_rerunMB7.raw,51667.93359375,,2.68,1
[K].ESPGAPWEFVGLLPLFDPPRHDSAETIR.[R],,4,220419_rerunSP2.raw,296155.6875,,3.27,1
[K].ESPGAPWEFVGLLPLFDPPRHDSAETIR.[R],,4,220419_rerunSP3.raw,75562.8671875,,4.00,1
[K].ESPGAPWEFVGLLPLFDPPRHDSAETIR.[R],,4,220425_rerunSP5.raw,239851.578125,,2.00,1
[K].ESPGAPWEFVGLLPLFDPPRHDSAETIR.[R],,4,220425_rerunSP5.raw,239851.578125,,3.16,1
[K].ESPGAPWEFVGLLPLFDPPRHDSAETIR.[R],,4,220425_rerunSP6.raw,123373.40625,,2.24,1
[K].ESPGAPWEFVGLLPLFDPPRHDSAETIR.[R],,4,220425_rerunSP6.raw,123373.40625,,3.42,1
[K].eSPGAPWEFVGLLPLFDPPRHDSAETIR.[R],E1(GEE85),4,220419_rerunJ4.raw,90561.390625,GEE,2.79,1
[K].ESPGAPWEFVGLLPLFDPPRHDSAETIRR.[A],,4,220419_rerunJ5.raw,166267.84375,,2.78,1
[K].ESPGAPWEFVGLLPLFDPPRHDSAETIRR.[A],,4,220419_rerunSP1.raw,162575.1875,,3.33,1
[K].ESPGAPWEFVGLLPLFDPPRHDSAETIRR.[A],,5,220419_rerunJ5.raw,254606.53125,,3.01,1
[K].ESPGAPWEFVGLLPLFDPPRHDSAETIRR.[A],,5,220419_rerunSP1.raw,231324.40625,,3.05,1
[K].ESPGAPWEFVGLLPLFDPPRHDSAETIRR.[A],,5,220419_rerunSP2.raw,193272.015625,,2.90,1
[K].GAPEQILELAK.[A],,2,220419_rerunJ1.raw,3253112,,2.10,1
[K].GAPEQILELAK.[A],,2,220419_rerunJ1.raw,3253112,,2.38,1
[K].GAPEQILELAK.[A],,2,220419_rerunJ1.raw,3253112,,2.62,1
[K].GAPEQILELAK.[A],,2,220419_rerunJ2.raw,3379160.5,,2.44,1
[K].GAPEQILELAK.[A],,2,220419_rerunJ2.raw,3379160.5,,2.62,1
[K].GAPEQILELAK.[A],,2,220419_rerunJ3.raw,3012984,,2.57,1
[K].GAPEQILELAK.[A],,2,220419_rerunJ3.raw,3012984,,2.79,1
[K].GAPEQILELAK.[A],,2,220419_rerunJ4.raw,3736842.25,,2.32,1
[K].GAPEQILELAK.[A],,2,220419_rerunJ4.raw,3736842.25,,2.35,1
[K].GAPEQILELAK.[A],,2,220419_rerunJ4.raw,3736842.25,,2.61,1
[K].GAPEQILELAK.[A],,2,220419_rerunJ5.raw,4289547,,2.28,1
[K].GAPEQILELAK.[A],,2,220419_rerunJ5.raw,4289547,,2.41,1
[K].GAPEQILELAK.[A],,2,220419_rerunJ6.raw,2759291.25,,2.29,1
[K].GAPEQILELAK.[A],,2,220419_rerunJ6.raw,2759291.25,,2.37,1
[K].GAPEQILELAK.[A],,2,220419_rerunJ6.raw,2759291.25,,2.76,1
[K].GAPEQILELAK.[A],,2,220419_rerunJ7.raw,2460906.25,,2.37,1
[K].GAPEQILELAK.[A],,2,220419_rerunJ7.raw,2460906.25,,2.58,1
[K].GAPEQILELAK.[A],,2,220419_rerunJ7.raw,2460906.25,,2.81,1
[K].GAPEQILELAK.[A],,2,220419_rerunJ8.raw,2176262,,2.38,1
[K].GAPEQILELAK.[A],,2,220419_rerunJ8.raw,2176262,,2.44,1
[K].GAPEQILELAK.[A],,2,220419_rerunMB1.raw,2197019.5,,2.03,1
[K].GAPEQILELAK.[A],,2,220419_rerunMB1.raw,2197019.5,,2.71,1
[K].GAPEQILELAK.[A],,2,220419_rerunMB1.raw,2197019.5,,2.75,1
[K].GAPEQILELAK.[A],,2,220419_rerunMB2.raw,1968803.875,,2.49,1
[K].GAPEQILELAK.[A],,2,220419_rerunMB2.raw,1968803.875,,2.64,1
[K].GAPEQILELAK.[A],,2,220419_rerunMB3.raw,2547292,,2.34,1
[K].GAPEQILELAK.[A],,2,220419_rerunMB3.raw,2547292,,2.39,1
[K].GAPEQILELAK.[A],,2,220419_rerunMB3.raw,2547292,,2.69,1
[K].GAPEQILELAK.[A],,2,220419_rerunMB4.raw,995477.4375,,2.24,1
[K].GAPEQILELAK.[A],,2,220419_rerunMB4.raw,995477.4375,,2.47,1
[K].GAPEQILELAK.[A],,2,220419_rerunMB4.raw,995477.4375,,2.53,1
[K].GAPEQILELAK.[A],,2,220419_rerunMB5.raw,3593030.75,,2.28,1
[K].GAPEQILELAK.[A],,2,220419_rerunMB5.raw,3593030.75,,2.61,1
[K].GAPEQILELAK.[A],,2,220419_rerunMB5.raw,3593030.75,,2.62,1
[K].GAPEQILELAK.[A],,2,220419_rerunMB6.raw,2477270.75,,2.40,1
[K].GAPEQILELAK.[A],,2,220419_rerunMB6.raw,2477270.75,,2.58,1
[K].GAPEQILELAK.[A],,2,220419_rerunMB6.raw,2477270.75,,2.69,1
[K].GAPEQILELAK.[A],,2,220419_rerunMB7.raw,1521253.125,,2.07,1
[K].GAPEQILELAK.[A],,2,220419_rerunMB7.raw,1521253.125,,2.09,1
[K].GAPEQILELAK.[A],,2,220419_rerunMB7.raw,1521253.125,,2.30,1
[K].GAPEQILELAK.[A],,2,220419_rerunMB7.raw,1521253.125,,2.61,1
[K].GAPEQILELAK.[A],,2,220419_rerunMB8.raw,2757457.75,,2.00,1
[K].GAPEQILELAK.[A],,2,220419_rerunMB8.raw,2757457.75,,2.15,1
[K].GAPEQILELAK.[A],,2,220419_rerunMB8.raw,2757457.75,,2.39,1
[K].GAPEQILELAK.[A],,2,220419_rerunSP1.raw,2156833.25,,2.47,1
[K].GAPEQILELAK.[A],,2,220419_rerunSP1.raw,2156833.25,,2.54,1
[K].GAPEQILELAK.[A],,2,220419_rerunSP2.raw,3536938.5,,2.05,1
[K].GAPEQILELAK.[A],,2,220419_rerunSP2.raw,3536938.5,,2.18,1
[K].GAPEQILELAK.[A],,2,220419_rerunSP3.raw,1755771.125,,2.17,1
[K].GAPEQILELAK.[A],,2,220419_rerunSP4.raw,1609463.25,,2.04,1
[K].GAPEQILELAK.[A],,2,220419_rerunSP4.raw,1609463.25,,2.11,1
[K].GAPEQILELAK.[A],,2,220419_rerunSP7.raw,978310.3125,,2.04,1
[K].GAPEQILELAK.[A],,2,220419_rerunSP8.raw,355382.4375,,2.07,1
[K].GAPEQILELAK.[A],,2,220419_rerunSP8.raw,355382.4375,,2.08,1
[K].GAPEQILELAK.[A],,2,220425_rerunSP5.raw,1459583.75,,2.11,1
[K].GAPEQILELAK.[A],,2,220425_rerunSP5.raw,1459583.75,,2.35,1
[K].GAPEQILELAK.[A],,2,220425_rerunSP6.raw,889976.0625,,2.27,1
[K].GAPEQILELAK.[A],,2,220425_rerunSP6.raw,889976.0625,,2.45,1
[K].GAPeQILELAK.[A],E4(GEE85),2,220419_rerunSP2.raw,210741.09375,GEE,2.04,1
[K].GAPEQILeLAK.[A],E8(GEE85),2,220419_rerunJ8.raw,178326.515625,GEE,2.06,1
[K].GHVESVVK.[L],,2,220419_rerunJ2.raw,712095.75,,2.33,1
[K].GLDIETPSHYTV.[-],,2,220419_rerunJ5.raw,1397565.5,,2.38,1
[K].GLDIETPSHYTV.[-],,2,220419_rerunJ6.raw,770460.8125,,2.34,1
[K].GLDIETPSHYTV.[-],,2,220419_rerunMB1.raw,876730.5625,,2.16,1
[K].GLDIETPSHYTV.[-],,2,220419_rerunMB5.raw,1316843.75,,2.15,1
[K].GLDIETPSHYTV.[-],,2,220419_rerunMB5.raw,1316843.75,,2.48,1
[K].GLDIETPSHYTV.[-],,2,220419_rerunSP1.raw,801648.6875,,2.15,1
[K].GLDIETPSHYTV.[-],,2,220419_rerunSP2.raw,1063098.125,,2.21,1
[K].GLDIETPSHYTV.[-],,2,220425_rerunSP5.raw,531423.5625,,2.20,1
[K].GVEKDQVLLFAAMASR.[V],,3,220419_rerunJ7.raw,94666.4375,,2.16,1
[K].GVEKDQVLLFAAMASR.[V],,3,220419_rerunSP1.raw,127665.6484375,,2.98,1
[K].GVEKDQVLLFAAMASR.[V],,3,220419_rerunSP2.raw,165548.984375,,3.28,1
[K].GVEKDQVLLFAAMASR.[V],,3,220419_rerunSP3.raw,90675.46875,,3.45,1
[K].GVEKDQVLLFAAMASR.[V],,3,220419_rerunSP4.raw,91478.9921875,,3.43,1
[K].GVEKDQVLLFAAMASR.[V],,3,220419_rerunSP7.raw,81428.8515625,,3.56,1
[K].GVEKDQVLLFAAmASR.[V],M13(Oxidation),3,220425_rerunSP5.raw,,,2.63,1
[K].HPGQEVFSGSTcK.[Q],C12(Carboxymethyl),2,220419_rerunJ1.raw,206688.359375,,2.50,1
[K].HPGQEVFSGSTcK.[Q],C12(Carboxymethyl),2,220419_rerunJ2.raw,226059.6875,,2.41,1
[K].HPGQEVFSGSTcK.[Q],C12(Carboxymethyl),2,220419_rerunJ4.raw,274212.375,,2.77,1
[K].HPGQEVFSGSTcK.[Q],C12(Carboxymethyl),2,220419_rerunJ5.raw,309908.53125,,2.29,1
[K].HPGQEVFSGSTcK.[Q],C12(Carboxymethyl),2,220419_rerunJ6.raw,195973.078125,,2.12,1
[K].HPGQEVFSGSTcK.[Q],C12(Carboxymethyl),2,220419_rerunMB5.raw,196792.234375,,3.54,1
[K].HPGQEVFSGSTcK.[Q],C12(Carboxymethyl),2,220419_rerunMB6.raw,171641.109375,,2.13,1
[K].HPGQEVFSGSTcK.[Q],C12(Carboxymethyl),2,220419_rerunMB8.raw,144897.953125,,2.09,1
[K].HPGQEVFSGSTcK.[Q],C12(Carboxymethyl),2,220419_rerunSP1.raw,193544.625,,2.61,1
[K].HPGQEVFSGSTcK.[Q],C12(Carboxymethyl),2,220419_rerunSP2.raw,544024.3125,,3.31,1
[K].HPGQEVFSGSTcK.[Q],C12(Carboxymethyl),2,220419_rerunSP3.raw,183587.46875,,2.29,1
[K].HPGQEVFSGSTcK.[Q],C12(Carboxymethyl),2,220419_rerunSP4.raw,157335.09375,,2.62,1
[K].HPGQEVFSGSTcK.[Q],C12(Carboxymethyl),2,220425_rerunSP5.raw,81321.9375,,2.16,1
[K].HPGQEVFSGSTcK.[Q],C12(Carboxymethyl),3,220419_rerunJ4.raw,287632.09375,,2.32,1
[K].HPGQEVFSGSTcK.[Q],C12(Carboxymethyl),3,220419_rerunJ5.raw,292848,,2.36,1
[K].HPGQEVFSGSTcK.[Q],C12(Carboxymethyl),3,220419_rerunJ6.raw,186369.203125,,2.21,1
[K].HPGQEVFSGSTcK.[Q],C12(Carboxymethyl),3,220419_rerunMB3.raw,273825.15625,,2.22,1
[K].HPGQEVFSGSTcK.[Q],C12(Carboxymethyl),3,220419_rerunMB6.raw,191663.703125,,2.13,1
[K].HPGQEVFSGSTcK.[Q],C12(Carboxymethyl),3,220419_rerunSP3.raw,209087.65625,,2.27,1
[K].IPIEEVFQQLK.[C],,2,220419_rerunJ4.raw,912846.3125,,2.89,1
[K].IPIEEVFQQLK.[C],,2,220419_rerunJ6.raw,596771.1875,,2.99,1
[K].IPIEEVFQQLK.[C],,2,220419_rerunJ7.raw,628105.6875,,2.48,1
[K].IPIEEVFQQLK.[C],,2,220419_rerunJ8.raw,537051.6875,,2.69,1
[K].IPIEEVFQQLK.[C],,2,220419_rerunMB2.raw,364476,,2.57,1
[K].IPIEEVFQQLK.[C],,2,220419_rerunMB3.raw,654847.625,,2.73,1
[K].IPIEEVFQQLK.[C],,2,220419_rerunMB6.raw,555276.5,,2.63,1
[K].IPIEEVFQQLK.[C],,2,220419_rerunSP3.raw,465166.96875,,2.44,1
[K].IPIEEVFQQLK.[C],,2,220419_rerunSP7.raw,264319.375,,2.44,1
[K].IPIEEVFQQLK.[C],,2,220419_rerunSP8.raw,126690.9296875,,2.21,1
[K].IPIEEVFQQLK.[C],,2,220425_rerunSP5.raw,235371.140625,,2.65,1
[K].IPIEEVFQQLK.[C],,2,220425_rerunSP6.raw,216722.46875,,2.18,1
[K].IPIEeVFQQLK.[C],E5(GEE85),2,220419_rerunJ4.raw,136737.171875,GEE,2.32,1
[K].IPIEeVFQQLK.[C],E5(GEE85),2,220419_rerunJ8.raw,96270.6328125,GEE,2.14,1
[K].IPIEeVFQQLK.[C],E5(GEE85),2,220419_rerunMB3.raw,112252.390625,GEE,2.06,1
[K].IPIEeVFQQLK.[C],E5(GEE85),2,220419_rerunMB7.raw,32749.720703125,GEE,2.47,1
[K].IPIEeVFQQLK.[C],E5(GEE85),2,220419_rerunMB8.raw,86409.6796875,GEE,2.35,1
[K].KADIGIAVADATDAAR.[G],,2,220419_rerunJ1.raw,348370.3125,,2.17,1
[K].KADIGIAVADATDAAR.[G],,2,220419_rerunJ1.raw,348370.3125,,2.60,1
[K].KADIGIAVADATDAAR.[G],,2,220419_rerunJ1.raw,348370.3125,,2.79,1
[K].KADIGIAVADATDAAR.[G],,2,220419_rerunJ2.raw,313084.375,,2.34,1
[K].KADIGIAVADATDAAR.[G],,2,220419_rerunJ2.raw,313084.375,,2.81,1
[K].KADIGIAVADATDAAR.[G],,2,220419_rerunJ3.raw,349878.59375,,2.51,1
[K].KADIGIAVADATDAAR.[G],,2,220419_rerunJ3.raw,349878.59375,,3.12,1
[K].KADIGIAVADATDAAR.[G],,2,220419_rerunJ5.raw,679051.0625,,2.45,1
[K].KADIGIAVADATDAAR.[G],,2,220419_rerunJ7.raw,255193.296875,,2.55,1
[K].KADIGIAVADATDAAR.[G],,2,220419_rerunJ8.raw,170925.28125,,2.45,1
[K].KADIGIAVADATDAAR.[G],,2,220419_rerunMB1.raw,139890.984375,,2.39,1
[K].KADIGIAVADATDAAR.[G],,2,220419_rerunMB1.raw,139890.984375,,2.55,1
[K].KADIGIAVADATDAAR.[G],,2,220419_rerunMB2.raw,150628.875,,2.40,1
[K].KADIGIAVADATDAAR.[G],,2,220419_rerunMB2.raw,150628.875,,2.52,1
[K].KADIGIAVADATDAAR.[G],,2,220419_rerunMB5.raw,394897.3125,,3.21,1
[K].KADIGIAVADATDAAR.[G],,2,220419_rerunMB6.raw,150429.296875,,2.66,1
[K].KADIGIAVADATDAAR.[G],,2,220419_rerunMB8.raw,114387.4765625,,3.00,1
[K].KADIGIAVADATDAAR.[G],,2,220419_rerunSP1.raw,271177.90625,,3.19,1
[K].KADIGIAVADATDAAR.[G],,2,220419_rerunSP2.raw,401976.78125,,3.22,1
[K].KADIGIAVADATDAAR.[G],,2,220419_rerunSP3.raw,133622.890625,,2.17,1
[K].KADIGIAVADATDAAR.[G],,2,220419_rerunSP3.raw,133622.890625,,2.28,1
[K].KADIGIAVADATDAAR.[G],,2,220419_rerunSP3.raw,133622.890625,,2.93,1
[K].KADIGIAVADATDAAR.[G],,2,220419_rerunSP4.raw,123692.6953125,,2.18,1
[K].KADIGIAVADATDAAR.[G],,2,220419_rerunSP7.raw,49559.03125,,2.04,1
[K].KADIGIAVADATDAAR.[G],,3,220419_rerunJ2.raw,589160.6875,,3.32,1
[K].KADIGIAVADATDAAR.[G],,3,220419_rerunJ3.raw,621745.25,,2.90,1
[K].KADIGIAVADATDAAR.[G],,3,220419_rerunJ3.raw,621745.25,,3.60,1
[K].KADIGIAVADATDAAR.[G],,3,220419_rerunJ4.raw,634112.3125,,3.49,1
[K].KADIGIAVADATDAAR.[G],,3,220419_rerunJ5.raw,1234822.25,,2.40,1
[K].KADIGIAVADATDAAR.[G],,3,220419_rerunJ5.raw,1234822.25,,3.24,1
[K].KADIGIAVADATDAAR.[G],,3,220419_rerunJ6.raw,644710.4375,,2.68,1
[K].KADIGIAVADATDAAR.[G],,3,220419_rerunJ6.raw,644710.4375,,2.92,1
[K].KADIGIAVADATDAAR.[G],,3,220419_rerunJ7.raw,556932.3125,,2.74,1
[K].KADIGIAVADATDAAR.[G],,3,220419_rerunJ8.raw,295924.28125,,2.62,1
[K].KADIGIAVADATDAAR.[G],,3,220419_rerunJ8.raw,295924.28125,,2.94,1
[K].KADIGIAVADATDAAR.[G],,3,220419_rerunMB1.raw,219919.21875,,3.45,1
[K].KADIGIAVADATDAAR.[G],,3,220419_rerunMB2.raw,271930.59375,,2.12,1
[K].KADIGIAVADATDAAR.[G],,3,220419_rerunMB3.raw,374495.46875,,2.87,1
[K].KADIGIAVADATDAAR.[G],,3,220419_rerunMB5.raw,709640.1875,,2.83,1
[K].KADIGIAVADATDAAR.[G],,3,220419_rerunMB5.raw,709640.1875,,3.05,1
[K].KADIGIAVADATDAAR.[G],,3,220419_rerunMB6.raw,254010.234375,,2.50,1
[K].KADIGIAVADATDAAR.[G],,3,220419_rerunMB6.raw,254010.234375,,2.64,1
[K].KADIGIAVADATDAAR.[G],,3,220419_rerunMB7.raw,231439.46875,,2.83,1
[K].KADIGIAVADATDAAR.[G],,3,220419_rerunSP4.raw,218790.953125,,2.68,1
[K].KADIGIAVADATDAAR.[G],,3,220419_rerunSP7.raw,167810.421875,,2.66,1
[K].KADIGIAVADATDAAR.[G],,3,220425_rerunSP5.raw,421613.53125,,2.23,1
[K].KADIGIAVADATDAAR.[G],,3,220425_rerunSP6.raw,256593.515625,,2.18,1
[K].KADIGIAVADATDAAR.[G],,3,220425_rerunSP6.raw,256593.515625,,3.53,1
[K].KADIGIAVADATdAAR.[G],D13(GEE85),2,220419_rerunJ4.raw,43274.76171875,GEE,2.44,1
[K].KVLSIIDK.[Y],,2,220419_rerunJ1.raw,587885.25,,2.08,1
[K].KVLSIIDK.[Y],,2,220419_rerunJ1.raw,587885.25,,2.42,1
[K].KVLSIIDK.[Y],,2,220419_rerunJ2.raw,598601.375,,2.39,1
[K].KVLSIIDK.[Y],,2,220419_rerunJ3.raw,367128.4375,,2.04,1
[K].KVLSIIDK.[Y],,2,220419_rerunJ4.raw,787798.8125,,2.29,1
[K].KVLSIIDK.[Y],,2,220419_rerunJ5.raw,1163657,,2.48,1
[K].KVLSIIDK.[Y],,2,220419_rerunJ6.raw,1200369.25,,2.55,1
[K].KVLSIIDK.[Y],,2,220419_rerunJ7.raw,667459.125,,2.57,1
[K].KVLSIIDK.[Y],,2,220419_rerunJ8.raw,428801.46875,,2.42,1
[K].KVLSIIDK.[Y],,2,220419_rerunMB3.raw,515655.4375,,2.11,1
[K].KVLSIIDK.[Y],,2,220419_rerunMB5.raw,570005.8125,,2.29,1
[K].KVLSIIDK.[Y],,2,220419_rerunMB6.raw,254622.6875,,2.26,1
[K].KVLSIIDK.[Y],,2,220419_rerunMB7.raw,189189.65625,,2.00,1
[K].KVLSIIDK.[Y],,2,220419_rerunSP2.raw,1099446.75,,2.00,1
[K].KVLSIIDK.[Y],,2,220419_rerunSP3.raw,368760.28125,,2.36,1
[K].KVLSIIDK.[Y],,2,220419_rerunSP4.raw,368838.5,,2.02,1
[K].KVLSIIDK.[Y],,2,220419_rerunSP7.raw,239053.875,,2.09,1
[K].KVLSIIDK.[Y],,2,220425_rerunSP5.raw,344758.96875,,2.08,1
[K].KVLSIIDKYAER.[G],,3,220419_rerunJ2.raw,191420.59375,,2.48,1
[K].LGDIIPADAR.[L],,2,220419_rerunJ1.raw,2774874,,2.49,1
[K].LGDIIPADAR.[L],,2,220419_rerunJ1.raw,2774874,,2.89,1
[K].LGDIIPADAR.[L],,2,220419_rerunJ2.raw,3976391.5,,2.76,1
[K].LGDIIPADAR.[L],,2,220419_rerunJ2.raw,3976391.5,,2.93,1
[K].LGDIIPADAR.[L],,2,220419_rerunJ3.raw,3466549.75,,2.79,1
[K].LGDIIPADAR.[L],,2,220419_rerunJ3.raw,3466549.75,,2.85,1
[K].LGDIIPADAR.[L],,2,220419_rerunJ4.raw,4619996,,2.54,1
[K].LGDIIPADAR.[L],,2,220419_rerunJ4.raw,4619996,,2.89,1
[K].LGDIIPADAR.[L],,2,220419_rerunJ5.raw,4701972,,2.71,1
[K].LGDIIPADAR.[L],,2,220419_rerunJ5.raw,4701972,,2.85,1
[K].LGDIIPADAR.[L],,2,220419_rerunJ6.raw,3536206,,2.66,1
[K].LGDIIPADAR.[L],,2,220419_rerunJ6.raw,3536206,,2.68,1
[K].LGDIIPADAR.[L],,2,220419_rerunJ7.raw,3395562,,2.71,1
[K].LGDIIPADAR.[L],,2,220419_rerunJ7.raw,3395562,,2.79,1
[K].LGDIIPADAR.[L],,2,220419_rerunJ8.raw,2688400.75,,2.24,1
[K].LGDIIPADAR.[L],,2,220419_rerunJ8.raw,2688400.75,,2.69,1
[K].LGDIIPADAR.[L],,2,220419_rerunJ8.raw,2688400.75,,3.01,1
[K].LGDIIPADAR.[L],,2,220419_rerunMB1.raw,1977690.875,,2.14,1
[K].LGDIIPADAR.[L],,2,220419_rerunMB1.raw,1977690.875,,2.81,1
[K].LGDIIPADAR.[L],,2,220419_rerunMB1.raw,1977690.875,,2.88,1
[K].LGDIIPADAR.[L],,2,220419_rerunMB2.raw,1947656.875,,2.85,1
[K].LGDIIPADAR.[L],,2,220419_rerunMB2.raw,1947656.875,,2.87,1
[K].LGDIIPADAR.[L],,2,220419_rerunMB3.raw,2786971.5,,2.44,1
[K].LGDIIPADAR.[L],,2,220419_rerunMB3.raw,2786971.5,,2.67,1
[K].LGDIIPADAR.[L],,2,220419_rerunMB4.raw,818189.125,,2.59,1
[K].LGDIIPADAR.[L],,2,220419_rerunMB4.raw,818189.125,,2.63,1
[K].LGDIIPADAR.[L],,2,220419_rerunMB5.raw,3036683.5,,2.77,1
[K].LGDIIPADAR.[L],,2,220419_rerunMB5.raw,3036683.5,,2.92,1
[K].LGDIIPADAR.[L],,2,220419_rerunMB6.raw,2390121.5,,2.74,1
[K].LGDIIPADAR.[L],,2,220419_rerunMB6.raw,2390121.5,,2.95,1
[K].LGDIIPADAR.[L],,2,220419_rerunMB7.raw,1598135,,2.52,1
[K].LGDIIPADAR.[L],,2,220419_rerunMB7.raw,1598135,,2.79,1
[K].LGDIIPADAR.[L],,2,220419_rerunMB8.raw,2246690.5,,2.11,1
[K].LGDIIPADAR.[L],,2,220419_rerunMB8.raw,2246690.5,,2.61,1
[K].LGDIIPADAR.[L],,2,220419_rerunSP1.raw,2254217.5,,2.79,1
[K].LGDIIPADAR.[L],,2,220419_rerunSP1.raw,2254217.5,,2.89,1
[K].LGDIIPADAR.[L],,2,220419_rerunSP2.raw,3282197.75,,2.63,1
[K].LGDIIPADAR.[L],,2,220419_rerunSP3.raw,1562463.625,,2.06,1
[K].LGDIIPADAR.[L],,2,220419_rerunSP3.raw,1562463.625,,2.73,1
[K].LGDIIPADAR.[L],,2,220419_rerunSP4.raw,1620738.625,,2.34,1
[K].LGDIIPADAR.[L],,2,220419_rerunSP4.raw,1620738.625,,2.60,1
[K].LGDIIPADAR.[L],,2,220419_rerunSP7.raw,1168320.5,,2.41,1
[K].LGDIIPADAR.[L],,2,220419_rerunSP7.raw,1168320.5,,2.52,1
[K].LGDIIPADAR.[L],,2,220419_rerunSP8.raw,476226.96875,,2.45,1
[K].LGDIIPADAR.[L],,2,220425_rerunSP5.raw,1664024.5,,2.88,1
[K].LGDIIPADAR.[L],,2,220425_rerunSP6.raw,1116701.25,,2.33,1
[K].LGDIIPADAR.[L],,2,220425_rerunSP6.raw,1116701.25,,2.69,1
[K].LSVDKNLVEVFcK.[G],C12(Carboxymethyl),2,220419_rerunJ1.raw,190520.453125,,2.26,1
[K].LSVDKNLVEVFcK.[G],C12(Carboxymethyl),2,220419_rerunJ2.raw,240177.234375,,2.21,1
[K].LSVDKNLVEVFcK.[G],C12(Carboxymethyl),2,220419_rerunJ4.raw,70846.0078125,,2.75,1
[K].LSVDKNLVEVFcK.[G],C12(Carboxymethyl),2,220419_rerunJ5.raw,293161.1875,,3.71,1
[K].LSVDKNLVEVFcK.[G],C12(Carboxymethyl),2,220419_rerunJ7.raw,117057.8515625,,2.96,1
[K].LSVDKNLVEVFcK.[G],C12(Carboxymethyl),2,220419_rerunJ8.raw,86974.7421875,,2.13,1
[K].LSVDKNLVEVFcK.[G],C12(Carboxymethyl),2,220419_rerunMB5.raw,103380.546875,,2.36,1
[K].LSVDKNLVEVFcK.[G],C12(Carboxymethyl),2,220419_rerunSP1.raw,148428.359375,,2.37,1
[K].LSVDKNLVEVFcK.[G],C12(Carboxymethyl),2,220419_rerunSP2.raw,144990.75,,2.29,1
[K].LSVDKNLVEVFcK.[G],C12(Carboxymethyl),3,220419_rerunJ1.raw,597474.6875,,3.64,1
[K].LSVDKNLVEVFcK.[G],C12(Carboxymethyl),3,220419_rerunJ2.raw,570190.1875,,3.62,1
[K].LSVDKNLVEVFcK.[G],C12(Carboxymethyl),3,220419_rerunJ3.raw,451580.875,,2.85,1
[K].LSVDKNLVEVFcK.[G],C12(Carboxymethyl),3,220419_rerunJ4.raw,211255.359375,,3.00,1
[K].LSVDKNLVEVFcK.[G],C12(Carboxymethyl),3,220419_rerunJ5.raw,621260.375,,3.85,1
[K].LSVDKNLVEVFcK.[G],C12(Carboxymethyl),3,220419_rerunJ6.raw,290082.65625,,2.85,1
[K].LSVDKNLVEVFcK.[G],C12(Carboxymethyl),3,220419_rerunJ7.raw,305179.5,,3.57,1
[K].LSVDKNLVEVFcK.[G],C12(Carboxymethyl),3,220419_rerunJ8.raw,183035.234375,,3.38,1
[K].LSVDKNLVEVFcK.[G],C12(Carboxymethyl),3,220419_rerunMB1.raw,93669.75,,2.17,1
[K].LSVDKNLVEVFcK.[G],C12(Carboxymethyl),3,220419_rerunMB2.raw,180181.578125,,2.73,1
[K].LSVDKNLVEVFcK.[G],C12(Carboxymethyl),3,220419_rerunMB4.raw,59665.6015625,,2.58,1
[K].LSVDKNLVEVFcK.[G],C12(Carboxymethyl),3,220419_rerunMB5.raw,216625.75,,3.11,1
[K].LSVDKNLVEVFcK.[G],C12(Carboxymethyl),3,220419_rerunMB7.raw,231227.84375,,3.38,1
[K].LSVDKNLVEVFcK.[G],C12(Carboxymethyl),3,220419_rerunMB8.raw,106738.8828125,,2.97,1
[K].LSVDKNLVEVFcK.[G],C12(Carboxymethyl),3,220419_rerunSP1.raw,402209.125,,2.79,1
[K].LSVDKNLVEVFcK.[G],C12(Carboxymethyl),3,220419_rerunSP1.raw,402209.125,,3.66,1
[K].LSVDKNLVEVFcK.[G],C12(Carboxymethyl),3,220419_rerunSP2.raw,308528.84375,,3.20,1
[K].LSVDKNLVEVFcK.[G],C12(Carboxymethyl),3,220419_rerunSP3.raw,127153.2578125,,3.13,1
[K].LSVDKNLVEVFcK.[G],C12(Carboxymethyl),3,220419_rerunSP4.raw,161825.609375,,3.54,1
[K].LSVDKNLVEVFcK.[G],C12(Carboxymethyl),3,220419_rerunSP7.raw,128882.6875,,3.60,1
[K].LSVDKNLVEVFcK.[G],C12(Carboxymethyl),3,220425_rerunSP5.raw,228636.890625,,3.53,1
[K].LSVDKNLVEVFcK.[G],C12(Carboxymethyl),3,220425_rerunSP6.raw,106212.609375,,3.05,1
[K].mITGDQLAIGK.[E],M1(Oxidation),2,220419_rerunJ1.raw,637401.625,,2.02,1
[K].mITGDQLAIGK.[E],M1(Oxidation),2,220419_rerunJ1.raw,637401.625,,2.13,1
[K].mITGDQLAIGK.[E],M1(Oxidation),2,220419_rerunJ1.raw,637401.625,,2.29,1
[K].mITGDQLAIGK.[E],M1(Oxidation),2,220419_rerunJ3.raw,650982.4375,,2.10,1
[K].mITGDQLAIGK.[E],M1(Oxidation),2,220419_rerunJ4.raw,794997,,2.06,1
[K].mITGDQLAIGK.[E],M1(Oxidation),2,220419_rerunJ4.raw,794997,,2.19,1
[K].mITGDQLAIGK.[E],M1(Oxidation),2,220419_rerunJ4.raw,794997,,2.34,1
[K].mITGDQLAIGK.[E],M1(Oxidation),2,220419_rerunJ5.raw,703106.375,,2.09,1
[K].mITGDQLAIGK.[E],M1(Oxidation),2,220419_rerunJ5.raw,703106.375,,2.24,1
[K].mITGDQLAIGK.[E],M1(Oxidation),2,220419_rerunJ5.raw,703106.375,,2.59,1
[K].mITGDQLAIGK.[E],M1(Oxidation),2,220419_rerunJ6.raw,491833.84375,,2.04,1
[K].mITGDQLAIGK.[E],M1(Oxidation),2,220419_rerunJ6.raw,491833.84375,,2.16,1
[K].mITGDQLAIGK.[E],M1(Oxidation),2,220419_rerunJ7.raw,439989.03125,,2.13,1
[K].mITGDQLAIGK.[E],M1(Oxidation),2,220419_rerunJ8.raw,360144.21875,,2.02,1
[K].mITGDQLAIGK.[E],M1(Oxidation),2,220419_rerunJ8.raw,360144.21875,,2.07,1
[K].mITGDQLAIGK.[E],M1(Oxidation),2,220419_rerunMB1.raw,217278.6875,,2.08,1
[K].mITGDQLAIGK.[E],M1(Oxidation),2,220419_rerunMB2.raw,224194.28125,,2.08,1
[K].mITGDQLAIGK.[E],M1(Oxidation),2,220419_rerunMB2.raw,224194.28125,,2.19,1
[K].mITGDQLAIGK.[E],M1(Oxidation),2,220419_rerunMB3.raw,300187.09375,,2.40,1
[K].mITGDQLAIGK.[E],M1(Oxidation),2,220419_rerunMB5.raw,415327.3125,,2.25,1
[K].mITGDQLAIGK.[E],M1(Oxidation),2,220419_rerunMB8.raw,388114.5,,2.24,1
[K].mITGDQLAIGK.[E],M1(Oxidation),2,220419_rerunSP1.raw,362357.78125,,2.30,1
[K].mITGDQLAIGK.[E],M1(Oxidation),2,220419_rerunSP2.raw,479505.75,,2.07,1
[K].mITGDQLAIGK.[E],M1(Oxidation),2,220419_rerunSP3.raw,231500.109375,,2.23,1
[K].mITGDQLAIGK.[E],M1(Oxidation),2,220419_rerunSP4.raw,277654.5625,,2.08,1
[K].mITGDQLAIGK.[E],M1(Oxidation),2,220419_rerunSP7.raw,189011.890625,,2.06,1
[K].mITGDQLAIGK.[E],M1(Oxidation),2,220425_rerunSP6.raw,234843.3125,,2.24,1
[K].NETVDLEKIPIEEVFQQLK.[C],,3,220419_rerunMB6.raw,186913.59375,,2.67,1
[K].NLVEVFcK.[G],C7(Carboxymethyl),2,220419_rerunJ5.raw,894153.25,,2.16,1
[K].NLVEVFcK.[G],C7(Carboxymethyl),2,220419_rerunMB3.raw,797655.25,,2.32,1
[K].QGEIEAVVIATGVHTFFGK.[A],,2,220419_rerunJ1.raw,72748.140625,,2.29,1
[K].QGEIEAVVIATGVHTFFGK.[A],,2,220419_rerunJ1.raw,72748.140625,,2.93,1
[K].QGEIEAVVIATGVHTFFGK.[A],,2,220419_rerunJ2.raw,70693.40625,,2.43,1
[K].QGEIEAVVIATGVHTFFGK.[A],,2,220419_rerunJ3.raw,60816.0234375,,2.43,1
[K].QGEIEAVVIATGVHTFFGK.[A],,2,220419_rerunJ4.raw,86713.8828125,,2.51,1
[K].QGEIEAVVIATGVHTFFGK.[A],,2,220419_rerunJ5.raw,109075.3515625,,2.74,1
[K].QGEIEAVVIATGVHTFFGK.[A],,2,220419_rerunJ5.raw,109075.3515625,,2.97,1
[K].QGEIEAVVIATGVHTFFGK.[A],,2,220419_rerunJ7.raw,76034.9609375,,2.20,1
[K].QGEIEAVVIATGVHTFFGK.[A],,2,220419_rerunJ8.raw,58153.06640625,,2.33,1
[K].QGEIEAVVIATGVHTFFGK.[A],,2,220419_rerunJ8.raw,58153.06640625,,2.87,1
[K].QGEIEAVVIATGVHTFFGK.[A],,2,220419_rerunMB1.raw,46102.25390625,,2.04,1
[K].QGEIEAVVIATGVHTFFGK.[A],,2,220419_rerunMB2.raw,49761.3671875,,2.74,1
[K].QGEIEAVVIATGVHTFFGK.[A],,2,220419_rerunMB3.raw,47577.95703125,,2.06,1
[K].QGEIEAVVIATGVHTFFGK.[A],,2,220419_rerunMB5.raw,114405.5546875,,2.16,1
[K].QGEIEAVVIATGVHTFFGK.[A],,2,220419_rerunMB5.raw,114405.5546875,,2.54,1
[K].QGEIEAVVIATGVHTFFGK.[A],,2,220419_rerunMB6.raw,45008.12109375,,2.46,1
[K].QGEIEAVVIATGVHTFFGK.[A],,2,220419_rerunSP1.raw,86950.59375,,2.10,1
[K].QGEIEAVVIATGVHTFFGK.[A],,2,220419_rerunSP1.raw,86950.59375,,2.37,1
[K].QGEIEAVVIATGVHTFFGK.[A],,2,220419_rerunSP2.raw,116674.6953125,,2.91,1
[K].QGEIEAVVIATGVHTFFGK.[A],,2,220425_rerunSP5.raw,35195.90625,,2.66,1
[K].QGEIEAVVIATGVHTFFGK.[A],,3,220419_rerunJ1.raw,580245.5,,2.68,1
[K].QGEIEAVVIATGVHTFFGK.[A],,3,220419_rerunJ1.raw,580245.5,,2.93,1
[K].QGEIEAVVIATGVHTFFGK.[A],,3,220419_rerunJ1.raw,580245.5,,5.21,1
[K].QGEIEAVVIATGVHTFFGK.[A],,3,220419_rerunJ1.raw,580245.5,,5.27,1
[K].QGEIEAVVIATGVHTFFGK.[A],,3,220419_rerunJ2.raw,554786.1875,,3.23,1
[K].QGEIEAVVIATGVHTFFGK.[A],,3,220419_rerunJ2.raw,554786.1875,,3.31,1
[K].QGEIEAVVIATGVHTFFGK.[A],,3,220419_rerunJ2.raw,554786.1875,,5.42,1
[K].QGEIEAVVIATGVHTFFGK.[A],,3,220419_rerunJ2.raw,554786.1875,,5.46,1
[K].QGEIEAVVIATGVHTFFGK.[A],,3,220419_rerunJ3.raw,433198.6875,,3.26,1
[K].QGEIEAVVIATGVHTFFGK.[A],,3,220419_rerunJ3.raw,433198.6875,,3.31,1
[K].QGEIEAVVIATGVHTFFGK.[A],,3,220419_rerunJ3.raw,433198.6875,,4.72,1
[K].QGEIEAVVIATGVHTFFGK.[A],,3,220419_rerunJ3.raw,433198.6875,,4.73,1
[K].QGEIEAVVIATGVHTFFGK.[A],,3,220419_rerunJ4.raw,651600.6875,,2.41,1
[K].QGEIEAVVIATGVHTFFGK.[A],,3,220419_rerunJ4.raw,651600.6875,,3.35,1
[K].QGEIEAVVIATGVHTFFGK.[A],,3,220419_rerunJ4.raw,651600.6875,,5.00,1
[K].QGEIEAVVIATGVHTFFGK.[A],,3,220419_rerunJ4.raw,651600.6875,,5.02,1
[K].QGEIEAVVIATGVHTFFGK.[A],,3,220419_rerunJ5.raw,806770.4375,,3.01,1
[K].QGEIEAVVIATGVHTFFGK.[A],,3,220419_rerunJ5.raw,806770.4375,,3.96,1
[K].QGEIEAVVIATGVHTFFGK.[A],,3,220419_rerunJ5.raw,806770.4375,,4.94,1
[K].QGEIEAVVIATGVHTFFGK.[A],,3,220419_rerunJ5.raw,806770.4375,,5.16,1
[K].QGEIEAVVIATGVHTFFGK.[A],,3,220419_rerunJ6.raw,555430.625,,2.83,1
[K].QGEIEAVVIATGVHTFFGK.[A],,3,220419_rerunJ6.raw,555430.625,,3.32,1
[K].QGEIEAVVIATGVHTFFGK.[A],,3,220419_rerunJ6.raw,555430.625,,4.59,1
[K].QGEIEAVVIATGVHTFFGK.[A],,3,220419_rerunJ6.raw,555430.625,,5.05,1
[K].QGEIEAVVIATGVHTFFGK.[A],,3,220419_rerunJ7.raw,375316.375,,2.27,1
[K].QGEIEAVVIATGVHTFFGK.[A],,3,220419_rerunJ7.raw,375316.375,,4.58,1
[K].QGEIEAVVIATGVHTFFGK.[A],,3,220419_rerunJ7.raw,375316.375,,5.03,1
[K].QGEIEAVVIATGVHTFFGK.[A],,3,220419_rerunJ8.raw,291034.78125,,2.86,1
[K].QGEIEAVVIATGVHTFFGK.[A],,3,220419_rerunJ8.raw,291034.78125,,3.63,1
[K].QGEIEAVVIATGVHTFFGK.[A],,3,220419_rerunJ8.raw,291034.78125,,4.35,1
[K].QGEIEAVVIATGVHTFFGK.[A],,3,220419_rerunMB1.raw,217997.171875,,2.33,1
[K].QGEIEAVVIATGVHTFFGK.[A],,3,220419_rerunMB1.raw,217997.171875,,3.38,1
[K].QGEIEAVVIATGVHTFFGK.[A],,3,220419_rerunMB1.raw,217997.171875,,4.38,1
[K].QGEIEAVVIATGVHTFFGK.[A],,3,220419_rerunMB2.raw,290089.75,,3.55,1
[K].QGEIEAVVIATGVHTFFGK.[A],,3,220419_rerunMB2.raw,290089.75,,3.99,1
[K].QGEIEAVVIATGVHTFFGK.[A],,3,220419_rerunMB2.raw,290089.75,,4.75,1
[K].QGEIEAVVIATGVHTFFGK.[A],,3,220419_rerunMB3.raw,283417.90625,,3.87,1
[K].QGEIEAVVIATGVHTFFGK.[A],,3,220419_rerunMB3.raw,283417.90625,,4.54,1
[K].QGEIEAVVIATGVHTFFGK.[A],,3,220419_rerunMB4.raw,124668.3984375,,2.96,1
[K].QGEIEAVVIATGVHTFFGK.[A],,3,220419_rerunMB4.raw,124668.3984375,,3.34,1
[K].QGEIEAVVIATGVHTFFGK.[A],,3,220419_rerunMB5.raw,736166.875,,3.60,1
[K].QGEIEAVVIATGVHTFFGK.[A],,3,220419_rerunMB5.raw,736166.875,,4.63,1
[K].QGEIEAVVIATGVHTFFGK.[A],,3,220419_rerunMB5.raw,736166.875,,4.76,1
[K].QGEIEAVVIATGVHTFFGK.[A],,3,220419_rerunMB6.raw,310828.0625,,3.09,1
[K].QGEIEAVVIATGVHTFFGK.[A],,3,220419_rerunMB6.raw,310828.0625,,3.11,1
[K].QGEIEAVVIATGVHTFFGK.[A],,3,220419_rerunMB6.raw,310828.0625,,4.79,1
[K].QGEIEAVVIATGVHTFFGK.[A],,3,220419_rerunMB6.raw,310828.0625,,5.08,1
[K].QGEIEAVVIATGVHTFFGK.[A],,3,220419_rerunMB7.raw,193206.609375,,3.10,1
[K].QGEIEAVVIATGVHTFFGK.[A],,3,220419_rerunMB7.raw,193206.609375,,4.16,1
[K].QGEIEAVVIATGVHTFFGK.[A],,3,220419_rerunMB8.raw,377662.5,,3.02,1
[K].QGEIEAVVIATGVHTFFGK.[A],,3,220419_rerunMB8.raw,377662.5,,3.22,1
[K].QGEIEAVVIATGVHTFFGK.[A],,3,220419_rerunMB8.raw,377662.5,,4.64,1
[K].QGEIEAVVIATGVHTFFGK.[A],,3,220419_rerunMB8.raw,377662.5,,5.00,1
[K].QGEIEAVVIATGVHTFFGK.[A],,3,220419_rerunSP1.raw,704207.125,,3.02,1
[K].QGEIEAVVIATGVHTFFGK.[A],,3,220419_rerunSP1.raw,704207.125,,3.50,1
[K].QGEIEAVVIATGVHTFFGK.[A],,3,220419_rerunSP1.raw,704207.125,,5.14,1
[K].QGEIEAVVIATGVHTFFGK.[A],,3,220419_rerunSP1.raw,704207.125,,5.41,1
[K].QGEIEAVVIATGVHTFFGK.[A],,3,220419_rerunSP2.raw,884713.375,,3.22,1
[K].QGEIEAVVIATGVHTFFGK.[A],,3,220419_rerunSP2.raw,884713.375,,3.59,1
[K].QGEIEAVVIATGVHTFFGK.[A],,3,220419_rerunSP2.raw,884713.375,,4.74,1
[K].QGEIEAVVIATGVHTFFGK.[A],,3,220419_rerunSP2.raw,884713.375,,5.16,1
[K].QGEIEAVVIATGVHTFFGK.[A],,3,220419_rerunSP3.raw,290357.09375,,3.00,1
[K].QGEIEAVVIATGVHTFFGK.[A],,3,220419_rerunSP3.raw,290357.09375,,3.70,1
[K].QGEIEAVVIATGVHTFFGK.[A],,3,220419_rerunSP3.raw,290357.09375,,4.59,1
[K].QGEIEAVVIATGVHTFFGK.[A],,3,220419_rerunSP3.raw,290357.09375,,4.88,1
[K].QGEIEAVVIATGVHTFFGK.[A],,3,220419_rerunSP4.raw,278103.3125,,3.36,1
[K].QGEIEAVVIATGVHTFFGK.[A],,3,220419_rerunSP4.raw,278103.3125,,4.21,1
[K].QGEIEAVVIATGVHTFFGK.[A],,3,220419_rerunSP4.raw,278103.3125,,4.81,1
[K].QGEIEAVVIATGVHTFFGK.[A],,3,220419_rerunSP7.raw,246281.09375,,2.37,1
[K].QGEIEAVVIATGVHTFFGK.[A],,3,220419_rerunSP7.raw,246281.09375,,3.45,1
[K].QGEIEAVVIATGVHTFFGK.[A],,3,220419_rerunSP7.raw,246281.09375,,3.58,1
[K].QGEIEAVVIATGVHTFFGK.[A],,3,220419_rerunSP8.raw,86707.2265625,,2.83,1
[K].QGEIEAVVIATGVHTFFGK.[A],,3,220419_rerunSP8.raw,86707.2265625,,3.40,1
[K].QGEIEAVVIATGVHTFFGK.[A],,3,220425_rerunSP5.raw,493498.90625,,2.58,1
[K].QGEIEAVVIATGVHTFFGK.[A],,3,220425_rerunSP5.raw,493498.90625,,3.60,1
[K].QGEIEAVVIATGVHTFFGK.[A],,3,220425_rerunSP5.raw,493498.90625,,5.00,1
[K].QGEIEAVVIATGVHTFFGK.[A],,3,220425_rerunSP5.raw,493498.90625,,5.31,1
[K].QGEIEAVVIATGVHTFFGK.[A],,3,220425_rerunSP6.raw,235803.765625,,3.89,1
[K].QGEIEAVVIATGVHTFFGK.[A],,3,220425_rerunSP6.raw,235803.765625,,4.04,1
[K].QGEIEAVVIATGVHTFFGK.[A],,3,220425_rerunSP6.raw,235803.765625,,4.58,1
[K].QGeIEAVVIATGVHTFFGK.[A],E3(GEE85),3,220419_rerunSP3.raw,52845.84375,GEE,2.82,1
[K].QGEIeAVVIATGVHTFFGK.[A],E5(GEE85),3,220419_rerunMB3.raw,44517.06640625,GEE,3.56,1
[K].QGEIeAVVIATGVHTFFGK.[A],E5(GEE85),3,220419_rerunMB4.raw,26170.697265625,GEE,3.02,1
[K].RTALTYIDGSGNWHR.[V],,3,220419_rerunJ1.raw,402438.625,,3.67,1
[K].RTALTYIDGSGNWHR.[V],,3,220419_rerunJ1.raw,402438.625,,3.69,1
[K].RTALTYIDGSGNWHR.[V],,3,220419_rerunJ2.raw,454199.125,,2.91,1
[K].RTALTYIDGSGNWHR.[V],,3,220419_rerunJ2.raw,454199.125,,3.36,1
[K].RTALTYIDGSGNWHR.[V],,3,220419_rerunJ3.raw,146875.828125,,2.70,1
[K].RTALTYIDGSGNWHR.[V],,3,220419_rerunJ4.raw,478605.9375,,3.56,1
[K].RTALTYIDGSGNWHR.[V],,3,220419_rerunJ4.raw,478605.9375,,3.77,1
[K].RTALTYIDGSGNWHR.[V],,3,220419_rerunJ5.raw,573403.125,,2.96,1
[K].RTALTYIDGSGNWHR.[V],,3,220419_rerunJ5.raw,573403.125,,4.10,1
[K].RTALTYIDGSGNWHR.[V],,3,220419_rerunJ6.raw,388271.53125,,2.57,1
[K].RTALTYIDGSGNWHR.[V],,3,220419_rerunJ6.raw,388271.53125,,3.24,1
[K].RTALTYIDGSGNWHR.[V],,3,220419_rerunJ7.raw,327251.75,,2.99,1
[K].RTALTYIDGSGNWHR.[V],,3,220419_rerunJ7.raw,327251.75,,3.42,1
[K].RTALTYIDGSGNWHR.[V],,3,220419_rerunJ8.raw,206413.140625,,2.22,1
[K].RTALTYIDGSGNWHR.[V],,3,220419_rerunMB1.raw,256798.890625,,3.18,1
[K].RTALTYIDGSGNWHR.[V],,3,220419_rerunMB1.raw,256798.890625,,3.65,1
[K].RTALTYIDGSGNWHR.[V],,3,220419_rerunMB2.raw,256294.828125,,2.59,1
[K].RTALTYIDGSGNWHR.[V],,3,220419_rerunMB3.raw,317708.3125,,3.19,1
[K].RTALTYIDGSGNWHR.[V],,3,220419_rerunMB4.raw,140331.15625,,2.61,1
[K].RTALTYIDGSGNWHR.[V],,3,220419_rerunMB4.raw,140331.15625,,4.05,1
[K].RTALTYIDGSGNWHR.[V],,3,220419_rerunMB5.raw,555199.4375,,3.11,1
[K].RTALTYIDGSGNWHR.[V],,3,220419_rerunMB5.raw,555199.4375,,3.37,1
[K].RTALTYIDGSGNWHR.[V],,3,220419_rerunMB6.raw,428326.15625,,3.00,1
[K].RTALTYIDGSGNWHR.[V],,3,220419_rerunMB6.raw,428326.15625,,3.71,1
[K].RTALTYIDGSGNWHR.[V],,3,220419_rerunMB7.raw,254986.015625,,3.59,1
[K].RTALTYIDGSGNWHR.[V],,3,220419_rerunMB7.raw,254986.015625,,3.73,1
[K].RTALTYIDGSGNWHR.[V],,3,220419_rerunMB8.raw,284368.65625,,2.97,1
[K].RTALTYIDGSGNWHR.[V],,3,220419_rerunMB8.raw,284368.65625,,3.88,1
[K].RTALTYIDGSGNWHR.[V],,3,220419_rerunSP1.raw,493218.28125,,3.74,1
[K].RTALTYIDGSGNWHR.[V],,3,220419_rerunSP1.raw,493218.28125,,4.07,1
[K].RTALTYIDGSGNWHR.[V],,3,220419_rerunSP2.raw,653587.5,,2.38,1
[K].RTALTYIDGSGNWHR.[V],,3,220419_rerunSP2.raw,653587.5,,4.19,1
[K].RTALTYIDGSGNWHR.[V],,3,220419_rerunSP4.raw,208871.203125,,3.05,1
[K].RTALTYIDGSGNWHR.[V],,3,220425_rerunSP5.raw,182401.265625,,2.30,1
[K].RTALTYIDGSGNWHR.[V],,3,220425_rerunSP6.raw,103735.375,,2.88,1
[K].SYPYDVPDYASLEDIK.[N],,2,220419_rerunMB6.raw,156845.171875,,2.32,1
[K].SYPYDVPDYASLEDIKNETVDLEK.[I],,3,220419_rerunJ1.raw,162454.296875,,2.76,1
[K].SYPYDVPDYASLEDIKNETVDLEK.[I],,3,220419_rerunJ6.raw,108594.9609375,,2.37,1
[K].SYPYDVPDYASLEDIKNETVDLEKIPIEEVFQQLK.[C],,4,220419_rerunJ1.raw,578704.75,,3.01,1
[K].SYPYDVPDYASLEDIKNETVDLEKIPIEEVFQQLK.[C],,4,220419_rerunJ1.raw,578704.75,,3.88,1
[K].SYPYDVPDYASLEDIKNETVDLEKIPIEEVFQQLK.[C],,4,220419_rerunJ5.raw,1055888.875,,2.78,1
[K].SYPYDVPDYASLEDIKNETVDLEKIPIEEVFQQLK.[C],,4,220419_rerunJ5.raw,1055888.875,,3.43,1
[K].SYPYDVPDYASLEDIKNETVDLEKIPIEEVFQQLK.[C],,4,220419_rerunSP1.raw,897165.6875,,3.06,1
[K].SYPYDVPDYASLEDIKNETVDLEKIPIEEVFQQLK.[C],,4,220419_rerunSP2.raw,435751.5625,,3.21,1
[K].SYPYDVPDYASLEDIKNETVDLEKIPIEEVFQQLK.[C],,4,220425_rerunSP5.raw,892509.1875,,3.45,1
[K].SYPYDVPDYASLEDIKNETVDLEKIPIEEVFQQLK.[C],,4,220425_rerunSP5.raw,892509.1875,,3.69,1
[K].TGTLTLNK.[L],,2,220419_rerunMB3.raw,421770.4375,,2.08,1
[K].TKESPGAPWEFVGLLPLFDPPR.[H],,3,220419_rerunJ1.raw,142403.09375,,2.61,1
[K].TKESPGAPWEFVGLLPLFDPPR.[H],,3,220419_rerunJ6.raw,109067.765625,,2.43,1
[K].TKESPGAPWEFVGLLPLFDPPR.[H],,3,220419_rerunSP2.raw,217829.40625,,2.76,1
[K].TKESPGAPWEFVGLLPLFDPPR.[H],,3,220419_rerunSP2.raw,217829.40625,,3.22,1
[K].TKESPGAPWEFVGLLPLFDPPR.[H],,3,220419_rerunSP7.raw,67013.9375,,2.38,1
[K].TKESPGAPWEFVGLLPLFDPPR.[H],,3,220425_rerunSP6.raw,79088.2734375,,2.90,1
[K].VDQSALTGESLPVTK.[H],,2,220419_rerunJ1.raw,835907.5625,,2.24,1
[K].VDQSALTGESLPVTK.[H],,2,220419_rerunJ2.raw,841882.625,,2.80,1
[K].VDQSALTGESLPVTK.[H],,2,220419_rerunJ2.raw,841882.625,,2.85,1
[K].VDQSALTGESLPVTK.[H],,2,220419_rerunJ3.raw,814603.1875,,2.65,1
[K].VDQSALTGESLPVTK.[H],,2,220419_rerunJ4.raw,2369685,,2.87,1
[K].VDQSALTGESLPVTK.[H],,2,220419_rerunJ4.raw,2369685,,3.19,1
[K].VDQSALTGESLPVTK.[H],,2,220419_rerunJ6.raw,1131636.125,,3.14,1
[K].VDQSALTGESLPVTK.[H],,2,220419_rerunJ7.raw,1207972.25,,2.90,1
[K].VDQSALTGESLPVTK.[H],,2,220419_rerunJ8.raw,1150936.5,,2.30,1
[K].VDQSALTGESLPVTK.[H],,2,220419_rerunJ8.raw,1150936.5,,3.47,1
[K].VDQSALTGESLPVTK.[H],,2,220419_rerunMB1.raw,1212589.625,,2.04,1
[K].VDQSALTGESLPVTK.[H],,2,220419_rerunMB1.raw,1212589.625,,2.23,1
[K].VDQSALTGESLPVTK.[H],,2,220419_rerunMB2.raw,925440.0625,,2.60,1
[K].VDQSALTGESLPVTK.[H],,2,220419_rerunMB2.raw,925440.0625,,3.03,1
[K].VDQSALTGESLPVTK.[H],,2,220419_rerunMB3.raw,1753701.25,,2.06,1
[K].VDQSALTGESLPVTK.[H],,2,220419_rerunMB3.raw,1753701.25,,3.12,1
[K].VDQSALTGESLPVTK.[H],,2,220419_rerunMB3.raw,1753701.25,,3.24,1
[K].VDQSALTGESLPVTK.[H],,2,220419_rerunMB4.raw,629338.5,,2.53,1
[K].VDQSALTGESLPVTK.[H],,2,220419_rerunMB4.raw,629338.5,,3.31,1
[K].VDQSALTGESLPVTK.[H],,2,220419_rerunMB5.raw,1633350.75,,2.95,1
[K].VDQSALTGESLPVTK.[H],,2,220419_rerunMB5.raw,1633350.75,,3.14,1
[K].VDQSALTGESLPVTK.[H],,2,220419_rerunMB6.raw,1860818.25,,2.04,1
[K].VDQSALTGESLPVTK.[H],,2,220419_rerunMB6.raw,1860818.25,,2.59,1
[K].VDQSALTGESLPVTK.[H],,2,220419_rerunMB6.raw,1860818.25,,3.40,1
[K].VDQSALTGESLPVTK.[H],,2,220419_rerunMB6.raw,27777.455078125,,2.16,1
[K].VDQSALTGESLPVTK.[H],,2,220419_rerunMB7.raw,665863.3125,,2.11,1
[K].VDQSALTGESLPVTK.[H],,2,220419_rerunMB8.raw,1772002.25,,2.64,1
[K].VDQSALTGESLPVTK.[H],,2,220419_rerunMB8.raw,1772002.25,,3.18,1
[K].VDQSALTGESLPVTK.[H],,2,220419_rerunSP1.raw,803100.8125,,2.81,1
[K].VDQSALTGESLPVTK.[H],,2,220419_rerunSP2.raw,1523601.25,,2.52,1
[K].VDQSALTGESLPVTK.[H],,2,220419_rerunSP2.raw,1523601.25,,2.84,1
[K].VDQSALTGESLPVTK.[H],,2,220419_rerunSP3.raw,1202927.5,,2.68,1
[K].VDQSALTGESLPVTK.[H],,2,220419_rerunSP3.raw,1202927.5,,2.71,1
[K].VDQSALTGESLPVTK.[H],,2,220419_rerunSP4.raw,827728.8125,,2.46,1
[K].VDQSALTGESLPVTK.[H],,2,220419_rerunSP7.raw,662356.8125,,2.02,1
[K].VDQSALTGESLPVTK.[H],,2,220425_rerunSP5.raw,445784.125,,2.34,1
[K].VDQSALTGESLPVTK.[H],,2,220425_rerunSP5.raw,445784.125,,2.67,1
[K].VDQSALTGESLPVTK.[H],,2,220425_rerunSP6.raw,502207.25,,2.03,1
[K].VDQSALTGESLPVTK.[H],,2,220425_rerunSP6.raw,502207.25,,2.48,1
[K].VdQSALTGESLPVTK.[H],D2(GEE85),2,220419_rerunJ4.raw,108246.140625,GEE,2.30,1
[K].VDQSALTGeSLPVTK.[H],E9(GEE85),2,220419_rerunJ4.raw,369363.53125,GEE,2.30,1
[K].VDQSALTGeSLPVTK.[H],E9(GEE85),2,220419_rerunJ7.raw,120704.921875,GEE,2.35,1
[K].VDQSALTGeSLPVTK.[H],E9(GEE85),2,220419_rerunJ8.raw,180096.75,GEE,2.29,1
[K].VDQSALTGeSLPVTK.[H],E9(GEE85),2,220419_rerunMB3.raw,224139.734375,GEE,2.63,1
[K].VDQSALTGeSLPVTK.[H],E9(GEE85),2,220419_rerunSP3.raw,112621.296875,GEE,2.14,1
[K].VDQSALTGeSLPVTK.[H],E9(GEE85),2,220419_rerunSP4.raw,153269.5625,GEE,2.25,1
[K].VLSIIDKYAER.[G],,2,220419_rerunJ1.raw,101564.1328125,,2.29,1
[K].VLSIIDKYAER.[G],,2,220419_rerunJ3.raw,133465.8125,,2.38,1
[K].VLSIIDKYAER.[G],,2,220419_rerunMB5.raw,116410.0625,,2.19,1
[K].VLSIIDKYAER.[G],,2,220419_rerunMB7.raw,87309.4453125,,2.11,1
[K].VLSIIDKYAER.[G],,3,220419_rerunJ1.raw,218297.734375,,2.19,1
[K].VLSIIDKYAER.[G],,3,220419_rerunMB5.raw,241277.59375,,2.30,1
[K].VLSIIDKYAER.[G],,3,220419_rerunMB8.raw,192848.984375,,2.24,1
[K].VLSIIDKYAER.[G],,3,220419_rerunSP1.raw,196509.421875,,2.33,1
[K].VLSIIDKYAER.[G],,3,220419_rerunSP2.raw,176591.984375,,2.55,1
[K].WSEQEAAILVPGDIVSIK.[L],,2,220419_rerunJ1.raw,1084222.5,,2.84,1
[K].WSEQEAAILVPGDIVSIK.[L],,2,220419_rerunJ2.raw,1055559.375,,2.98,1
[K].WSEQEAAILVPGDIVSIK.[L],,2,220419_rerunJ4.raw,1003980.25,,2.46,1
[K].WSEQEAAILVPGDIVSIK.[L],,2,220419_rerunJ7.raw,753399.8125,,2.13,1
[K].WSEQEAAILVPGDIVSIK.[L],,2,220419_rerunMB1.raw,348952.4375,,2.58,1
[K].WSEQEAAILVPGDIVSIK.[L],,2,220419_rerunMB2.raw,568060.5,,2.35,1
[K].WSEQEAAILVPGDIVSIK.[L],,2,220419_rerunMB3.raw,705697.5625,,2.17,1
[K].WSEQEAAILVPGDIVSIK.[L],,2,220419_rerunMB4.raw,192299.59375,,2.20,1
[K].WSEQEAAILVPGDIVSIK.[L],,2,220419_rerunMB5.raw,1253156.75,,2.22,1
[K].WSEQEAAILVPGDIVSIK.[L],,2,220419_rerunMB5.raw,1253156.75,,2.94,1
[K].WSEQEAAILVPGDIVSIK.[L],,2,220419_rerunMB6.raw,807314.625,,2.42,1
[K].WSEQEAAILVPGDIVSIK.[L],,2,220419_rerunMB8.raw,803631.4375,,2.42,1
[K].WSEQEAAILVPGDIVSIK.[L],,2,220419_rerunMB8.raw,803631.4375,,2.64,1
[K].WSEQEAAILVPGDIVSIK.[L],,2,220419_rerunSP1.raw,1046686.8125,,2.72,1
[K].WSEQEAAILVPGDIVSIK.[L],,2,220419_rerunSP2.raw,1583915.625,,2.02,1
[K].WSEQEAAILVPGDIVSIK.[L],,2,220419_rerunSP2.raw,1583915.625,,2.13,1
[K].WSEQEAAILVPGDIVSIK.[L],,2,220419_rerunSP3.raw,559364.1875,,2.59,1
[K].WSEQEAAILVPGDIVSIK.[L],,2,220419_rerunSP4.raw,579523.375,,3.54,1
[K].WSEQEAAILVPGDIVSIK.[L],,2,220419_rerunSP7.raw,482278.21875,,2.44,1
[K].WSEQEAAILVPGDIVSIK.[L],,2,220425_rerunSP6.raw,528854.5,,2.20,1
[K].WSEQEAAILVPGDIVSIK.[L],,3,220419_rerunMB8.raw,224798.46875,,2.30,1
[R].ALNLGVNVK.[M],,2,220419_rerunJ1.raw,2138088.75,,2.54,1
[R].ALNLGVNVK.[M],,2,220419_rerunJ3.raw,4405920.5,,2.38,1
[R].ALNLGVNVK.[M],,2,220419_rerunJ4.raw,6451384.5,,2.10,1
[R].ALNLGVNVK.[M],,2,220419_rerunJ6.raw,4323459.5,,2.07,1
[R].ALNLGVNVK.[M],,2,220419_rerunJ7.raw,4027557.75,,2.46,1
[R].ALNLGVNVK.[M],,2,220419_rerunJ8.raw,3385917,,2.11,1
[R].ALNLGVNVK.[M],,2,220419_rerunMB1.raw,1759041.625,,2.25,1
[R].ALNLGVNVK.[M],,2,220419_rerunMB2.raw,2160104.25,,2.38,1
[R].ALNLGVNVK.[M],,2,220419_rerunMB5.raw,3317939.25,,2.22,1
[R].ALNLGVNVK.[M],,2,220419_rerunMB6.raw,2294685.25,,2.20,1
[R].ALNLGVNVK.[M],,2,220419_rerunMB7.raw,1824016.875,,2.02,1
[R].ALNLGVNVK.[M],,2,220419_rerunMB8.raw,2088956.625,,2.20,1
[R].ALNLGVNVK.[M],,2,220425_rerunSP5.raw,1935303,,2.36,1
[R].DGKWSEQEAAILVPGDIVSIK.[L],,3,220419_rerunJ3.raw,174282.625,,2.88,1
[R].EAQWALAQR.[T],,2,220419_rerunJ1.raw,1525111,,2.22,1
[R].EAQWALAQR.[T],,2,220419_rerunJ2.raw,1624887.875,,2.60,1
[R].EAQWALAQR.[T],,2,220419_rerunJ3.raw,1293810.75,,2.29,1
[R].EAQWALAQR.[T],,2,220419_rerunJ4.raw,2072231.5,,2.22,1
[R].EAQWALAQR.[T],,2,220419_rerunJ4.raw,2072231.5,,2.23,1
[R].EAQWALAQR.[T],,2,220419_rerunJ5.raw,2124311.75,,2.28,1
[R].EAQWALAQR.[T],,2,220419_rerunJ5.raw,2124311.75,,2.45,1
[R].EAQWALAQR.[T],,2,220419_rerunJ6.raw,1415855.375,,2.32,1
[R].EAQWALAQR.[T],,2,220419_rerunJ7.raw,1423758.5,,2.40,1
[R].EAQWALAQR.[T],,2,220419_rerunJ7.raw,1423758.5,,2.68,1
[R].EAQWALAQR.[T],,2,220419_rerunJ8.raw,931313.5625,,2.28,1
[R].EAQWALAQR.[T],,2,220419_rerunMB1.raw,706035.5625,,2.61,1
[R].EAQWALAQR.[T],,2,220419_rerunMB2.raw,679923,,2.30,1
[R].EAQWALAQR.[T],,2,220419_rerunMB3.raw,1186626.25,,2.18,1
[R].EAQWALAQR.[T],,2,220419_rerunMB3.raw,1186626.25,,2.36,1
[R].EAQWALAQR.[T],,2,220419_rerunMB4.raw,273236.09375,,2.28,1
[R].EAQWALAQR.[T],,2,220419_rerunMB5.raw,1450056.75,,2.37,1
[R].EAQWALAQR.[T],,2,220419_rerunMB6.raw,1074865.875,,2.04,1
[R].EAQWALAQR.[T],,2,220419_rerunMB7.raw,622713.375,,2.21,1
[R].EAQWALAQR.[T],,2,220419_rerunSP1.raw,1173842.375,,2.07,1
[R].EAQWALAQR.[T],,2,220419_rerunSP1.raw,1173842.375,,2.65,1
[R].EAQWALAQR.[T],,2,220419_rerunSP2.raw,2497328,,2.31,1
[R].EAQWALAQR.[T],,2,220419_rerunSP7.raw,542803.25,,2.05,1
[R].EAQWALAQR.[T],,2,220425_rerunSP5.raw,616977.5,,2.14,1
[R].EAQWALAQR.[T],,2,220425_rerunSP6.raw,425196.65625,,2.15,1
[R].EGLTTQEGEDR.[I],,2,220419_rerunJ1.raw,243871.359375,,2.56,1
[R].EGLTTQEGEDR.[I],,2,220419_rerunJ2.raw,211425.484375,,2.15,1
[R].EGLTTQEGEDR.[I],,2,220419_rerunJ5.raw,513463.5,,2.75,1
[R].EGLTTQEGEdR.[I],D10(GEE85),2,220419_rerunJ3.raw,71773.734375,GEE,2.72,1
[R].EGLTTQEGEdR.[I],D10(GEE85),2,220419_rerunJ4.raw,115746.6640625,GEE,2.02,1
[R].EGLTTQEGEdR.[I],D10(GEE85),2,220419_rerunJ4.raw,162522.4375,GEE,2.38,1
[R].EGLTTQEGEdR.[I],D10(GEE85),2,220419_rerunJ6.raw,62594.7109375,GEE,2.12,1
[R].EGLTTQEGEdR.[I],D10(GEE85),2,220419_rerunJ7.raw,113188.9921875,GEE,2.14,1
[R].EGLTTQEGEdR.[I],D10(GEE85),2,220419_rerunJ7.raw,87304,GEE,2.27,1
[R].EGLTTQEGEdR.[I],D10(GEE85),2,220419_rerunJ8.raw,65423.85546875,GEE,2.24,1
[R].EGLTTQEGEdR.[I],D10(GEE85),2,220419_rerunMB3.raw,83319.65625,GEE,2.05,1
[R].EGLTTQEGEdR.[I],D10(GEE85),2,220419_rerunMB8.raw,48466.6171875,GEE,2.23,1
[R].EGLTTQEGEdR.[I],D10(GEE85),2,220419_rerunSP2.raw,111599.1015625,GEE,2.53,1
[R].EGLTTQeGEDR.[I],E7(GEE85),2,220419_rerunJ7.raw,111336.046875,GEE,2.04,1
[R].EGLTTQeGEDR.[I],E7(GEE85),2,220419_rerunSP3.raw,53460.34375,GEE,2.32,1
[R].EGLTTQeGEDR.[I],E7(GEE85),2,220419_rerunSP4.raw,59868.984375,GEE,2.19,1
[R].EGLTTQeGEDR.[I],E7(GEE85),2,220419_rerunSP4.raw,60143.11328125,GEE,2.13,1
[R].EGLTTQEGEDRIQIFGPNK.[L],,3,220419_rerunJ1.raw,310212.84375,,2.73,1
[R].EGLTTQEGEDRIQIFGPNK.[L],,3,220419_rerunJ4.raw,247122.40625,,3.42,1
[R].EGLTTQEGEDRIQIFGPNK.[L],,3,220419_rerunJ5.raw,315109.09375,,3.41,1
[R].EGLTTQEGEDRIQIFGPNK.[L],,3,220419_rerunMB7.raw,125332.3359375,,3.39,1
[R].EGLTTQEGEDRIQIFGPNK.[L],,3,220419_rerunMB8.raw,163863.265625,,2.98,1
[R].EGLTTQEGEDRIQIFGPNK.[L],,3,220419_rerunSP2.raw,,,3.49,1
[R].EGLTTQEGEDRIQIFGPNKLEEK.[K],,3,220419_rerunJ1.raw,180702.828125,,2.25,1
[R].EGLTTQEGEDRIQIFGPNKLEEK.[K],,4,220419_rerunJ5.raw,455067.875,,3.03,1
[R].EGLTTQEGEDRIQIFGPNKLEEK.[K],,4,220425_rerunSP5.raw,180948.265625,,3.07,1
[R].EGLTTqEGEDRIQIFGPNKLEEK.[K],Q6(Deamidated),3,220419_rerunJ1.raw,,,2.80,1
[R].EGLTTqEGEDRIQIFGPNKLEEK.[K],Q6(Deamidated),3,220419_rerunJ5.raw,,,3.39,1
[R].ELSEIAEQAK.[R],,2,220419_rerunJ2.raw,1092955.125,,2.33,1
[R].ELSEIAEQAK.[R],,2,220419_rerunJ3.raw,589083.0625,,2.21,1
[R].ELSEIAEQAK.[R],,2,220419_rerunJ4.raw,941529.625,,2.51,1
[R].ELSEIAEQAK.[R],,2,220419_rerunJ5.raw,1778514.5,,2.16,1
[R].ELSEIAEQAK.[R],,2,220419_rerunJ6.raw,983807.3125,,2.02,1
[R].ELSEIAEQAK.[R],,2,220419_rerunJ7.raw,787483.3125,,2.49,1
[R].ELSEIAEQAK.[R],,2,220419_rerunJ8.raw,502950.75,,2.12,1
[R].ELSEIAEQAK.[R],,2,220419_rerunMB1.raw,610598.75,,2.44,1
[R].ELSEIAEQAK.[R],,2,220419_rerunMB2.raw,439922.9375,,2.27,1
[R].ELSeIAEQAK.[R],E4(GEE85),2,220419_rerunJ4.raw,296050.5,GEE,2.16,1
[R].ELSEIAeQAK.[R],E7(GEE85),2,220419_rerunJ2.raw,104959.046875,GEE,2.44,1
[R].ELSEIAeQAK.[R],E7(GEE85),2,220419_rerunJ4.raw,198364.40625,GEE,2.34,1
[R].ELSEIAEQAKR.[R],,2,220419_rerunJ2.raw,133313.234375,,2.23,1
[R].ELSEIAEQAKR.[R],,2,220419_rerunJ3.raw,123380.5234375,,2.30,1
[R].ELSEIAEQAKR.[R],,2,220419_rerunJ4.raw,86030.1640625,,2.42,1
[R].ELSEIAEQAKR.[R],,2,220419_rerunJ5.raw,193189.046875,,2.34,1
[R].ELSEIAEQAKR.[R],,2,220419_rerunJ6.raw,99410.7421875,,2.34,1
[R].ELSEIAEQAKR.[R],,2,220419_rerunMB3.raw,58893.6015625,,2.17,1
[R].ELSEIAEQAKR.[R],,3,220419_rerunJ2.raw,265637.875,,2.61,1
[R].ELSEIAEQAKR.[R],,3,220419_rerunJ3.raw,268377.625,,2.81,1
[R].ELSEIAEQAKR.[R],,3,220419_rerunJ5.raw,350137.21875,,3.07,1
[R].ELSEIAEQAKR.[R],,3,220419_rerunJ6.raw,188743.328125,,2.52,1
[R].ELSEIAEQAKR.[R],,3,220419_rerunSP1.raw,181079.234375,,2.22,1
[R].ELSEIAEQAKR.[R],,3,220419_rerunSP2.raw,188069.359375,,2.07,1
[R].ELSEIAEQAKR.[R],,3,220425_rerunSP5.raw,119306.1640625,,2.40,1
[R].EVHFLPFNPVDK.[R],,2,220419_rerunJ1.raw,233016.234375,,2.90,1
[R].EVHFLPFNPVDK.[R],,2,220419_rerunJ1.raw,233016.234375,,3.09,1
[R].EVHFLPFNPVDK.[R],,2,220419_rerunJ2.raw,222119,,2.83,1
[R].EVHFLPFNPVDK.[R],,2,220419_rerunJ4.raw,200877.34375,,2.96,1
[R].EVHFLPFNPVDK.[R],,2,220419_rerunJ5.raw,327913.59375,,3.37,1
[R].EVHFLPFNPVDK.[R],,2,220419_rerunJ6.raw,211424.578125,,3.45,1
[R].EVHFLPFNPVDK.[R],,2,220419_rerunJ7.raw,212972.046875,,2.85,1
[R].EVHFLPFNPVDK.[R],,2,220419_rerunJ8.raw,140893.953125,,2.52,1
[R].EVHFLPFNPVDK.[R],,2,220419_rerunMB1.raw,178427.546875,,3.44,1
[R].EVHFLPFNPVDK.[R],,2,220419_rerunMB2.raw,148326.5,,3.06,1
[R].EVHFLPFNPVDK.[R],,2,220419_rerunMB3.raw,183133.453125,,3.02,1
[R].EVHFLPFNPVDK.[R],,2,220419_rerunMB4.raw,61264.0078125,,2.39,1
[R].EVHFLPFNPVDK.[R],,2,220419_rerunMB5.raw,302314.625,,3.03,1
[R].EVHFLPFNPVDK.[R],,2,220419_rerunMB6.raw,222271.921875,,3.16,1
[R].EVHFLPFNPVDK.[R],,2,220419_rerunMB7.raw,78909.53125,,3.12,1
[R].EVHFLPFNPVDK.[R],,2,220419_rerunMB8.raw,202697.140625,,2.88,1
[R].EVHFLPFNPVDK.[R],,2,220419_rerunSP1.raw,178571.875,,2.85,1
[R].EVHFLPFNPVDK.[R],,2,220419_rerunSP2.raw,283310.71875,,2.36,1
[R].EVHFLPFNPVDK.[R],,2,220419_rerunSP3.raw,102692.8671875,,2.52,1
[R].EVHFLPFNPVDK.[R],,3,220419_rerunJ1.raw,1006743.5,,2.66,1
[R].EVHFLPFNPVDK.[R],,3,220419_rerunJ1.raw,1006743.5,,3.00,1
[R].EVHFLPFNPVDK.[R],,3,220419_rerunJ2.raw,866978,,2.79,1
[R].EVHFLPFNPVDK.[R],,3,220419_rerunJ2.raw,866978,,2.86,1
[R].EVHFLPFNPVDK.[R],,3,220419_rerunJ2.raw,866978,,3.30,1
[R].EVHFLPFNPVDK.[R],,3,220419_rerunJ4.raw,790862.6875,,3.20,1
[R].EVHFLPFNPVDK.[R],,3,220419_rerunJ4.raw,790862.6875,,3.39,1
[R].EVHFLPFNPVDK.[R],,3,220419_rerunJ5.raw,1220691.125,,3.04,1
[R].EVHFLPFNPVDK.[R],,3,220419_rerunJ5.raw,1220691.125,,3.24,1
[R].EVHFLPFNPVDK.[R],,3,220419_rerunJ6.raw,772059.75,,3.23,1
[R].EVHFLPFNPVDK.[R],,3,220419_rerunJ7.raw,652342,,2.85,1
[R].EVHFLPFNPVDK.[R],,3,220419_rerunJ7.raw,652342,,3.37,1
[R].EVHFLPFNPVDK.[R],,3,220419_rerunJ8.raw,424525.09375,,2.74,1
[R].EVHFLPFNPVDK.[R],,3,220419_rerunJ8.raw,424525.09375,,3.04,1
[R].EVHFLPFNPVDK.[R],,3,220419_rerunMB1.raw,597977.1875,,2.36,1
[R].EVHFLPFNPVDK.[R],,3,220419_rerunMB1.raw,597977.1875,,3.01,1
[R].EVHFLPFNPVDK.[R],,3,220419_rerunMB2.raw,532775.125,,3.12,1
[R].EVHFLPFNPVDK.[R],,3,220419_rerunMB2.raw,532775.125,,3.46,1
[R].EVHFLPFNPVDK.[R],,3,220419_rerunMB3.raw,661039.875,,2.20,1
[R].EVHFLPFNPVDK.[R],,3,220419_rerunMB3.raw,661039.875,,2.89,1
[R].EVHFLPFNPVDK.[R],,3,220419_rerunMB3.raw,661039.875,,3.28,1
[R].EVHFLPFNPVDK.[R],,3,220419_rerunMB4.raw,230754.453125,,2.70,1
[R].EVHFLPFNPVDK.[R],,3,220419_rerunMB5.raw,1087912.375,,2.04,1
[R].EVHFLPFNPVDK.[R],,3,220419_rerunMB5.raw,1087912.375,,3.37,1
[R].EVHFLPFNPVDK.[R],,3,220419_rerunMB5.raw,1087912.375,,3.44,1
[R].EVHFLPFNPVDK.[R],,3,220419_rerunMB6.raw,872017.5,,2.77,1
[R].EVHFLPFNPVDK.[R],,3,220419_rerunMB6.raw,872017.5,,3.12,1
[R].EVHFLPFNPVDK.[R],,3,220419_rerunMB7.raw,332865.15625,,2.40,1
[R].EVHFLPFNPVDK.[R],,3,220419_rerunMB7.raw,332865.15625,,3.01,1
[R].EVHFLPFNPVDK.[R],,3,220419_rerunMB8.raw,797721.75,,2.46,1
[R].EVHFLPFNPVDK.[R],,3,220419_rerunMB8.raw,797721.75,,2.91,1
[R].EVHFLPFNPVDK.[R],,3,220419_rerunSP1.raw,573866.375,,2.56,1
[R].EVHFLPFNPVDK.[R],,3,220419_rerunSP1.raw,573866.375,,2.85,1
[R].EVHFLPFNPVDK.[R],,3,220419_rerunSP2.raw,905538.4375,,2.78,1
[R].EVHFLPFNPVDK.[R],,3,220419_rerunSP3.raw,1410022.5,,2.03,1
[R].EVHFLPFNPVDK.[R],,3,220419_rerunSP3.raw,442514.4375,,2.38,1
[R].EVHFLPFNPVDK.[R],,3,220419_rerunSP3.raw,442514.4375,,2.86,1
[R].EVHFLPFNPVDK.[R],,3,220419_rerunSP4.raw,317482.375,,2.39,1
[R].EVHFLPFNPVDK.[R],,3,220419_rerunSP4.raw,3555358,,2.67,1
[R].EVHFLPFNPVDK.[R],,3,220419_rerunSP7.raw,242047.015625,,2.62,1
[R].EVHFLPFNPVDK.[R],,3,220419_rerunSP8.raw,83734.6953125,,2.35,1
[R].EVHFLPFNPVDK.[R],,3,220425_rerunSP5.raw,458028.4375,,2.11,1
[R].EVHFLPFNPVDK.[R],,3,220425_rerunSP5.raw,458028.4375,,2.82,1
[R].EVHFLPFNPVDK.[R],,3,220425_rerunSP5.raw,458028.4375,,3.01,1
[R].EVHFLPFNPVDK.[R],,3,220425_rerunSP6.raw,254908.8125,,2.64,1
[R].EVHFLPFNPVDK.[R],,3,220425_rerunSP6.raw,254908.8125,,3.24,1
[R].EVHFLPFNPVDKR.[T],,3,220419_rerunJ1.raw,603445.375,,2.32,1
[R].EVHFLPFNPVDKR.[T],,3,220419_rerunJ1.raw,603445.375,,4.09,1
[R].EVHFLPFNPVDKR.[T],,3,220419_rerunJ2.raw,798886.9375,,2.30,1
[R].EVHFLPFNPVDKR.[T],,3,220419_rerunJ2.raw,798886.9375,,3.00,1
[R].EVHFLPFNPVDKR.[T],,3,220419_rerunJ2.raw,798886.9375,,3.95,1
[R].EVHFLPFNPVDKR.[T],,3,220419_rerunJ3.raw,921127.5625,,3.02,1
[R].EVHFLPFNPVDKR.[T],,3,220419_rerunJ3.raw,921127.5625,,3.23,1
[R].EVHFLPFNPVDKR.[T],,3,220419_rerunJ3.raw,921127.5625,,3.60,1
[R].EVHFLPFNPVDKR.[T],,3,220419_rerunJ4.raw,129804.03125,,2.10,1
[R].EVHFLPFNPVDKR.[T],,3,220419_rerunJ4.raw,974743.3125,,3.70,1
[R].EVHFLPFNPVDKR.[T],,3,220419_rerunJ4.raw,974743.3125,,3.87,1
[R].EVHFLPFNPVDKR.[T],,3,220419_rerunJ5.raw,924341,,3.59,1
[R].EVHFLPFNPVDKR.[T],,3,220419_rerunJ5.raw,924341,,3.91,1
[R].EVHFLPFNPVDKR.[T],,3,220419_rerunJ6.raw,646386.8125,,3.48,1
[R].EVHFLPFNPVDKR.[T],,3,220419_rerunJ6.raw,646386.8125,,3.49,1
[R].EVHFLPFNPVDKR.[T],,3,220419_rerunJ7.raw,572881.1875,,3.41,1
[R].EVHFLPFNPVDKR.[T],,3,220419_rerunJ7.raw,572881.1875,,4.04,1
[R].EVHFLPFNPVDKR.[T],,3,220419_rerunJ8.raw,578018.25,,3.41,1
[R].EVHFLPFNPVDKR.[T],,3,220419_rerunJ8.raw,578018.25,,3.48,1
[R].EVHFLPFNPVDKR.[T],,3,220419_rerunMB1.raw,423278.9375,,2.65,1
[R].EVHFLPFNPVDKR.[T],,3,220419_rerunMB1.raw,423278.9375,,2.69,1
[R].EVHFLPFNPVDKR.[T],,3,220419_rerunMB1.raw,423278.9375,,4.59,1
[R].EVHFLPFNPVDKR.[T],,3,220419_rerunMB2.raw,447855.28125,,2.55,1
[R].EVHFLPFNPVDKR.[T],,3,220419_rerunMB2.raw,447855.28125,,2.58,1
[R].EVHFLPFNPVDKR.[T],,3,220419_rerunMB2.raw,447855.28125,,4.01,1
[R].EVHFLPFNPVDKR.[T],,3,220419_rerunMB3.raw,632916.3125,,2.70,1
[R].EVHFLPFNPVDKR.[T],,3,220419_rerunMB3.raw,632916.3125,,3.64,1
[R].EVHFLPFNPVDKR.[T],,3,220419_rerunMB4.raw,239229.125,,3.31,1
[R].EVHFLPFNPVDKR.[T],,3,220419_rerunMB4.raw,239229.125,,3.32,1
[R].EVHFLPFNPVDKR.[T],,3,220419_rerunMB5.raw,745846.6875,,2.61,1
[R].EVHFLPFNPVDKR.[T],,3,220419_rerunMB5.raw,745846.6875,,4.63,1
[R].EVHFLPFNPVDKR.[T],,3,220419_rerunMB6.raw,476111.96875,,3.09,1
[R].EVHFLPFNPVDKR.[T],,3,220419_rerunMB6.raw,476111.96875,,3.54,1
[R].EVHFLPFNPVDKR.[T],,3,220419_rerunMB7.raw,472979.21875,,3.14,1
[R].EVHFLPFNPVDKR.[T],,3,220419_rerunMB7.raw,472979.21875,,3.99,1
[R].EVHFLPFNPVDKR.[T],,3,220419_rerunMB8.raw,629109.625,,3.03,1
[R].EVHFLPFNPVDKR.[T],,3,220419_rerunMB8.raw,629109.625,,4.00,1
[R].EVHFLPFNPVDKR.[T],,3,220419_rerunSP1.raw,480701.875,,2.94,1
[R].EVHFLPFNPVDKR.[T],,3,220419_rerunSP1.raw,480701.875,,4.06,1
[R].EVHFLPFNPVDKR.[T],,3,220419_rerunSP2.raw,1045419.0625,,2.09,1
[R].EVHFLPFNPVDKR.[T],,3,220419_rerunSP2.raw,1045419.0625,,4.38,1
[R].EVHFLPFNPVDKR.[T],,3,220419_rerunSP3.raw,447394.875,,3.38,1
[R].EVHFLPFNPVDKR.[T],,3,220419_rerunSP4.raw,470859.59375,,2.74,1
[R].EVHFLPFNPVDKR.[T],,3,220419_rerunSP4.raw,470859.59375,,3.39,1
[R].EVHFLPFNPVDKR.[T],,3,220419_rerunSP7.raw,337611.625,,3.00,1
[R].EVHFLPFNPVDKR.[T],,3,220419_rerunSP7.raw,337611.625,,4.20,1
[R].EVHFLPFNPVDKR.[T],,3,220419_rerunSP8.raw,121518.2109375,,2.44,1
[R].EVHFLPFNPVDKR.[T],,3,220419_rerunSP8.raw,121518.2109375,,3.12,1
[R].EVHFLPFNPVDKR.[T],,3,220425_rerunSP5.raw,269484,,3.31,1
[R].EVHFLPFNPVDKR.[T],,3,220425_rerunSP6.raw,212742.84375,,3.08,1
[R].EVHFLPFNPVDKR.[T],,4,220419_rerunSP1.raw,324538.84375,,2.44,1
[R].EVHFLPFNPVDKR.[T],,4,220419_rerunSP2.raw,686578.25,,2.36,1
[R].IQIFGPNK.[L],,2,220419_rerunJ7.raw,747814,,2.11,1
[R].IQIFGPNK.[L],,2,220419_rerunJ8.raw,636469.8125,,2.03,1
[R].IQIFGPNK.[L],,2,220419_rerunMB3.raw,1398038.75,,2.03,1
[R].IQIFGPNK.[L],,2,220419_rerunMB3.raw,1398038.75,,2.20,1
[R].IQIFGPNK.[L],,2,220419_rerunMB7.raw,380254.34375,,2.01,1
[R].IQIFGPNK.[L],,2,220419_rerunMB7.raw,380254.34375,,2.06,1
[R].IQIFGPNK.[L],,2,220419_rerunMB8.raw,137764.640625,,2.03,1
[R].IQIFGPNK.[L],,2,220419_rerunSP1.raw,255646.609375,,2.11,1
[R].IQIFGPNK.[L],,2,220419_rerunSP3.raw,550909.25,,2.15,1
[R].IQIFGPNK.[L],,2,220425_rerunSP6.raw,192040.578125,,2.00,1
[R].IQIFGPNKLEEK.[K],,3,220419_rerunJ1.raw,775484.875,,2.49,1
[R].IQIFGPNKLEEK.[K],,3,220419_rerunJ6.raw,1022956.9375,,2.93,1
[R].IQIFGPNKLEEK.[K],,3,220419_rerunMB1.raw,283754.96875,,2.33,1
[R].IQIFGPNKLEEK.[K],,3,220419_rerunMB2.raw,408708.375,,2.71,1
[R].IQIFGPNKLEEK.[K],,3,220419_rerunSP1.raw,618738.25,,3.27,1
[R].IQIFGPNKLEEK.[K],,3,220419_rerunSP2.raw,979743.125,,2.70,1
[R].LGMGTNMYPSSALLGTHK.[D],,3,220419_rerunSP2.raw,195583.09375,,3.18,1
[R].LGmGTNMYPSSALLGTHK.[D],M3(Oxidation),3,220419_rerunSP3.raw,118352.609375,,2.04,1
[R].LGmGTNmYPSSALLGTHK.[D],M3(Oxidation); M7(Oxidation),3,220419_rerunJ2.raw,,,2.05,1
[R].LGMGTNmYPSSALLGTHK.[D],M7(Oxidation),3,220419_rerunJ1.raw,174552.28125,,2.85,1
[R].LGMGTNmYPSSALLGTHK.[D],M7(Oxidation),3,220419_rerunSP7.raw,65193.59765625,,2.13,1
[R].LLEGDPLKVDQSALTGESLPVTK.[H],,2,220419_rerunJ2.raw,147246.515625,,2.05,1
[R].LLEGDPLKVDQSALTGESLPVTK.[H],,2,220419_rerunJ7.raw,105838.8203125,,2.22,1
[R].LLEGDPLKVDQSALTGESLPVTK.[H],,2,220419_rerunMB2.raw,87019,,2.36,1
[R].LLEGDPLKVDQSALTGESLPVTK.[H],,2,220419_rerunMB3.raw,92837.90625,,2.20,1
[R].LLEGDPLKVDQSALTGESLPVTK.[H],,3,220419_rerunJ1.raw,2523592.25,,3.88,1
[R].LLEGDPLKVDQSALTGESLPVTK.[H],,3,220419_rerunJ1.raw,2523592.25,,4.61,1
[R].LLEGDPLKVDQSALTGESLPVTK.[H],,3,220419_rerunJ2.raw,2025863,,3.92,1
[R].LLEGDPLKVDQSALTGESLPVTK.[H],,3,220419_rerunJ2.raw,2025863,,4.48,1
[R].LLEGDPLKVDQSALTGESLPVTK.[H],,3,220419_rerunJ3.raw,1482422.625,,3.78,1
[R].LLEGDPLKVDQSALTGESLPVTK.[H],,3,220419_rerunJ3.raw,1482422.625,,3.82,1
[R].LLEGDPLKVDQSALTGESLPVTK.[H],,3,220419_rerunJ4.raw,1149114.75,,3.53,1
[R].LLEGDPLKVDQSALTGESLPVTK.[H],,3,220419_rerunJ4.raw,1149114.75,,3.77,1
[R].LLEGDPLKVDQSALTGESLPVTK.[H],,3,220419_rerunJ5.raw,2678688.25,,4.17,1
[R].LLEGDPLKVDQSALTGESLPVTK.[H],,3,220419_rerunJ5.raw,2678688.25,,4.43,1
[R].LLEGDPLKVDQSALTGESLPVTK.[H],,3,220419_rerunJ6.raw,1445029.75,,3.27,1
[R].LLEGDPLKVDQSALTGESLPVTK.[H],,3,220419_rerunJ6.raw,1445029.75,,3.97,1
[R].LLEGDPLKVDQSALTGESLPVTK.[H],,3,220419_rerunJ7.raw,1267731.75,,2.97,1
[R].LLEGDPLKVDQSALTGESLPVTK.[H],,3,220419_rerunJ7.raw,1267731.75,,3.67,1
[R].LLEGDPLKVDQSALTGESLPVTK.[H],,3,220419_rerunJ8.raw,839550.5625,,2.58,1
[R].LLEGDPLKVDQSALTGESLPVTK.[H],,3,220419_rerunJ8.raw,839550.5625,,3.07,1
[R].LLEGDPLKVDQSALTGESLPVTK.[H],,3,220419_rerunMB1.raw,1078323.125,,3.57,1
[R].LLEGDPLKVDQSALTGESLPVTK.[H],,3,220419_rerunMB2.raw,875600.25,,3.18,1
[R].LLEGDPLKVDQSALTGESLPVTK.[H],,3,220419_rerunMB2.raw,875600.25,,4.22,1
[R].LLEGDPLKVDQSALTGESLPVTK.[H],,3,220419_rerunMB3.raw,923704.375,,4.77,1
[R].LLEGDPLKVDQSALTGESLPVTK.[H],,3,220419_rerunMB4.raw,320355.28125,,3.42,1
[R].LLEGDPLKVDQSALTGESLPVTK.[H],,3,220419_rerunMB5.raw,2458395.75,,3.81,1
[R].LLEGDPLKVDQSALTGESLPVTK.[H],,3,220419_rerunMB5.raw,2458395.75,,4.47,1
[R].LLEGDPLKVDQSALTGESLPVTK.[H],,3,220419_rerunMB6.raw,862881.25,,4.35,1
[R].LLEGDPLKVDQSALTGESLPVTK.[H],,3,220419_rerunMB7.raw,662113.5625,,2.26,1
[R].LLEGDPLKVDQSALTGESLPVTK.[H],,3,220419_rerunMB7.raw,662113.5625,,3.04,1
[R].LLEGDPLKVDQSALTGESLPVTK.[H],,3,220419_rerunMB8.raw,738514,,2.90,1
[R].LLEGDPLKVDQSALTGESLPVTK.[H],,3,220419_rerunSP1.raw,1629286.375,,3.80,1
[R].LLEGDPLKVDQSALTGESLPVTK.[H],,3,220419_rerunSP1.raw,1629286.375,,4.03,1
[R].LLEGDPLKVDQSALTGESLPVTK.[H],,3,220419_rerunSP2.raw,2057319.5,,2.84,1
[R].LLEGDPLKVDQSALTGESLPVTK.[H],,3,220419_rerunSP2.raw,2057319.5,,3.73,1
[R].LLEGDPLKVDQSALTGESLPVTK.[H],,3,220419_rerunSP3.raw,716351.3125,,2.62,1
[R].LLEGDPLKVDQSALTGESLPVTK.[H],,3,220419_rerunSP3.raw,716351.3125,,2.91,1
[R].LLEGDPLKVDQSALTGESLPVTK.[H],,3,220419_rerunSP3.raw,716351.3125,,3.09,1
[R].LLEGDPLKVDQSALTGESLPVTK.[H],,3,220419_rerunSP4.raw,606532.625,,2.68,1
[R].LLEGDPLKVDQSALTGESLPVTK.[H],,3,220419_rerunSP4.raw,606532.625,,3.75,1
[R].LLEGDPLKVDQSALTGESLPVTK.[H],,3,220419_rerunSP7.raw,636681.8125,,3.31,1
[R].LLEGDPLKVDQSALTGESLPVTK.[H],,3,220419_rerunSP8.raw,186069.71875,,2.37,1
[R].LLEGDPLKVDQSALTGESLPVTK.[H],,3,220425_rerunSP5.raw,1239874.625,,3.22,1
[R].LLEGDPLKVDQSALTGESLPVTK.[H],,3,220425_rerunSP5.raw,1239874.625,,3.66,1
[R].LLEGDPLKVDQSALTGESLPVTK.[H],,3,220425_rerunSP6.raw,569136.3125,,2.38,1
[R].LLEGDPLKVDQSALTGESLPVTK.[H],,3,220425_rerunSP6.raw,569136.3125,,2.81,1
[R].LLEGDPLKVDQSALTGeSLPVTK.[H],E17(GEE85),3,220419_rerunJ7.raw,97344.4296875,GEE,2.72,1
[R].LLEGDPLKVDQSALTGeSLPVTK.[H],E17(GEE85),3,220419_rerunJ8.raw,93435.515625,GEE,2.43,1
[R].LLEGDPLKVDQSALTGeSLPVTK.[H],E17(GEE85),3,220419_rerunMB8.raw,70096.5234375,GEE,2.81,1
[R].LLEGDPLKVDqSALTGESLPVTK.[H],Q11(Deamidated),2,220419_rerunJ1.raw,,,2.22,1
[R].LLEGDPLKVDqSALTGESLPVTK.[H],Q11(Deamidated),2,220419_rerunJ2.raw,,,2.10,1
[R].LLEGDPLKVDqSALTGESLPVTK.[H],Q11(Deamidated),2,220419_rerunJ8.raw,,,2.27,1
[R].LLEGDPLKVDqSALTGESLPVTK.[H],Q11(Deamidated),2,220419_rerunMB5.raw,,,2.08,1
[R].LSQQGAITK.[R],,2,220419_rerunJ4.raw,828577,,2.08,1
[R].LSQQGAITK.[R],,2,220419_rerunJ5.raw,845343.5625,,2.41,1
[R].LSQQGAITK.[R],,2,220419_rerunMB3.raw,546008.8125,,2.28,1
[R].LSQQGAITK.[R],,2,220419_rerunSP4.raw,284586,,2.00,1
[R].LSQQGAITK.[R],,2,220419_rerunSP7.raw,316319.21875,,2.07,1
[R].RALNLGVNVK.[M],,2,220419_rerunJ2.raw,303317.53125,,2.64,1
[R].RALNLGVNVK.[M],,2,220419_rerunMB5.raw,296651.375,,2.15,1
[R].TALTYIDGSGNWHR.[V],,2,220419_rerunJ1.raw,436033.46875,,2.88,1
[R].TALTYIDGSGNWHR.[V],,2,220419_rerunJ2.raw,465327.125,,2.05,1
[R].TALTYIDGSGNWHR.[V],,2,220419_rerunJ2.raw,465327.125,,2.27,1
[R].TALTYIDGSGNWHR.[V],,2,220419_rerunJ2.raw,465327.125,,2.65,1
[R].TALTYIDGSGNWHR.[V],,2,220419_rerunJ3.raw,529231.3125,,2.71,1
[R].TALTYIDGSGNWHR.[V],,2,220419_rerunJ4.raw,660789.1875,,2.13,1
[R].TALTYIDGSGNWHR.[V],,2,220419_rerunJ4.raw,660789.1875,,2.77,1
[R].TALTYIDGSGNWHR.[V],,2,220419_rerunJ5.raw,484993.03125,,2.17,1
[R].TALTYIDGSGNWHR.[V],,2,220419_rerunJ5.raw,484993.03125,,2.89,1
[R].TALTYIDGSGNWHR.[V],,2,220419_rerunJ6.raw,411501.96875,,2.99,1
[R].TALTYIDGSGNWHR.[V],,2,220419_rerunJ7.raw,476634.46875,,2.43,1
[R].TALTYIDGSGNWHR.[V],,2,220419_rerunJ7.raw,476634.46875,,2.48,1
[R].TALTYIDGSGNWHR.[V],,2,220419_rerunJ8.raw,449917.9375,,2.14,1
[R].TALTYIDGSGNWHR.[V],,2,220419_rerunJ8.raw,449917.9375,,2.34,1
[R].TALTYIDGSGNWHR.[V],,2,220419_rerunJ8.raw,449917.9375,,3.23,1
[R].TALTYIDGSGNWHR.[V],,2,220419_rerunMB1.raw,268158.03125,,3.09,1
[R].TALTYIDGSGNWHR.[V],,2,220419_rerunMB2.raw,301837.65625,,2.07,1
[R].TALTYIDGSGNWHR.[V],,2,220419_rerunMB2.raw,301837.65625,,2.43,1
[R].TALTYIDGSGNWHR.[V],,2,220419_rerunMB2.raw,301837.65625,,2.53,1
[R].TALTYIDGSGNWHR.[V],,2,220419_rerunMB3.raw,464890.46875,,2.03,1
[R].TALTYIDGSGNWHR.[V],,2,220419_rerunMB3.raw,464890.46875,,2.70,1
[R].TALTYIDGSGNWHR.[V],,2,220419_rerunMB4.raw,148546.6875,,2.28,1
[R].TALTYIDGSGNWHR.[V],,2,220419_rerunMB4.raw,148546.6875,,2.33,1
[R].TALTYIDGSGNWHR.[V],,2,220419_rerunMB4.raw,148546.6875,,2.95,1
[R].TALTYIDGSGNWHR.[V],,2,220419_rerunMB5.raw,476562.6875,,2.48,1
[R].TALTYIDGSGNWHR.[V],,2,220419_rerunMB6.raw,325225.8125,,2.48,1
[R].TALTYIDGSGNWHR.[V],,2,220419_rerunMB6.raw,325225.8125,,2.81,1
[R].TALTYIDGSGNWHR.[V],,2,220419_rerunMB7.raw,239252.015625,,2.64,1
[R].TALTYIDGSGNWHR.[V],,2,220419_rerunMB8.raw,411918.90625,,2.01,1
[R].TALTYIDGSGNWHR.[V],,2,220419_rerunMB8.raw,411918.90625,,2.20,1
[R].TALTYIDGSGNWHR.[V],,2,220419_rerunMB8.raw,411918.90625,,2.66,1
[R].TALTYIDGSGNWHR.[V],,2,220419_rerunMB8.raw,411918.90625,,2.74,1
[R].TALTYIDGSGNWHR.[V],,2,220419_rerunSP1.raw,393759.3125,,2.65,1
[R].TALTYIDGSGNWHR.[V],,2,220419_rerunSP1.raw,393759.3125,,2.72,1
[R].TALTYIDGSGNWHR.[V],,2,220419_rerunSP2.raw,667440.6875,,3.20,1
[R].TALTYIDGSGNWHR.[V],,2,220419_rerunSP3.raw,232056.546875,,2.22,1
[R].TALTYIDGSGNWHR.[V],,2,220419_rerunSP3.raw,232056.546875,,2.38,1
[R].TALTYIDGSGNWHR.[V],,2,220419_rerunSP3.raw,232056.546875,,3.35,1
[R].TALTYIDGSGNWHR.[V],,2,220419_rerunSP4.raw,227111.8125,,2.15,1
[R].TALTYIDGSGNWHR.[V],,2,220419_rerunSP4.raw,227111.8125,,2.19,1
[R].TALTYIDGSGNWHR.[V],,2,220419_rerunSP4.raw,227111.8125,,2.43,1
[R].TALTYIDGSGNWHR.[V],,2,220419_rerunSP4.raw,227111.8125,,3.12,1
[R].TALTYIDGSGNWHR.[V],,2,220419_rerunSP7.raw,155492.671875,,2.59,1
[R].TALTYIDGSGNWHR.[V],,2,220419_rerunSP8.raw,74293.9296875,,2.39,1
[R].TALTYIDGSGNWHR.[V],,3,220419_rerunJ1.raw,1180780,,2.49,1
[R].TALTYIDGSGNWHR.[V],,3,220419_rerunJ1.raw,1180780,,2.64,1
[R].TALTYIDGSGNWHR.[V],,3,220419_rerunJ1.raw,1180780,,3.15,1
[R].TALTYIDGSGNWHR.[V],,3,220419_rerunJ2.raw,1096100.875,,2.51,1
[R].TALTYIDGSGNWHR.[V],,3,220419_rerunJ2.raw,1096100.875,,2.78,1
[R].TALTYIDGSGNWHR.[V],,3,220419_rerunJ2.raw,1096100.875,,3.00,1
[R].TALTYIDGSGNWHR.[V],,3,220419_rerunJ3.raw,1234708.25,,2.40,1
[R].TALTYIDGSGNWHR.[V],,3,220419_rerunJ3.raw,1234708.25,,3.12,1
[R].TALTYIDGSGNWHR.[V],,3,220419_rerunJ3.raw,1234708.25,,4.01,1
[R].TALTYIDGSGNWHR.[V],,3,220419_rerunJ4.raw,1419834.375,,2.76,1
[R].TALTYIDGSGNWHR.[V],,3,220419_rerunJ4.raw,1419834.375,,3.23,1
[R].TALTYIDGSGNWHR.[V],,3,220419_rerunJ5.raw,1099229.25,,2.16,1
[R].TALTYIDGSGNWHR.[V],,3,220419_rerunJ5.raw,1099229.25,,3.07,1
[R].TALTYIDGSGNWHR.[V],,3,220419_rerunJ5.raw,1099229.25,,3.62,1
[R].TALTYIDGSGNWHR.[V],,3,220419_rerunJ6.raw,904011.625,,2.02,1
[R].TALTYIDGSGNWHR.[V],,3,220419_rerunJ6.raw,904011.625,,2.31,1
[R].TALTYIDGSGNWHR.[V],,3,220419_rerunJ6.raw,904011.625,,3.78,1
[R].TALTYIDGSGNWHR.[V],,3,220419_rerunJ7.raw,909649.375,,2.09,1
[R].TALTYIDGSGNWHR.[V],,3,220419_rerunJ7.raw,909649.375,,2.63,1
[R].TALTYIDGSGNWHR.[V],,3,220419_rerunJ7.raw,909649.375,,2.97,1
[R].TALTYIDGSGNWHR.[V],,3,220419_rerunJ7.raw,909649.375,,3.41,1
[R].TALTYIDGSGNWHR.[V],,3,220419_rerunJ8.raw,862917.0625,,2.08,1
[R].TALTYIDGSGNWHR.[V],,3,220419_rerunJ8.raw,862917.0625,,2.60,1
[R].TALTYIDGSGNWHR.[V],,3,220419_rerunJ8.raw,862917.0625,,3.37,1
[R].TALTYIDGSGNWHR.[V],,3,220419_rerunMB1.raw,633799.5,,2.70,1
[R].TALTYIDGSGNWHR.[V],,3,220419_rerunMB1.raw,633799.5,,3.24,1
[R].TALTYIDGSGNWHR.[V],,3,220419_rerunMB2.raw,639438.625,,2.03,1
[R].TALTYIDGSGNWHR.[V],,3,220419_rerunMB2.raw,639438.625,,2.09,1
[R].TALTYIDGSGNWHR.[V],,3,220419_rerunMB2.raw,639438.625,,3.12,1
[R].TALTYIDGSGNWHR.[V],,3,220419_rerunMB3.raw,917860.8125,,2.53,1
[R].TALTYIDGSGNWHR.[V],,3,220419_rerunMB3.raw,917860.8125,,3.12,1
[R].TALTYIDGSGNWHR.[V],,3,220419_rerunMB4.raw,386408.96875,,3.05,1
[R].TALTYIDGSGNWHR.[V],,3,220419_rerunMB4.raw,386408.96875,,3.64,1
[R].TALTYIDGSGNWHR.[V],,3,220419_rerunMB5.raw,1073907.5,,2.52,1
[R].TALTYIDGSGNWHR.[V],,3,220419_rerunMB5.raw,1073907.5,,3.23,1
[R].TALTYIDGSGNWHR.[V],,3,220419_rerunMB6.raw,772555.8125,,2.72,1
[R].TALTYIDGSGNWHR.[V],,3,220419_rerunMB6.raw,772555.8125,,2.84,1
[R].TALTYIDGSGNWHR.[V],,3,220419_rerunMB6.raw,772555.8125,,3.39,1
[R].TALTYIDGSGNWHR.[V],,3,220419_rerunMB7.raw,601159.125,,2.12,1
[R].TALTYIDGSGNWHR.[V],,3,220419_rerunMB7.raw,601159.125,,2.42,1
[R].TALTYIDGSGNWHR.[V],,3,220419_rerunMB8.raw,1047879.375,,2.63,1
[R].TALTYIDGSGNWHR.[V],,3,220419_rerunMB8.raw,1047879.375,,2.68,1
[R].TALTYIDGSGNWHR.[V],,3,220419_rerunMB8.raw,1047879.375,,3.43,1
[R].TALTYIDGSGNWHR.[V],,3,220419_rerunSP1.raw,1163659.875,,2.10,1
[R].TALTYIDGSGNWHR.[V],,3,220419_rerunSP1.raw,1163659.875,,2.76,1
[R].TALTYIDGSGNWHR.[V],,3,220419_rerunSP1.raw,1163659.875,,3.49,1
[R].TALTYIDGSGNWHR.[V],,3,220419_rerunSP2.raw,1534169.875,,2.85,1
[R].TALTYIDGSGNWHR.[V],,3,220419_rerunSP2.raw,1534169.875,,2.87,1
[R].TALTYIDGSGNWHR.[V],,3,220419_rerunSP2.raw,1534169.875,,3.16,1
[R].TALTYIDGSGNWHR.[V],,3,220419_rerunSP3.raw,744684.375,,2.21,1
[R].TALTYIDGSGNWHR.[V],,3,220419_rerunSP3.raw,744684.375,,3.05,1
[R].TALTYIDGSGNWHR.[V],,3,220419_rerunSP3.raw,744684.375,,3.30,1
[R].TALTYIDGSGNWHR.[V],,3,220419_rerunSP3.raw,744684.375,,3.37,1
[R].TALTYIDGSGNWHR.[V],,3,220419_rerunSP4.raw,775399.3125,,2.42,1
[R].TALTYIDGSGNWHR.[V],,3,220419_rerunSP4.raw,775399.3125,,2.81,1
[R].TALTYIDGSGNWHR.[V],,3,220419_rerunSP4.raw,775399.3125,,3.34,1
[R].TALTYIDGSGNWHR.[V],,3,220419_rerunSP7.raw,536145.4375,,2.72,1
[R].TALTYIDGSGNWHR.[V],,3,220419_rerunSP7.raw,536145.4375,,3.06,1
[R].TALTYIDGSGNWHR.[V],,3,220419_rerunSP7.raw,536145.4375,,3.07,1
[R].TALTYIDGSGNWHR.[V],,3,220419_rerunSP8.raw,308704.09375,,2.03,1
[R].TALTYIDGSGNWHR.[V],,3,220419_rerunSP8.raw,308704.09375,,2.34,1
[R].TALTYIDGSGNWHR.[V],,3,220419_rerunSP8.raw,308704.09375,,3.16,1
[R].TALTYIDGSGNWHR.[V],,3,220425_rerunSP5.raw,390557.3125,,2.54,1
[R].TALTYIDGSGNWHR.[V],,3,220425_rerunSP5.raw,390557.3125,,2.86,1
[R].TALTYIDGSGNWHR.[V],,3,220425_rerunSP6.raw,370594.1875,,2.14,1
[R].TALTYIDGSGNWHR.[V],,3,220425_rerunSP6.raw,370594.1875,,2.29,1
[R].VENQDAIDAAMVGMLADPK.[E],,2,220419_rerunSP2.raw,175763.09375,,2.02,1
[R].VKPSPTPDSWK.[L],,3,220419_rerunSP1.raw,270031.75,,2.21,1
[R].VKPSPTPDSWK.[L],,3,220419_rerunSP4.raw,194043.8125,,2.36,1
[R].VKPSPTPDSWK.[L],,3,220425_rerunSP5.raw,157786.375,,2.00,1
