Replicate Filename,Master Peptide Sequence,Position in Master Protein,Labeled,Unlabeled,% labeled
2ulAMPPNP1,48-58,EGLTTQEGEDR,63662.3,1.96211e+06,3.14262
2ulAMPPNP1,185-207,LLEGDPLKVDQSALTGESLPVTK,,2.19649e+06,0
2ulAMPPNP1,193-207,VDQSALTGESLPVTK,21893.5,3.19147e+06,0.681327
2ulAMPPNP1,221-239,QGEIEAVVIATGVHTFFGK,,798542,0
2ulAMPPNP1,441-451,GAPEQILELAK,,3.0646e+06,0
2ulAMPPNP1,560-574,DANLASIPVEELIEK,69128.9,1.82854e+06,3.64283
2ulAMPPNP1,575-586,ADGFAGVFPEHK,,187058,0
2ulAMPPNP1,615-630,KADIGIAVADATDAAR,,1.5188e+06,0
2ulAMPPNP1,616-630,ADIGIAVADATDAAR,63821.9,3.77016e+06,1.66464

Replicate Filename,Master Peptide Sequence,Position in Master Protein,Labeled,Unlabeled,% labeled
2ulAMPPNP2,48-58,EGLTTQEGEDR,,1.27211e+06,0
2ulAMPPNP2,185-207,LLEGDPLKVDQSALTGESLPVTK,,1.97418e+06,0
2ulAMPPNP2,193-207,VDQSALTGESLPVTK,,2.608e+06,0
2ulAMPPNP2,221-239,QGEIEAVVIATGVHTFFGK,,574823,0
2ulAMPPNP2,441-451,GAPEQILELAK,,2.24018e+06,0
2ulAMPPNP2,560-574,DANLASIPVEELIEK,,1.30065e+06,0
2ulAMPPNP2,575-586,ADGFAGVFPEHK,,1.83417e+06,0
2ulAMPPNP2,615-630,KADIGIAVADATDAAR,,1.34835e+06,0
2ulAMPPNP2,616-630,ADIGIAVADATDAAR,,3.02556e+06,0

Replicate Filename,Master Peptide Sequence,Position in Master Protein,Labeled,Unlabeled,% labeled
2ulAMPPNP3,48-58,EGLTTQEGEDR,51064.9,1.58956e+06,3.11253
2ulAMPPNP3,185-207,LLEGDPLKVDQSALTGESLPVTK,50819.2,2.52879e+06,1.97003
2ulAMPPNP3,193-207,VDQSALTGESLPVTK,50819.2,3.28702e+06,1.52252
2ulAMPPNP3,221-239,QGEIEAVVIATGVHTFFGK,,499542,0
2ulAMPPNP3,441-451,GAPEQILELAK,,2866962,0
2ulAMPPNP3,560-574,DANLASIPVEELIEK,84263.7,1.61932e+06,4.94626
2ulAMPPNP3,575-586,ADGFAGVFPEHK,,2.44649e+06,0
2ulAMPPNP3,615-630,KADIGIAVADATDAAR,,1.58509e+06,0
2ulAMPPNP3,616-630,ADIGIAVADATDAAR,61150.4,3.44113e+06,1.74602

Replicate Filename,Master Peptide Sequence,Position in Master Protein,Labeled,Unlabeled,% labeled
2ulAMPPNP4,48-58,EGLTTQEGEDR,31177.5,1.12488e+06,2.69688
2ulAMPPNP4,185-207,LLEGDPLKVDQSALTGESLPVTK,,3.63395e+06,0
2ulAMPPNP4,193-207,VDQSALTGESLPVTK,,4.47019e+06,0
2ulAMPPNP4,221-239,QGEIEAVVIATGVHTFFGK,,507647,0
2ulAMPPNP4,441-451,GAPEQILELAK,,,0
2ulAMPPNP4,560-574,DANLASIPVEELIEK,84091.8,1.56152e+06,5.11006
2ulAMPPNP4,575-586,ADGFAGVFPEHK,,2.36652e+06,0
2ulAMPPNP4,615-630,KADIGIAVADATDAAR,,1.29342e+06,0
2ulAMPPNP4,616-630,ADIGIAVADATDAAR,86038.1,3.60752e+06,2.32941

Replicate Filename,Master Peptide Sequence,Position in Master Protein,Labeled,Unlabeled,% labeled
2ulAMPPNP5,48-58,EGLTTQEGEDR,,1.53979e+06,0
2ulAMPPNP5,185-207,LLEGDPLKVDQSALTGESLPVTK,,3.15268e+06,0
2ulAMPPNP5,193-207,VDQSALTGESLPVTK,,4.00703e+06,0
2ulAMPPNP5,221-239,QGEIEAVVIATGVHTFFGK,19356.7,297851,6.10222
2ulAMPPNP5,441-451,GAPEQILELAK,,2.50035e+06,0
2ulAMPPNP5,560-574,DANLASIPVEELIEK,,1.5219e+06,0
2ulAMPPNP5,575-586,ADGFAGVFPEHK,,2.18939e+06,0
2ulAMPPNP5,615-630,KADIGIAVADATDAAR,,1.46673e+06,0
2ulAMPPNP5,616-630,ADIGIAVADATDAAR,57682,3.75764e+06,1.51185

Replicate Filename,Master Peptide Sequence,Position in Master Protein,Labeled,Unlabeled,% labeled
2ulAMPPNP6,48-58,EGLTTQEGEDR,144966,2.48572e+06,5.51058
2ulAMPPNP6,185-207,LLEGDPLKVDQSALTGESLPVTK,65158.1,4.96203e+06,1.29611
2ulAMPPNP6,193-207,VDQSALTGESLPVTK,65158.1,6.27998e+06,1.0269
2ulAMPPNP6,221-239,QGEIEAVVIATGVHTFFGK,,741804,0
2ulAMPPNP6,441-451,GAPEQILELAK,,4.10254e+06,0
2ulAMPPNP6,560-574,DANLASIPVEELIEK,,1.9412e+06,0
2ulAMPPNP6,575-586,ADGFAGVFPEHK,,3.40241e+06,0
2ulAMPPNP6,615-630,KADIGIAVADATDAAR,41858.1,2141680,1.91699
2ulAMPPNP6,616-630,ADIGIAVADATDAAR,198263,5.01258e+06,3.80482

Replicate Filename,Master Peptide Sequence,Position in Master Protein,Labeled,Unlabeled,% labeled
2ulmock1,48-58,EGLTTQEGEDR,36645.1,882521,3.98678
2ulmock1,185-207,LLEGDPLKVDQSALTGESLPVTK,,2102216,0
2ulmock1,193-207,VDQSALTGESLPVTK,,2.87954e+06,0
2ulmock1,221-239,QGEIEAVVIATGVHTFFGK,,570901,0
2ulmock1,441-451,GAPEQILELAK,,2398873,0
2ulmock1,560-574,DANLASIPVEELIEK,,1.67194e+06,0
2ulmock1,575-586,ADGFAGVFPEHK,,2.16769e+06,0
2ulmock1,615-630,KADIGIAVADATDAAR,,1.42048e+06,0
2ulmock1,616-630,ADIGIAVADATDAAR,69867.8,3.26706e+06,2.09378

Replicate Filename,Master Peptide Sequence,Position in Master Protein,Labeled,Unlabeled,% labeled
2ulmock2,48-58,EGLTTQEGEDR,79520.9,1.41836e+06,5.30889
2ulmock2,185-207,LLEGDPLKVDQSALTGESLPVTK,52752.3,2.29264e+06,2.24919
2ulmock2,193-207,VDQSALTGESLPVTK,52752.3,3.29654e+06,1.57503
2ulmock2,221-239,QGEIEAVVIATGVHTFFGK,53956.5,805470,6.2782
2ulmock2,441-451,GAPEQILELAK,,2.57939e+06,0
2ulmock2,560-574,DANLASIPVEELIEK,,1.65201e+06,0
2ulmock2,575-586,ADGFAGVFPEHK,,2.22876e+06,0
2ulmock2,615-630,KADIGIAVADATDAAR,40843.3,1.7779e+06,2.24569
2ulmock2,616-630,ADIGIAVADATDAAR,105670,3.65603e+06,2.8091

Replicate Filename,Master Peptide Sequence,Position in Master Protein,Labeled,Unlabeled,% labeled
2ulmock3,48-58,EGLTTQEGEDR,91149.2,1.3329e+06,6.40071
2ulmock3,185-207,LLEGDPLKVDQSALTGESLPVTK,47812.1,2.67734e+06,1.75447
2ulmock3,193-207,VDQSALTGESLPVTK,47812.1,3.53192e+06,1.33563
2ulmock3,221-239,QGEIEAVVIATGVHTFFGK,,775443,0
2ulmock3,441-451,GAPEQILELAK,,3.19551e+06,0
2ulmock3,560-574,DANLASIPVEELIEK,85756.7,2.25189e+06,3.66851
2ulmock3,575-586,ADGFAGVFPEHK,,1.43424e+06,0
2ulmock3,615-630,KADIGIAVADATDAAR,,1.40195e+06,0
2ulmock3,616-630,ADIGIAVADATDAAR,74339.4,3.56859e+06,2.04065

Replicate Filename,Master Peptide Sequence,Position in Master Protein,Labeled,Unlabeled,% labeled
2ulmock4,48-58,EGLTTQEGEDR,32762.6,796894,3.94894
2ulmock4,185-207,LLEGDPLKVDQSALTGESLPVTK,,4.03432e+06,0
2ulmock4,193-207,VDQSALTGESLPVTK,,4.84917e+06,0
2ulmock4,221-239,QGEIEAVVIATGVHTFFGK,,687803,0
2ulmock4,441-451,GAPEQILELAK,100139,2.98585e+06,3.24496
2ulmock4,560-574,DANLASIPVEELIEK,,1.60787e+06,0
2ulmock4,575-586,ADGFAGVFPEHK,,2.62328e+06,0
2ulmock4,615-630,KADIGIAVADATDAAR,,1.64307e+06,0
2ulmock4,616-630,ADIGIAVADATDAAR,125859,1.64307e+06,7.11498

Replicate Filename,Master Peptide Sequence,Position in Master Protein,Labeled,Unlabeled,% labeled
2ulmock5,48-58,EGLTTQEGEDR,,2.11867e+06,0
2ulmock5,185-207,LLEGDPLKVDQSALTGESLPVTK,72394,4.27392e+06,1.66564
2ulmock5,193-207,VDQSALTGESLPVTK,72394,5.30803e+06,1.34551
2ulmock5,221-239,QGEIEAVVIATGVHTFFGK,,847200,0
2ulmock5,441-451,GAPEQILELAK,,3.21756e+06,0
2ulmock5,560-574,DANLASIPVEELIEK,,1.89679e+06,0
2ulmock5,575-586,ADGFAGVFPEHK,,2.39021e+06,0
2ulmock5,615-630,KADIGIAVADATDAAR,,2.47157e+06,0
2ulmock5,616-630,ADIGIAVADATDAAR,179143,4.83523e+06,3.57259

Replicate Filename,Master Peptide Sequence,Position in Master Protein,Labeled,Unlabeled,% labeled
2ulmock6,48-58,EGLTTQEGEDR,39865.4,1.56687e+06,2.48114
2ulmock6,185-207,LLEGDPLKVDQSALTGESLPVTK,112415,3.41509e+06,3.18681
2ulmock6,193-207,VDQSALTGESLPVTK,112415,4.31051e+06,2.54164
2ulmock6,221-239,QGEIEAVVIATGVHTFFGK,,689994,0
2ulmock6,441-451,GAPEQILELAK,,3.18506e+06,0
2ulmock6,560-574,DANLASIPVEELIEK,,1.61012e+06,0
2ulmock6,575-586,ADGFAGVFPEHK,40156.9,2.14724e+06,1.83583
2ulmock6,615-630,KADIGIAVADATDAAR,,1.69579e+06,0
2ulmock6,616-630,ADIGIAVADATDAAR,77942.9,4.36899e+06,1.75273

