ANNOTATED SEQUENCE, MODIFICATIONS, CHARGE, SPECTRUM FILE, PRECURSOR ABUNDANCE, LABEL?
[R].LLEGDPLKVDQSALTGESLPVTKHPGQEVFSGSTCK.[Q], Q27(DEAMIDATED); C35(CARBOXYMETHYL), 4, 220915_2ULAMPPNP1.RAW, , 
[K].AAHLVDSTNQVGHFQK.[V], , 2, 220915_2ULAMPPNP1.RAW, 204438.890625, 
[K].AAHLVDSTNQVGHFQK.[V], , 3, 220915_2ULAMPPNP1.RAW, 1059645.875, 
[K].AAHLVDSTNQVGHFQK.[V], , 4, 220915_2ULAMPPNP1.RAW, 857115.4375, 
[K].AAHLVDSTNQVGHFQK.[V], N9(DEAMIDATED), 3, 220915_2ULAMPPNP1.RAW, 11690.404296875, 
[K].ADIGIAVADATDAAR.[G], , 2, 220915_2ULAMPPNP1.RAW, 2251364.75, 
[K].ADIGIAVADATDAAR.[G], D12(GEE85), 2, 220915_2ULAMPPNP1.RAW, 63821.94921875, GEE
[K].AWLNLFENK.[T], , 2, 220915_2ULAMPPNP1.RAW, 1095539.625, 
[K].DANLASIPVEELIEK.[A], , 2, 220915_2ULAMPPNP1.RAW, 1641481.375, 
[K].DANLASIPVEELIEKADGFAGVFPEHK.[Y], , 3, 220915_2ULAMPPNP1.RAW, 118041.7265625, 
[K].DANLASIPVEELIEKADGFAGVFPEHK.[Y], , 4, 220915_2ULAMPPNP1.RAW, 69016.109375, 
[K].DANLASIPVEELIEK.[A], E14(GEE85), 2, 220915_2ULAMPPNP1.RAW, 69128.859375, GEE
[K].DQVLLFAAMASR.[V], , 2, 220915_2ULAMPPNP1.RAW, 93360.9296875, 
[K].EAVNIFPEK.[G], , 2, 220915_2ULAMPPNP1.RAW, 1506221.625, 
[K].EAVNIFPEKGSYR.[E], , 2, 220915_2ULAMPPNP1.RAW, 85760.0390625, 
[K].ESPGAPWEFVGLLPLFDPPRHDSAETIR.[R], , 4, 220915_2ULAMPPNP1.RAW, 99651.0234375, 
[K].GAPEQILELAK.[A], , 2, 220915_2ULAMPPNP1.RAW, 3064604.5, 
[K].GHVESVVK.[L], , 2, 220915_2ULAMPPNP1.RAW, 160040.59375, 
[K].GLDIETPSHYTV.[-], , 2, 220915_2ULAMPPNP1.RAW, 558909, 
[K].GVEKDQVLLFAAMASR.[V], , 2, 220915_2ULAMPPNP1.RAW, 39480.8359375, 
[K].GVEKDQVLLFAAMASR.[V], , 3, 220915_2ULAMPPNP1.RAW, 304261.625, 
[K].HIVGMTGDGVNDAPALKK.[A], M5(OXIDATION), 3, 220915_2ULAMPPNP1.RAW, 36825.65625, 
[K].HPGQEVFSGSTCK.[Q], C12(CARBOXYMETHYL), 2, 220915_2ULAMPPNP1.RAW, 289890.78125, 
[K].HPGQEVFSGSTCK.[Q], C12(CARBOXYMETHYL), 3, 220915_2ULAMPPNP1.RAW, 171435.921875, 
[K].IPIEEVFQQLK.[C], , 2, 220915_2ULAMPPNP1.RAW, 349828.75, 
[K].KADIGIAVADATDAAR.[G], , 2, 220915_2ULAMPPNP1.RAW, 422939.09375, 
[K].KADIGIAVADATDAAR.[G], , 3, 220915_2ULAMPPNP1.RAW, 1095857.625, 
[K].KVLSIIDK.[Y], , 2, 220915_2ULAMPPNP1.RAW, 212693.71875, 
[K].KVLSIIDKYAER.[G], , 3, 220915_2ULAMPPNP1.RAW, 120134.6015625, 
[K].LGDIIPADAR.[L], , 2, 220915_2ULAMPPNP1.RAW, 3528461.5, 
[K].LSVDKNLVEVFCK.[G], C12(CARBOXYMETHYL), 3, 220915_2ULAMPPNP1.RAW, 806868.625, 
[K].NLVEVFCK.[G], C7(CARBOXYMETHYL), 2, 220915_2ULAMPPNP1.RAW, 753078.875, 
[K].QGEIEAVVIATGVHTFFGK.[A], , 2, 220915_2ULAMPPNP1.RAW, 64412.1484375, 
[K].QGEIEAVVIATGVHTFFGK.[A], , 3, 220915_2ULAMPPNP1.RAW, 734129.75, 
[K].RTALTYIDGSGNWHR.[V], , 3, 220915_2ULAMPPNP1.RAW, 385358, 
[K].SYPYDVPDYASLEDIK.[N], , 2, 220915_2ULAMPPNP1.RAW, 56055.1953125, 
[K].SYPYDVPDYASLEDIKNETVDLEK.[I], , 3, 220915_2ULAMPPNP1.RAW, 178269.703125, 
[K].TDFFSDTFGVR.[S], , 2, 220915_2ULAMPPNP1.RAW, 533866.3125, 
[K].TKESPGAPWEFVGLLPLFDPPR.[H], , 3, 220915_2ULAMPPNP1.RAW, 47488.23046875, 
[K].VDQSALTGESLPVTK.[H], , 2, 220915_2ULAMPPNP1.RAW, 994973.5625, 
[K].VDQSALTGESLPVTK.[H], E9(GEE85), 2, 220915_2ULAMPPNP1.RAW, 21893.486328125, GEE
[K].VLSIIDKYAER.[G], , 3, 220915_2ULAMPPNP1.RAW, 253410.09375, 
[K].WSEQEAAILVPGDIVSIK.[L], , 2, 220915_2ULAMPPNP1.RAW, 1578590.375, 
[K].WSEQEAAILVPGDIVSIK.[L], , 2, 220915_2ULAMPPNP1.RAW, 57141.734375, 
[K].WSEQEAAILVPGDIVSIK.[L], , 2, 220915_2ULAMPPNP1.RAW, 79548.328125, 
[K].WSEQEAAILVPGDIVSIK.[L], , 3, 220915_2ULAMPPNP1.RAW, 296339.15625, 
[R].ALNLGVNVK.[M], , 2, 220915_2ULAMPPNP1.RAW, 1840415.125, 
[R].EAQWALAQR.[T], , 2, 220915_2ULAMPPNP1.RAW, 1650650.625, 
[R].EGLTTQEGEDRIQIFGPNK.[L], , 3, 220915_2ULAMPPNP1.RAW, 558953.6875, 
[R].EGLTTQEGEDRIQIFGPNKLEEK.[K], , 3, 220915_2ULAMPPNP1.RAW, 447727.09375, 
[R].EGLTTQEGEDRIQIFGPNKLEEK.[K], , 4, 220915_2ULAMPPNP1.RAW, 955430.625, 
[R].EGLTTQEGEDR.[I], D10(GEE85), 2, 220915_2ULAMPPNP1.RAW, 24550.4765625, GEE
[R].EGLTTQEGEDR.[I], E9(GEE85), 2, 220915_2ULAMPPNP1.RAW, 39111.84765625, GEE
[R].ELSEIAEQAK.[R], , 2, 220915_2ULAMPPNP1.RAW, 614506.625, 
[R].ELSEIAEQAKR.[R], , 2, 220915_2ULAMPPNP1.RAW, 194550.046875, 
[R].ELSEIAEQAKR.[R], , 3, 220915_2ULAMPPNP1.RAW, 166636.265625, 
[R].EVHFLPFNPVDK.[R], , 3, 220915_2ULAMPPNP1.RAW, 731042.25, 
[R].EVHFLPFNPVDKR.[T], , 3, 220915_2ULAMPPNP1.RAW, 1950499.375, 
[R].EVHFLPFNPVDKR.[T], , 3, 220915_2ULAMPPNP1.RAW, 96591.9921875, 
[R].EVHFLPFNPVDKR.[T], , 4, 220915_2ULAMPPNP1.RAW, 562665.5625, 
[R].IQIFGPNKLEEK.[K], , 3, 220915_2ULAMPPNP1.RAW, 1093937.75, 
[R].KHIVGMTGDGVNDAPALK.[K], , 3, 220915_2ULAMPPNP1.RAW, 61711.76953125, 
[R].KHIVGMTGDGVNDAPALK.[K], M6(OXIDATION), 3, 220915_2ULAMPPNP1.RAW, 36825.65625, 
[R].KHIVGMTGDGVNDAPALKK.[A], M6(OXIDATION), 4, 220915_2ULAMPPNP1.RAW, 13791.4453125, 
[R].LGMGTNMYPSSALLGTHK.[D], M3(OXIDATION), 3, 220915_2ULAMPPNP1.RAW, , 
[R].LLEGDPLKVDQSALTGESLPVTK.[H], , 3, 220915_2ULAMPPNP1.RAW, 2196492.25, 
[R].RALNLGVNVK.[M], , 2, 220915_2ULAMPPNP1.RAW, 250749.359375, 
[R].TALTYIDGSGNWHR.[V], , 2, 220915_2ULAMPPNP1.RAW, 383662.1875, 
[R].TALTYIDGSGNWHR.[V], , 3, 220915_2ULAMPPNP1.RAW, 1633760.375, 
[R].VENQDAIDAAMVGMLADPK.[E], , 2, 220915_2ULAMPPNP1.RAW, 479957.125, 
[R].VENQDAIDAAMVGMLADPK.[E], M14(OXIDATION), 2, 220915_2ULAMPPNP1.RAW, 37182.828125, 
[R].VENQDAIDAAMVGMLADPK.[E], M11(OXIDATION), 2, 220915_2ULAMPPNP1.RAW, 61224.91796875, 
[R].VKPSPTPDSWK.[L], , 3, 220915_2ULAMPPNP1.RAW, 204127.59375, 
[K].AAHLVDSTNQVGHFQK.[V], , 2, 220915_2ULAMPPNP2.RAW, 114593.2578125, 
[K].AAHLVDSTNQVGHFQK.[V], , 3, 220915_2ULAMPPNP2.RAW, 628032.5, 
[K].AAHLVDSTNQVGHFQK.[V], , 4, 220915_2ULAMPPNP2.RAW, 561262.3125, 
[K].ADGFAGVFPEHK.[Y], , 2, 220915_2ULAMPPNP2.RAW, 603067.875, 
[K].ADGFAGVFPEHK.[Y], , 3, 220915_2ULAMPPNP2.RAW, 1104632.125, 
[K].ADIGIAVADATDAAR.[G], , 2, 220915_2ULAMPPNP2.RAW, 1677210.5, 
[K].AWLNLFENK.[T], , 2, 220915_2ULAMPPNP2.RAW, 690160.5, 
[K].DANLASIPVEELIEK.[A], , 2, 220915_2ULAMPPNP2.RAW, 1174177.625, 
[K].DANLASIPVEELIEKADGFAGVFPEHK.[Y], , 3, 220915_2ULAMPPNP2.RAW, 126473.0390625, 
[K].DQVLLFAAMASR.[V], , 2, 220915_2ULAMPPNP2.RAW, 64871.26953125, 
[K].EAVNIFPEK.[G], , 2, 220915_2ULAMPPNP2.RAW, 824899.5, 
[K].EAVNIFPEKGSYR.[E], , 3, 220915_2ULAMPPNP2.RAW, 193656.703125, 
[K].GAPEQILELAK.[A], , 2, 220915_2ULAMPPNP2.RAW, 2240184.5, 
[K].GLDIETPSHYTV.[-], , 2, 220915_2ULAMPPNP2.RAW, 453204.125, 
[K].GVEKDQVLLFAAMASR.[V], , 3, 220915_2ULAMPPNP2.RAW, 200609.921875, 
[K].HIVGMTGDGVNDAPALKK.[A], , 3, 220915_2ULAMPPNP2.RAW, 31011.21875, 
[K].HPGQEVFSGSTCK.[Q], C12(CARBOXYMETHYL), 2, 220915_2ULAMPPNP2.RAW, 160678.828125, 
[K].HPGQEVFSGSTCK.[Q], C12(CARBOXYMETHYL), 3, 220915_2ULAMPPNP2.RAW, 109789.3203125, 
[K].IPIEEVFQQLK.[C], , 2, 220915_2ULAMPPNP2.RAW, 220428.84375, 
[K].KADIGIAVADATDAAR.[G], , 2, 220915_2ULAMPPNP2.RAW, 285291.15625, 
[K].KADIGIAVADATDAAR.[G], , 3, 220915_2ULAMPPNP2.RAW, 1063061.625, 
[K].KVLSIIDK.[Y], , 2, 220915_2ULAMPPNP2.RAW, 163178.484375, 
[K].KVLSIIDKYAER.[G], , 3, 220915_2ULAMPPNP2.RAW, 147597.4375, 
[K].LGDIIPADAR.[L], , 2, 220915_2ULAMPPNP2.RAW, 2242382, 
[K].LSVDKNLVEVFCK.[G], C12(CARBOXYMETHYL), 3, 220915_2ULAMPPNP2.RAW, 435797.21875, 
[K].QGEIEAVVIATGVHTFFGK.[A], , 2, 220915_2ULAMPPNP2.RAW, 43421.17578125, 
[K].QGEIEAVVIATGVHTFFGK.[A], , 3, 220915_2ULAMPPNP2.RAW, 531401.875, 
[K].RTALTYIDGSGNWHR.[V], , 3, 220915_2ULAMPPNP2.RAW, 296487.5, 
[K].TDFFSDTFGVR.[S], , 2, 220915_2ULAMPPNP2.RAW, 337398.40625, 
[K].TKESPGAPWEFVGLLPLFDPPR.[H], , 3, 220915_2ULAMPPNP2.RAW, 45705.46875, 
[K].VDQSALTGESLPVTK.[H], , 2, 220915_2ULAMPPNP2.RAW, 633819.3125, 
[K].VLSIIDKYAER.[G], , 3, 220915_2ULAMPPNP2.RAW, 230597.9375, 
[K].WSEQEAAILVPGDIVSIK.[L], , 2, 220915_2ULAMPPNP2.RAW, 1224835.25, 
[K].WSEQEAAILVPGDIVSIK.[L], , 2, 220915_2ULAMPPNP2.RAW, 56241.69921875, 
[K].WSEQEAAILVPGDIVSIK.[L], , 3, 220915_2ULAMPPNP2.RAW, 279856.03125, 
[K].MITGDQLAIGK.[E], M1(OXIDATION), 2, 220915_2ULAMPPNP2.RAW, 204575.75, 
[R].EAQWALAQR.[T], , 2, 220915_2ULAMPPNP2.RAW, 1387786.125, 
[R].EGLTTQEGEDRIQIFGPNK.[L], , 3, 220915_2ULAMPPNP2.RAW, 365297.5625, 
[R].EGLTTQEGEDRIQIFGPNKLEEK.[K], , 3, 220915_2ULAMPPNP2.RAW, 291372.59375, 
[R].EGLTTQEGEDRIQIFGPNKLEEK.[K], , 4, 220915_2ULAMPPNP2.RAW, 615436.3125, 
[R].ELSEIAEQAK.[R], , 2, 220915_2ULAMPPNP2.RAW, 444465, 
[R].EVHFLPFNPVDK.[R], , 2, 220915_2ULAMPPNP2.RAW, 85181.578125, 
[R].EVHFLPFNPVDK.[R], , 3, 220915_2ULAMPPNP2.RAW, 527850.6875, 
[R].EVHFLPFNPVDKR.[T], , 3, 220915_2ULAMPPNP2.RAW, 1285259.25, 
[R].EVHFLPFNPVDKR.[T], , 4, 220915_2ULAMPPNP2.RAW, 441404.65625, 
[R].IQIFGPNKLEEK.[K], , 3, 220915_2ULAMPPNP2.RAW, 852432.1875, 
[R].KHIVGMTGDGVNDAPALKK.[A], , 4, 220915_2ULAMPPNP2.RAW, 32216.658203125, 
[R].LGMGTNMYPSSALLGTHK.[D], M7(OXIDATION), 3, 220915_2ULAMPPNP2.RAW, 48710.765625, 
[R].LLEGDPLKVDQSALTGESLPVTK.[H], , 3, 220915_2ULAMPPNP2.RAW, 1974180.375, 
[R].TALTYIDGSGNWHR.[V], , 2, 220915_2ULAMPPNP2.RAW, 383914.21875, 
[R].TALTYIDGSGNWHR.[V], , 3, 220915_2ULAMPPNP2.RAW, 108532.0546875, 
[R].TALTYIDGSGNWHR.[V], , 3, 220915_2ULAMPPNP2.RAW, 30457.349609375, 
[R].TALTYIDGSGNWHR.[V], , 3, 220915_2ULAMPPNP2.RAW, 945546.9375, 
[R].VENQDAIDAAMVGMLADPK.[E], , 2, 220915_2ULAMPPNP2.RAW, 272358.4375, 
[-].MWSHPQFEK.[S], , 3, 220915_2ULAMPPNP3.RAW, 65672.7265625, 
[K].AAHLVDSTNQVGHFQK.[V], , 2, 220915_2ULAMPPNP3.RAW, 128425.546875, 
[K].AAHLVDSTNQVGHFQK.[V], , 3, 220915_2ULAMPPNP3.RAW, 824102.1875, 
[K].AAHLVDSTNQVGHFQK.[V], , 4, 220915_2ULAMPPNP3.RAW, 843551.625, 
[K].ADGFAGVFPEHK.[Y], , 2, 220915_2ULAMPPNP3.RAW, 825623.0625, 
[K].ADGFAGVFPEHK.[Y], , 3, 220915_2ULAMPPNP3.RAW, 1461900.375, 
[K].ADIGIAVADATDAAR.[G], , 2, 220915_2ULAMPPNP3.RAW, 1856031.375, 
[K].ADIGIAVADATDAAR.[G], D12(GEE85), 2, 220915_2ULAMPPNP3.RAW, 61150.41796875, GEE
[K].AWLNLFENK.[T], , 2, 220915_2ULAMPPNP3.RAW, 868807.3125, 
[K].DANLASIPVEELIEK.[A], , 2, 220915_2ULAMPPNP3.RAW, 1460350.375, 
[K].DANLASIPVEELIEKADGFAGVFPEHK.[Y], , 3, 220915_2ULAMPPNP3.RAW, 158965.015625, 
[K].DANLASIPVEELIEK.[A], E14(GEE85), 2, 220915_2ULAMPPNP3.RAW, 84263.6953125, GEE
[K].EAVNIFPEK.[G], , 2, 220915_2ULAMPPNP3.RAW, 1002767.125, 
[K].EAVNIFPEKGSYR.[E], , 3, 220915_2ULAMPPNP3.RAW, , 
[K].ESPGAPWEFVGLLPLFDPPRHDSAETIR.[R], , 4, 220915_2ULAMPPNP3.RAW, 117141.7109375, 
[K].GAPEQILELAK.[A], , 2, 220915_2ULAMPPNP3.RAW, 2866962, 
[K].GLDIETPSHYTV.[-], , 2, 220915_2ULAMPPNP3.RAW, 605389.4375, 
[K].GVEKDQVLLFAAMASR.[V], , 3, 220915_2ULAMPPNP3.RAW, 177410.78125, 
[K].HPGQEVFSGSTCK.[Q], C12(CARBOXYMETHYL), 2, 220915_2ULAMPPNP3.RAW, 204267.09375, 
[K].HPGQEVFSGSTCK.[Q], C12(CARBOXYMETHYL), 3, 220915_2ULAMPPNP3.RAW, 129295.375, 
[K].IPIEEVFQQLK.[C], , 2, 220915_2ULAMPPNP3.RAW, 317731.03125, 
[K].KADIGIAVADATDAAR.[G], , 2, 220915_2ULAMPPNP3.RAW, 340318.03125, 
[K].KADIGIAVADATDAAR.[G], , 3, 220915_2ULAMPPNP3.RAW, 1244775.75, 
[K].KVLSIIDKYAER.[G], , 3, 220915_2ULAMPPNP3.RAW, 182970.578125, 
[K].LGDIIPADAR.[L], , 2, 220915_2ULAMPPNP3.RAW, 2495434.5, 
[K].LSVDKNLVEVFCK.[G], C12(CARBOXYMETHYL), 3, 220915_2ULAMPPNP3.RAW, 539914.5, 
[K].NLVEVFCK.[G], C7(CARBOXYMETHYL), 2, 220915_2ULAMPPNP3.RAW, 598075.875, 
[K].QGEIEAVVIATGVHTFFGK.[A], , 2, 220915_2ULAMPPNP3.RAW, 42662.8125, 
[K].QGEIEAVVIATGVHTFFGK.[A], , 3, 220915_2ULAMPPNP3.RAW, 456879.21875, 
[K].RTALTYIDGSGNWHR.[V], , 3, 220915_2ULAMPPNP3.RAW, 326942.59375, 
[K].TDFFSDTFGVR.[S], , 2, 220915_2ULAMPPNP3.RAW, 381777, 
[K].TKESPGAPWEFVGLLPLFDPPR.[H], , 3, 220915_2ULAMPPNP3.RAW, 48081.38671875, 
[K].VDQSALTGESLPVTK.[H], , 2, 220915_2ULAMPPNP3.RAW, 758226.3125, 
[K].VLSIIDKYAER.[G], , 3, 220915_2ULAMPPNP3.RAW, 305844.9375, 
[K].WSEQEAAILVPGDIVSIK.[L], , 2, 220915_2ULAMPPNP3.RAW, 1376306, 
[K].WSEQEAAILVPGDIVSIK.[L], , 3, 220915_2ULAMPPNP3.RAW, 285589.5, 
[K].MITGDQLAIGK.[E], M1(OXIDATION), 2, 220915_2ULAMPPNP3.RAW, 181056.71875, 
[R].DGKWSEQEAAILVPGDIVSIK.[L], , 3, 220915_2ULAMPPNP3.RAW, 67519.8515625, 
[R].EAQWALAQR.[T], , 2, 220915_2ULAMPPNP3.RAW, 1472961.875, 
[R].EGLTTQEGEDRIQIFGPNK.[L], , 3, 220915_2ULAMPPNP3.RAW, 523558.875, 
[R].EGLTTQEGEDRIQIFGPNKLEEK.[K], , 3, 220915_2ULAMPPNP3.RAW, 334425.09375, 
[R].EGLTTQEGEDRIQIFGPNKLEEK.[K], , 4, 220915_2ULAMPPNP3.RAW, 731577.6875, 
[R].EGLTTQEGEDR.[I], E9(GEE85), 2, 220915_2ULAMPPNP3.RAW, 51064.90234375, GEE
[R].ELSEIAEQAK.[R], , 2, 220915_2ULAMPPNP3.RAW, 589093.6875, 
[R].ELSEIAEQAKR.[R], , 3, 220915_2ULAMPPNP3.RAW, 144842.734375, 
[R].EVHFLPFNPVDK.[R], , 3, 220915_2ULAMPPNP3.RAW, 584176.5625, 
[R].EVHFLPFNPVDKR.[T], , 3, 220915_2ULAMPPNP3.RAW, 1676167, 
[R].EVHFLPFNPVDKR.[T], , 4, 220915_2ULAMPPNP3.RAW, 522184.59375, 
[R].IQIFGPNKLEEK.[K], , 3, 220915_2ULAMPPNP3.RAW, , 
[R].KHIVGMTGDGVNDAPALK.[K], , 3, 220915_2ULAMPPNP3.RAW, 35672.08203125, 
[R].LGMGTNMYPSSALLGTHK.[D], , 3, 220915_2ULAMPPNP3.RAW, 75063.609375, 
[R].LLEGDPLKVDQSALTGESLPVTK.[H], , 3, 220915_2ULAMPPNP3.RAW, 2466304.5, 
[R].LLEGDPLKVDQSALTGESLPVTK.[H], , 3, 220915_2ULAMPPNP3.RAW, 62487.45703125, 
[R].LLEGDPLKVDQSALTGESLPVTK.[H], E17(GEE85), 3, 220915_2ULAMPPNP3.RAW, 50819.1640625, GEE
[R].RALNLGVNVK.[M], , 2, 220915_2ULAMPPNP3.RAW, 207051.84375, 
[R].TALTYIDGSGNWHR.[V], , 2, 220915_2ULAMPPNP3.RAW, 471932.59375, 
[R].TALTYIDGSGNWHR.[V], , 3, 220915_2ULAMPPNP3.RAW, 1151742.375, 
[R].TALTYIDGSGNWHR.[V], , 3, 220915_2ULAMPPNP3.RAW, 29243.064453125, 
[R].VENQDAIDAAMVGMLADPK.[E], , 2, 220915_2ULAMPPNP3.RAW, 288170.03125, 
[R].VENQDAIDAAMVGMLADPK.[E], Q4(DEAMIDATED), 2, 220915_2ULAMPPNP3.RAW, , 
[K].AAHLVDSTNQVGHFQK.[V], , 2, 220915_2ULAMPPNP4.RAW, 122880.15625, 
[K].AAHLVDSTNQVGHFQK.[V], , 3, 220915_2ULAMPPNP4.RAW, 938359.9375, 
[K].AAHLVDSTNQVGHFQK.[V], , 4, 220915_2ULAMPPNP4.RAW, 1022261.25, 
[K].ADGFAGVFPEHK.[Y], , 2, 220915_2ULAMPPNP4.RAW, 717703.125, 
[K].ADGFAGVFPEHK.[Y], , 3, 220915_2ULAMPPNP4.RAW, 1409730.375, 
[K].ADIGIAVADATDAAR.[G], , 2, 220915_2ULAMPPNP4.RAW, 2314094.5, 
[K].ADIGIAVADATDAAR.[G], D12(GEE85), 2, 220915_2ULAMPPNP4.RAW, 86038.0859375, GEE
[K].AWLNLFENK.[T], , 2, 220915_2ULAMPPNP4.RAW, 860469.5, 
[K].DANLASIPVEELIEK.[A], , 2, 220915_2ULAMPPNP4.RAW, 1322434.25, 
[K].DANLASIPVEELIEKADGFAGVFPEHK.[Y], , 3, 220915_2ULAMPPNP4.RAW, 151069.5, 
[K].DANLASIPVEELIEKADGFAGVFPEHK.[Y], , 4, 220915_2ULAMPPNP4.RAW, 88017.484375, 
[K].DANLASIPVEELIEK.[A], E14(GEE85), 2, 220915_2ULAMPPNP4.RAW, 84091.8359375, GEE
[K].DQVLLFAAMASR.[V], , 2, 220915_2ULAMPPNP4.RAW, 123987.96875, 
[K].EAVNIFPEK.[G], , 2, 220915_2ULAMPPNP4.RAW, 1011289.375, 
[K].EAVNIFPEKGSYR.[E], , 2, 220915_2ULAMPPNP4.RAW, 54433.6640625, 
[K].EAVNIFPEKGSYR.[E], , 3, 220915_2ULAMPPNP4.RAW, , 
[K].ESPGAPWEFVGLLPLFDPPRHDSAETIR.[R], , 4, 220915_2ULAMPPNP4.RAW, 80766.859375, 
[K].GLDIETPSHYTV.[-], , 2, 220915_2ULAMPPNP4.RAW, 626929.5, 
[K].GVEKDQVLLFAAMASR.[V], , 3, 220915_2ULAMPPNP4.RAW, 307209.59375, 
[K].HPGQEVFSGSTCK.[Q], C12(CARBOXYMETHYL), 2, 220915_2ULAMPPNP4.RAW, 330421.875, 
[K].HPGQEVFSGSTCK.[Q], C12(CARBOXYMETHYL), 3, 220915_2ULAMPPNP4.RAW, 116257.078125, 
[K].IPIEEVFQQLK.[C], , 2, 220915_2ULAMPPNP4.RAW, 302659.15625, 
[K].KADIGIAVADATDAAR.[G], , 3, 220915_2ULAMPPNP4.RAW, 1293420.875, 
[K].KVLSIIDK.[Y], , 2, 220915_2ULAMPPNP4.RAW, 226782.609375, 
[K].KVLSIIDKYAER.[G], , 3, 220915_2ULAMPPNP4.RAW, 246440.0625, 
[K].LGDIIPADAR.[L], , 2, 220915_2ULAMPPNP4.RAW, 2355588, 
[K].LKGLDIETPSHYTV.[-], , 3, 220915_2ULAMPPNP4.RAW, 416637.03125, 
[K].LSVDKNLVEVFCK.[G], C12(CARBOXYMETHYL), 3, 220915_2ULAMPPNP4.RAW, 542826.9375, 
[K].NLVEVFCK.[G], C7(CARBOXYMETHYL), 2, 220915_2ULAMPPNP4.RAW, 527517.6875, 
[K].QGEIEAVVIATGVHTFFGK.[A], , 2, 220915_2ULAMPPNP4.RAW, 33368.1875, 
[K].QGEIEAVVIATGVHTFFGK.[A], , 3, 220915_2ULAMPPNP4.RAW, 474278.59375, 
[K].RTALTYIDGSGNWHR.[V], , 3, 220915_2ULAMPPNP4.RAW, 366715.125, 
[K].SYPYDVPDYASLEDIKNETVDLEK.[I], , 3, 220915_2ULAMPPNP4.RAW, 152805.5, 
[K].TDFFSDTFGVR.[S], , 2, 220915_2ULAMPPNP4.RAW, 438845.78125, 
[K].TKESPGAPWEFVGLLPLFDPPR.[H], , 3, 220915_2ULAMPPNP4.RAW, 40731.96484375, 
[K].VDQSALTGESLPVTK.[H], , 2, 220915_2ULAMPPNP4.RAW, 836231.1875, 
[K].VLSIIDKYAER.[G], , 3, 220915_2ULAMPPNP4.RAW, 315214.65625, 
[K].WSEQEAAILVPGDIVSIK.[L], , 2, 220915_2ULAMPPNP4.RAW, 1208466, 
[K].MITGDQLAIGK.[E], M1(OXIDATION), 2, 220915_2ULAMPPNP4.RAW, 207469.421875, 
[R].ALNLGVNVK.[M], , 2, 220915_2ULAMPPNP4.RAW, 1947903.25, 
[R].DGKWSEQEAAILVPGDIVSIK.[L], , 3, 220915_2ULAMPPNP4.RAW, 81121.5078125, 
[R].EAQWALAQR.[T], , 2, 220915_2ULAMPPNP4.RAW, 1409275, 
[R].EGLTTQEGEDRIQIFGPNK.[L], , 3, 220915_2ULAMPPNP4.RAW, 450308.71875, 
[R].EGLTTQEGEDRIQIFGPNKLEEK.[K], , 4, 220915_2ULAMPPNP4.RAW, 674574.625, 
[R].EGLTTQEGEDR.[I], D10(GEE85), 2, 220915_2ULAMPPNP4.RAW, 31177.5390625, GEE
[R].ELSEIAEQAK.[R], , 2, 220915_2ULAMPPNP4.RAW, 662147, 
[R].ELSEIAEQAKR.[R], , 2, 220915_2ULAMPPNP4.RAW, 148357.28125, 
[R].ELSEIAEQAKR.[R], , 3, 220915_2ULAMPPNP4.RAW, 175573.625, 
[R].EVHFLPFNPVDK.[R], , 2, 220915_2ULAMPPNP4.RAW, 96011.8125, 
[R].EVHFLPFNPVDK.[R], , 3, 220915_2ULAMPPNP4.RAW, 648904.5, 
[R].EVHFLPFNPVDKR.[T], , 3, 220915_2ULAMPPNP4.RAW, 1902521.125, 
[R].EVHFLPFNPVDKR.[T], , 4, 220915_2ULAMPPNP4.RAW, 632320.0625, 
[R].IQIFGPNKLEEK.[K], , 3, 220915_2ULAMPPNP4.RAW, 1142699, 
[R].KHIVGMTGDGVNDAPALKK.[A], , 4, 220915_2ULAMPPNP4.RAW, 60325.58984375, 
[R].LGMGTNMYPSSALLGTHK.[D], M7(OXIDATION), 3, 220915_2ULAMPPNP4.RAW, 63001.91796875, 
[R].LLEGDPLKVDQSALTGESLPVTK.[H], , 2, 220915_2ULAMPPNP4.RAW, 132769.453125, 
[R].LLEGDPLKVDQSALTGESLPVTK.[H], , 3, 220915_2ULAMPPNP4.RAW, 3424532, 
[R].LLEGDPLKVDQSALTGESLPVTK.[H], , 3, 220915_2ULAMPPNP4.RAW, 76653.234375, 
[R].MTAIEEMAGMDVLCSDKTGTLTLNK.[L], C14(CARBOXYMETHYL), 3, 220915_2ULAMPPNP4.RAW, 170450.546875, 
[R].RALNLGVNVK.[M], , 2, 220915_2ULAMPPNP4.RAW, 267200.90625, 
[R].TALTYIDGSGNWHR.[V], , 2, 220915_2ULAMPPNP4.RAW, 462848.46875, 
[R].TALTYIDGSGNWHR.[V], , 3, 220915_2ULAMPPNP4.RAW, 1371494.125, 
[R].TALTYIDGSGNWHR.[V], , 3, 220915_2ULAMPPNP4.RAW, 43498.59375, 
[R].VENQDAIDAAMVGMLADPK.[E], , 2, 220915_2ULAMPPNP4.RAW, 467149.65625, 
[R].VENQDAIDAAMVGMLADPK.[E], M14(OXIDATION), 2, 220915_2ULAMPPNP4.RAW, 27356.03515625, 
[R].VENQDAIDAAMVGMLADPK.[E], M14(OXIDATION), 2, 220915_2ULAMPPNP4.RAW, 46216.29296875, 
[R].VENQDAIDAAMVGMLADPK.[E], M14(OXIDATION), 2, 220915_2ULAMPPNP4.RAW, 47466.578125, 
[R].VKPSPTPDSWK.[L], , 3, 220915_2ULAMPPNP4.RAW, 210712.75, 
[K].AAHLVDSTNQVGHFQK.[V], , 2, 220915_2ULAMPPNP5.RAW, 108951.3125, 
[K].AAHLVDSTNQVGHFQK.[V], , 3, 220915_2ULAMPPNP5.RAW, 836330.8125, 
[K].AAHLVDSTNQVGHFQK.[V], , 4, 220915_2ULAMPPNP5.RAW, 927269.875, 
[K].ADGFAGVFPEHK.[Y], , 2, 220915_2ULAMPPNP5.RAW, 684187.75, 
[K].ADGFAGVFPEHK.[Y], , 3, 220915_2ULAMPPNP5.RAW, 1473736.125, 
[K].ADIGIAVADATDAAR.[G], , 2, 220915_2ULAMPPNP5.RAW, 2290903.25, 
[K].ADIGIAVADATDAAR.[G], D9(GEE85), 2, 220915_2ULAMPPNP5.RAW, 57682, GEE
[K].AWLNLFENK.[T], , 2, 220915_2ULAMPPNP5.RAW, 885286, 
[K].DANLASIPVEELIEK.[A], , 2, 220915_2ULAMPPNP5.RAW, 1490434.25, 
[K].DANLASIPVEELIEKADGFAGVFPEHK.[Y], , 4, 220915_2ULAMPPNP5.RAW, 31466.70703125, 
[K].DQVLLFAAMASR.[V], , 2, 220915_2ULAMPPNP5.RAW, 100032.8359375, 
[K].EAVNIFPEK.[G], , 2, 220915_2ULAMPPNP5.RAW, 1082575.875, 
[K].GAPEQILELAK.[A], , 2, 220915_2ULAMPPNP5.RAW, 2445736, 
[K].GAPEQILELAK.[A], , 2, 220915_2ULAMPPNP5.RAW, 54613.29296875, 
[K].GHVESVVK.[L], , 2, 220915_2ULAMPPNP5.RAW, 213509.53125, 
[K].GLDIETPSHYTV.[-], , 2, 220915_2ULAMPPNP5.RAW, 686638.0625, 
[K].GVEKDQVLLFAAMASR.[V], , 3, 220915_2ULAMPPNP5.RAW, 271740.8125, 
[K].HPGQEVFSGSTCK.[Q], C12(CARBOXYMETHYL), 2, 220915_2ULAMPPNP5.RAW, 260470.171875, 
[K].HPGQEVFSGSTCK.[Q], C12(CARBOXYMETHYL), 3, 220915_2ULAMPPNP5.RAW, 159240.578125, 
[K].IPIEEVFQQLK.[C], , 2, 220915_2ULAMPPNP5.RAW, 301935.65625, 
[K].KADIGIAVADATDAAR.[G], , 2, 220915_2ULAMPPNP5.RAW, 292165.09375, 
[K].KADIGIAVADATDAAR.[G], , 3, 220915_2ULAMPPNP5.RAW, 1174569, 
[K].KVLSIIDK.[Y], , 2, 220915_2ULAMPPNP5.RAW, 270087.03125, 
[K].KVLSIIDKYAER.[G], , 3, 220915_2ULAMPPNP5.RAW, 171939.609375, 
[K].LGDIIPADAR.[L], , 2, 220915_2ULAMPPNP5.RAW, 2080453.25, 
[K].LSVDKNLVEVFCK.[G], C12(CARBOXYMETHYL), 3, 220915_2ULAMPPNP5.RAW, 529103.3125, 
[K].NLVEVFCK.[G], C7(CARBOXYMETHYL), 2, 220915_2ULAMPPNP5.RAW, 598730.25, 
[K].QGEIEAVVIATGVHTFFGK.[A], , 2, 220915_2ULAMPPNP5.RAW, 24707.4453125, 
[K].QGEIEAVVIATGVHTFFGK.[A], , 3, 220915_2ULAMPPNP5.RAW, 273143.53125, 
[K].QGEIEAVVIATGVHTFFGK.[A], E5(GEE85), 3, 220915_2ULAMPPNP5.RAW, 19356.65234375, GEE
[K].RTALTYIDGSGNWHR.[V], , 3, 220915_2ULAMPPNP5.RAW, 283284.34375, 
[K].SYPYDVPDYASLEDIK.[N], , 2, 220915_2ULAMPPNP5.RAW, 51214.3125, 
[K].TDFFSDTFGVR.[S], , 2, 220915_2ULAMPPNP5.RAW, 379815.9375, 
[K].VDQSALTGESLPVTK.[H], , 2, 220915_2ULAMPPNP5.RAW, 854348.25, 
[K].VLSIIDKYAER.[G], , 3, 220915_2ULAMPPNP5.RAW, 287604.4375, 
[K].WSEQEAAILVPGDIVSIK.[L], , 2, 220915_2ULAMPPNP5.RAW, 1280639.75, 
[K].WSEQEAAILVPGDIVSIK.[L], , 2, 220915_2ULAMPPNP5.RAW, 24073.1953125, 
[K].MITGDQLAIGK.[E], M1(OXIDATION), 2, 220915_2ULAMPPNP5.RAW, 189727.296875, 
[R].ALNLGVNVK.[M], , 2, 220915_2ULAMPPNP5.RAW, 1784285.5, 
[R].DGKWSEQEAAILVPGDIVSIK.[L], , 3, 220915_2ULAMPPNP5.RAW, 63777.86328125, 
[R].EAQWALAQR.[T], , 2, 220915_2ULAMPPNP5.RAW, 1348876.375, 
[R].EGLTTQEGEDRIQIFGPNK.[L], , 3, 220915_2ULAMPPNP5.RAW, 413068.8125, 
[R].EGLTTQEGEDRIQIFGPNKLEEK.[K], , 3, 220915_2ULAMPPNP5.RAW, 432737.84375, 
[R].EGLTTQEGEDRIQIFGPNKLEEK.[K], , 4, 220915_2ULAMPPNP5.RAW, 693986.4375, 
[R].ELSEIAEQAK.[R], , 2, 220915_2ULAMPPNP5.RAW, 716092.375, 
[R].EVHFLPFNPVDK.[R], , 3, 220915_2ULAMPPNP5.RAW, 648748.75, 
[R].EVHFLPFNPVDKR.[T], , 3, 220915_2ULAMPPNP5.RAW, 1440753.875, 
[R].EVHFLPFNPVDKR.[T], , 4, 220915_2ULAMPPNP5.RAW, 472118.8125, 
[R].LGMGTNMYPSSALLGTHK.[D], , 3, 220915_2ULAMPPNP5.RAW, 81326.8828125, 
[R].LGMGTNMYPSSALLGTHK.[D], M3(OXIDATION), 3, 220915_2ULAMPPNP5.RAW, 50514.10546875, 
[R].LLEGDPLKVDQSALTGESLPVTK.[H], , 3, 220915_2ULAMPPNP5.RAW, 115153.921875, 
[R].LLEGDPLKVDQSALTGESLPVTK.[H], , 3, 220915_2ULAMPPNP5.RAW, 3037530.75, 
[R].MTAIEEMAGMDVLCSDKTGTLTLNK.[L], C14(CARBOXYMETHYL), 3, 220915_2ULAMPPNP5.RAW, 108068.78125, 
[R].RALNLGVNVK.[M], , 2, 220915_2ULAMPPNP5.RAW, 243559.125, 
[R].TALTYIDGSGNWHR.[V], , 2, 220915_2ULAMPPNP5.RAW, 407130.84375, 
[R].TALTYIDGSGNWHR.[V], , 3, 220915_2ULAMPPNP5.RAW, 1362456.5, 
[R].TALTYIDGSGNWHR.[V], , 3, 220915_2ULAMPPNP5.RAW, 47087.79296875, 
[R].VENQDAIDAAMVGMLADPK.[E], , 2, 220915_2ULAMPPNP5.RAW, 316565.5, 
[R].VENQDAIDAAMVGMLADPK.[E], M11(OXIDATION), 2, 220915_2ULAMPPNP5.RAW, 24239.58984375, 
[R].VENQDAIDAAMVGMLADPK.[E], M11(OXIDATION), 2, 220915_2ULAMPPNP5.RAW, 49496.9375, 
[K].AAHLVDSTNQVGHFQK.[V], , 2, 220915_2ULAMPPNP6.RAW, 220129.140625, 
[K].AAHLVDSTNQVGHFQK.[V], , 3, 220915_2ULAMPPNP6.RAW, 1542488.25, 
[K].AAHLVDSTNQVGHFQK.[V], , 4, 220915_2ULAMPPNP6.RAW, 1726078.625, 
[K].ADGFAGVFPEHK.[Y], , 2, 220915_2ULAMPPNP6.RAW, 1006242.875, 
[K].ADGFAGVFPEHK.[Y], , 3, 220915_2ULAMPPNP6.RAW, 1987675.375, 
[K].ADGFAGVFPEHKYEIVK.[K], , 3, 220915_2ULAMPPNP6.RAW, 118233.6875, 
[K].ADIGIAVADATDAAR.[G], , 2, 220915_2ULAMPPNP6.RAW, 2870897.75, 
[K].ADIGIAVADATDAAR.[G], D9(GEE85), 2, 220915_2ULAMPPNP6.RAW, 65563.765625, GEE
[K].ADIGIAVADATDAAR.[G], D9(GEE85), 2, 220915_2ULAMPPNP6.RAW, 90841.5390625, GEE
[K].AWLNLFENK.[T], , 2, 220915_2ULAMPPNP6.RAW, 1495724.875, 
[K].DANLASIPVEELIEK.[A], , 2, 220915_2ULAMPPNP6.RAW, 1650941.375, 
[K].DANLASIPVEELIEKADGFAGVFPEHK.[Y], , 3, 220915_2ULAMPPNP6.RAW, 184937.59375, 
[K].DANLASIPVEELIEKADGFAGVFPEHK.[Y], , 4, 220915_2ULAMPPNP6.RAW, 105324.8203125, 
[K].DQVLLFAAMASR.[V], , 2, 220915_2ULAMPPNP6.RAW, 173715.875, 
[K].EAVNIFPEK.[G], , 2, 220915_2ULAMPPNP6.RAW, 1817594.5, 
[K].EAVNIFPEKGSYR.[E], , 3, 220915_2ULAMPPNP6.RAW, , 
[K].GAPEQILELAK.[A], , 2, 220915_2ULAMPPNP6.RAW, 4102542.75, 
[K].GHVESVVK.[L], , 2, 220915_2ULAMPPNP6.RAW, 271164.21875, 
[K].GLDIETPSHYTV.[-], , 2, 220915_2ULAMPPNP6.RAW, 879021.375, 
[K].GVEKDQVLLFAAMASR.[V], , 3, 220915_2ULAMPPNP6.RAW, 536001.25, 
[K].HIVGMTGDGVNDAPALKK.[A], , 3, 220915_2ULAMPPNP6.RAW, 143739.203125, 
[K].HIVGMTGDGVNDAPALKK.[A], M5(OXIDATION), 3, 220915_2ULAMPPNP6.RAW, 23840.33203125, 
[K].HIVGMTGDGVNDAPALKK.[A], M5(OXIDATION), 3, 220915_2ULAMPPNP6.RAW, 42752.4140625, 
[K].HPGQEVFSGSTCK.[Q], C12(CARBOXYMETHYL), 2, 220915_2ULAMPPNP6.RAW, 773099.625, 
[K].IPIEEVFQQLK.[C], , 2, 220915_2ULAMPPNP6.RAW, 453362.46875, 
[K].KADIGIAVADATDAAR.[G], , 2, 220915_2ULAMPPNP6.RAW, 526691.875, 
[K].KADIGIAVADATDAAR.[G], , 3, 220915_2ULAMPPNP6.RAW, 1614988.125, 
[K].KADIGIAVADATDAAR.[G], D10(GEE85), 3, 220915_2ULAMPPNP6.RAW, 41858.09765625, GEE
[K].KVLSIIDK.[Y], , 2, 220915_2ULAMPPNP6.RAW, 429306.1875, 
[K].KVLSIIDKYAER.[G], , 3, 220915_2ULAMPPNP6.RAW, 297950.28125, 
[K].LGDIIPADAR.[L], , 2, 220915_2ULAMPPNP6.RAW, 3809949, 
[K].LSVDKNLVEVFCK.[G], C12(CARBOXYMETHYL), 3, 220915_2ULAMPPNP6.RAW, 783250.4375, 
[K].NETVDLEKIPIEEVFQQLK.[C], , 3, 220915_2ULAMPPNP6.RAW, 57692.35546875, 
[K].QGEIEAVVIATGVHTFFGK.[A], , 2, 220915_2ULAMPPNP6.RAW, 58693.6875, 
[K].QGEIEAVVIATGVHTFFGK.[A], , 3, 220915_2ULAMPPNP6.RAW, 683110.4375, 
[K].RTALTYIDGSGNWHR.[V], , 3, 220915_2ULAMPPNP6.RAW, 617181.4375, 
[K].SYPYDVPDYASLEDIKNETVDLEK.[I], , 3, 220915_2ULAMPPNP6.RAW, 241854.59375, 
[K].TDFFSDTFGVR.[S], , 2, 220915_2ULAMPPNP6.RAW, 521753.84375, 
[K].TKESPGAPWEFVGLLPLFDPPR.[H], , 3, 220915_2ULAMPPNP6.RAW, 60995.83203125, 
[K].VDQSALTGESLPVTK.[H], , 2, 220915_2ULAMPPNP6.RAW, 1317945.125, 
[K].VLSIIDKYAER.[G], , 3, 220915_2ULAMPPNP6.RAW, 473280.40625, 
[K].WSEQEAAILVPGDIVSIK.[L], , 2, 220915_2ULAMPPNP6.RAW, 1684530.5, 
[K].WSEQEAAILVPGDIVSIK.[L], , 2, 220915_2ULAMPPNP6.RAW, 51752.75390625, 
[K].MITGDQLAIGK.[E], M1(OXIDATION), 2, 220915_2ULAMPPNP6.RAW, 301839.8125, 
[R].DGKWSEQEAAILVPGDIVSIK.[L], , 3, 220915_2ULAMPPNP6.RAW, 171440.25, 
[R].EAQWALAQR.[T], , 2, 220915_2ULAMPPNP6.RAW, 2821923.25, 
[R].EGLTTQEGEDRIQIFGPNK.[L], , 3, 220915_2ULAMPPNP6.RAW, 632338.375, 
[R].EGLTTQEGEDRIQIFGPNKLEEK.[K], , 3, 220915_2ULAMPPNP6.RAW, 617849.9375, 
[R].EGLTTQEGEDRIQIFGPNKLEEK.[K], , 4, 220915_2ULAMPPNP6.RAW, 1235530.625, 
[R].EGLTTQEGEDR.[I], E9(GEE85), 2, 220915_2ULAMPPNP6.RAW, 105267.0625, GEE
[R].ELSEIAEQAK.[R], , 2, 220915_2ULAMPPNP6.RAW, 105801.8046875, 
[R].ELSEIAEQAK.[R], , 2, 220915_2ULAMPPNP6.RAW, 1141542.375, 
[R].ELSEIAEQAK.[R], , 2, 220915_2ULAMPPNP6.RAW, 91284.3359375, 
[R].ELSEIAEQAKR.[R], , 3, 220915_2ULAMPPNP6.RAW, 357209.25, 
[R].EVHFLPFNPVDK.[R], , 2, 220915_2ULAMPPNP6.RAW, 167001.5, 
[R].EVHFLPFNPVDK.[R], , 3, 220915_2ULAMPPNP6.RAW, 1100933.125, 
[R].EVHFLPFNPVDKR.[T], , 3, 220915_2ULAMPPNP6.RAW, 111691.3125, 
[R].EVHFLPFNPVDKR.[T], , 3, 220915_2ULAMPPNP6.RAW, 2748682.75, 
[R].EVHFLPFNPVDKR.[T], , 4, 220915_2ULAMPPNP6.RAW, 975586.625, 
[R].IQIFGPNKLEEK.[K], , 3, 220915_2ULAMPPNP6.RAW, 1343208.875, 
[R].KHIVGMTGDGVNDAPALKK.[A], , 4, 220915_2ULAMPPNP6.RAW, 107737.828125, 
[R].LGMGTNMYPSSALLGTHK.[D], , 3, 220915_2ULAMPPNP6.RAW, 347122.84375, 
[R].LGMGTNMYPSSALLGTHK.[D], M7(OXIDATION), 3, 220915_2ULAMPPNP6.RAW, 170433.5, 
[R].LGMGTNMYPSSALLGTHK.[D], M3(OXIDATION), 3, 220915_2ULAMPPNP6.RAW, 128238.671875, 
[R].LLEGDPLKVDQSALTGESLPVTK.[H], , 2, 220915_2ULAMPPNP6.RAW, 347282.5, 
[R].LLEGDPLKVDQSALTGESLPVTK.[H], , 3, 220915_2ULAMPPNP6.RAW, 4483371.5, 
[R].LLEGDPLKVDQSALTGESLPVTKHPGQEVFSGSTCK.[Q], C35(CARBOXYMETHYL), 4, 220915_2ULAMPPNP6.RAW, 131375.984375, 
[R].LLEGDPLKVDQSALTGESLPVTK.[H], E17(GEE85), 3, 220915_2ULAMPPNP6.RAW, 65158.12109375, GEE
[R].MTAIEEMAGMDVLCSDKTGTLTLNK.[L], C14(CARBOXYMETHYL), 3, 220915_2ULAMPPNP6.RAW, 306066.03125, 
[R].RALNLGVNVK.[M], , 2, 220915_2ULAMPPNP6.RAW, 400628.5625, 
[R].TALTYIDGSGNWHR.[V], , 2, 220915_2ULAMPPNP6.RAW, 690115.125, 
[R].TALTYIDGSGNWHR.[V], , 3, 220915_2ULAMPPNP6.RAW, 1570879.875, 
[R].TALTYIDGSGNWHR.[V], , 3, 220915_2ULAMPPNP6.RAW, 266141.625, 
[R].VENQDAIDAAMVGMLADPK.[E], , 2, 220915_2ULAMPPNP6.RAW, 967065.4375, 
[R].VENQDAIDAAMVGMLADPK.[E], M14(OXIDATION), 2, 220915_2ULAMPPNP6.RAW, , 
[R].VENQDAIDAAMVGMLADPK.[E], M14(OXIDATION), 2, 220915_2ULAMPPNP6.RAW, 129121.546875, 
[R].VENQDAIDAAMVGMLADPK.[E], M14(OXIDATION), 2, 220915_2ULAMPPNP6.RAW, 65651.703125, 
[R].VENQDAIDAAMVGMLADPK.[E], M11(OXIDATION), 2, 220915_2ULAMPPNP6.RAW, , 
[R].VENQDAIDAAMVGMLADPK.[E], M11(OXIDATION), 2, 220915_2ULAMPPNP6.RAW, 129121.546875, 
[R].EGLTTQEGEDR.[I], E1(GEE85), 2, 220915_2ULAMPPNP6.RAW, 39699.37109375, GEE
[K].AAHLVDSTNQVGHFQK.[V], , 2, 220915_2ULMOCK1.RAW, 110218.875, 
[K].AAHLVDSTNQVGHFQK.[V], , 3, 220915_2ULMOCK1.RAW, 662811.6875, 
[K].AAHLVDSTNQVGHFQK.[V], , 4, 220915_2ULMOCK1.RAW, 600546.375, 
[K].ADGFAGVFPEHK.[Y], , 2, 220915_2ULMOCK1.RAW, 640049.375, 
[K].ADGFAGVFPEHK.[Y], , 3, 220915_2ULMOCK1.RAW, 1004563, 
[K].ADGFAGVFPEHKYEIVK.[K], , 3, 220915_2ULMOCK1.RAW, 345930.8125, 
[K].ADGFAGVFPEHKYEIVK.[K], , 4, 220915_2ULMOCK1.RAW, 94026.4296875, 
[K].ADIGIAVADATDAAR.[G], , 2, 220915_2ULMOCK1.RAW, 1846580, 
[K].ADIGIAVADATDAAR.[G], D9(GEE85), 2, 220915_2ULMOCK1.RAW, 69867.796875, GEE
[K].AWLNLFENK.[T], , 2, 220915_2ULMOCK1.RAW, 757821.4375, 
[K].DANLASIPVEELIEK.[A], , 2, 220915_2ULMOCK1.RAW, 1588816.75, 
[K].DANLASIPVEELIEKADGFAGVFPEHK.[Y], , 3, 220915_2ULMOCK1.RAW, 83122.2890625, 
[K].EAVNIFPEK.[G], , 2, 220915_2ULMOCK1.RAW, 1044083.9375, 
[K].EAVNIFPEKGSYR.[E], , 3, 220915_2ULMOCK1.RAW, 228275.84375, 
[K].ESPGAPWEFVGLLPLFDPPRHDSAETIR.[R], , 4, 220915_2ULMOCK1.RAW, 105013.1328125, 
[K].GAPEQILELAK.[A], , 2, 220915_2ULMOCK1.RAW, 2398873, 
[K].GHVESVVK.[L], , 2, 220915_2ULMOCK1.RAW, 163940.234375, 
[K].GLDIETPSHYTV.[-], , 2, 220915_2ULMOCK1.RAW, 416842.8125, 
[K].GVEKDQVLLFAAMASR.[V], , 3, 220915_2ULMOCK1.RAW, 326297.40625, 
[K].HPGQEVFSGSTCK.[Q], C12(CARBOXYMETHYL), 2, 220915_2ULMOCK1.RAW, 199729.65625, 
[K].HPGQEVFSGSTCK.[Q], C12(CARBOXYMETHYL), 3, 220915_2ULMOCK1.RAW, 124975.5859375, 
[K].IPIEEVFQQLK.[C], , 2, 220915_2ULMOCK1.RAW, 295352.8125, 
[K].KADIGIAVADATDAAR.[G], , 2, 220915_2ULMOCK1.RAW, 398539.4375, 
[K].KADIGIAVADATDAAR.[G], , 3, 220915_2ULMOCK1.RAW, 1021944.25, 
[K].KVLSIIDK.[Y], , 2, 220915_2ULMOCK1.RAW, 202342.578125, 
[K].KVLSIIDKYAER.[G], , 3, 220915_2ULMOCK1.RAW, 81406.9296875, 
[K].LGDIIPADAR.[L], , 2, 220915_2ULMOCK1.RAW, 2727052.25, 
[K].LSVDKNLVEVFCK.[G], C12(CARBOXYMETHYL), 3, 220915_2ULMOCK1.RAW, 528741.3125, 
[K].MITGDQLAIGK.[E], , 2, 220915_2ULMOCK1.RAW, , 
[K].NLVEVFCK.[G], C7(CARBOXYMETHYL), 2, 220915_2ULMOCK1.RAW, 757922.5, 
[K].QGEIEAVVIATGVHTFFGK.[A], , 2, 220915_2ULMOCK1.RAW, 42705.25390625, 
[K].QGEIEAVVIATGVHTFFGK.[A], , 3, 220915_2ULMOCK1.RAW, 528195.25, 
[K].RTALTYIDGSGNWHR.[V], , 3, 220915_2ULMOCK1.RAW, 246287.296875, 
[K].SYPYDVPDYASLEDIKNETVDLEK.[I], , 3, 220915_2ULMOCK1.RAW, 132178.1875, 
[K].TDFFSDTFGVR.[S], , 2, 220915_2ULMOCK1.RAW, 298174.40625, 
[K].VDQSALTGESLPVTK.[H], , 2, 220915_2ULMOCK1.RAW, 777324.9375, 
[K].VLSIIDKYAER.[G], , 3, 220915_2ULMOCK1.RAW, 242518.5, 
[K].WSEQEAAILVPGDIVSIK.[L], , 2, 220915_2ULMOCK1.RAW, 1224802.5, 
[K].WSEQEAAILVPGDIVSIK.[L], , 2, 220915_2ULMOCK1.RAW, 72553.828125, 
[K].WSEQEAAILVPGDIVSIK.[L], , 3, 220915_2ULMOCK1.RAW, 270253.0625, 
[K].MITGDQLAIGK.[E], M1(OXIDATION), 2, 220915_2ULMOCK1.RAW, 228271.125, 
[R].DGKWSEQEAAILVPGDIVSIK.[L], , 3, 220915_2ULMOCK1.RAW, 179616.765625, 
[R].EAQWALAQR.[T], , 2, 220915_2ULMOCK1.RAW, 1100389.125, 
[R].EGLTTQEGEDRIQIFGPNK.[L], , 3, 220915_2ULMOCK1.RAW, 319369.6875, 
[R].EGLTTQEGEDRIQIFGPNKLEEK.[K], , 4, 220915_2ULMOCK1.RAW, 563151.0625, 
[R].EGLTTQEGEDR.[I], E9(GEE85), 2, 220915_2ULMOCK1.RAW, 36645.1484375, GEE
[R].ELSEIAEQAK.[R], , 2, 220915_2ULMOCK1.RAW, 420198.8125, 
[R].ELSEIAEQAKR.[R], , 3, 220915_2ULMOCK1.RAW, 123930.8828125, 
[R].EVHFLPFNPVDK.[R], , 3, 220915_2ULMOCK1.RAW, 527575.6875, 
[R].EVHFLPFNPVDKR.[T], , 3, 220915_2ULMOCK1.RAW, 1243282.5, 
[R].IQIFGPNKLEEK.[K], , 3, 220915_2ULMOCK1.RAW, 617311.5625, 
[R].LGMGTNMYPSSALLGTHK.[D], , 3, 220915_2ULMOCK1.RAW, 130148.125, 
[R].LGMGTNMYPSSALLGTHK.[D], M7(OXIDATION), 3, 220915_2ULMOCK1.RAW, 18612.392578125, 
[R].LGMGTNMYPSSALLGTHK.[D], M3(OXIDATION), 3, 220915_2ULMOCK1.RAW, 84473.8125, 
[R].LLEGDPLKVDQSALTGESLPVTK.[H], , 3, 220915_2ULMOCK1.RAW, 2102216, 
[R].MTAIEEMAGMDVLCSDKTGTLTLNK.[L], C14(CARBOXYMETHYL), 3, 220915_2ULMOCK1.RAW, 114064.59375, 
[R].TALTYIDGSGNWHR.[V], , 2, 220915_2ULMOCK1.RAW, 403572.5, 
[R].TALTYIDGSGNWHR.[V], , 3, 220915_2ULMOCK1.RAW, 939576.75, 
[R].TALTYIDGSGNWHR.[V], , 3, 220915_2ULMOCK1.RAW, 98407.3828125, 
[R].VENQDAIDAAMVGMLADPK.[E], , 2, 220915_2ULMOCK1.RAW, 485291.625, 
[R].VENQDAIDAAMVGMLADPK.[E], M14(OXIDATION), 2, 220915_2ULMOCK1.RAW, 59525.8203125, 
[K].AAHLVDSTNQVGHFQK.[V], , 2, 220915_2ULMOCK2.RAW, 146706.171875, 
[K].AAHLVDSTNQVGHFQK.[V], , 3, 220915_2ULMOCK2.RAW, 756433.6875, 
[K].AAHLVDSTNQVGHFQK.[V], , 4, 220915_2ULMOCK2.RAW, 599946.8125, 
[K].ADGFAGVFPEHK.[Y], , 2, 220915_2ULMOCK2.RAW, 718350.75, 
[K].ADGFAGVFPEHK.[Y], , 3, 220915_2ULMOCK2.RAW, 1254623.125, 
[K].ADIGIAVADATDAAR.[G], , 2, 220915_2ULMOCK2.RAW, 1878127.25, 
[K].ADIGIAVADATDAAR.[G], D9(GEE85), 2, 220915_2ULMOCK2.RAW, 64827.05078125, GEE
[K].AWLNLFENK.[T], , 2, 220915_2ULMOCK2.RAW, 891066.3125, 
[K].DANLASIPVEELIEK.[A], , 2, 220915_2ULMOCK2.RAW, 1396224.125, 
[K].DANLASIPVEELIEKADGFAGVFPEHK.[Y], , 3, 220915_2ULMOCK2.RAW, 182747.78125, 
[K].DANLASIPVEELIEKADGFAGVFPEHK.[Y], , 4, 220915_2ULMOCK2.RAW, 73035.5234375, 
[K].DQVLLFAAMASR.[V], , 2, 220915_2ULMOCK2.RAW, 108542.828125, 
[K].EAVNIFPEK.[G], , 2, 220915_2ULMOCK2.RAW, 993843.9375, 
[K].EAVNIFPEKGSYR.[E], , 2, 220915_2ULMOCK2.RAW, 35058.69921875, 
[K].EAVNIFPEKGSYR.[E], , 3, 220915_2ULMOCK2.RAW, 250819.75, 
[K].ESPGAPWEFVGLLPLFDPPRHDSAETIR.[R], , 4, 220915_2ULMOCK2.RAW, 162344.921875, 
[K].GAPEQILELAK.[A], , 2, 220915_2ULMOCK2.RAW, 2579393.25, 
[K].GHVESVVK.[L], , 2, 220915_2ULMOCK2.RAW, 139479.609375, 
[K].GLDIETPSHYTV.[-], , 2, 220915_2ULMOCK2.RAW, 471054.28125, 
[K].GVEKDQVLLFAAMASR.[V], , 3, 220915_2ULMOCK2.RAW, 318584.34375, 
[K].HIVGMTGDGVNDAPALKK.[A], M5(OXIDATION), 3, 220915_2ULMOCK2.RAW, 28521.947265625, 
[K].HPGQEVFSGSTCK.[Q], C12(CARBOXYMETHYL), 2, 220915_2ULMOCK2.RAW, 208279.734375, 
[K].HPGQEVFSGSTCK.[Q], C12(CARBOXYMETHYL), 3, 220915_2ULMOCK2.RAW, 145375.078125, 
[K].IPIEEVFQQLK.[C], , 2, 220915_2ULMOCK2.RAW, 286590.46875, 
[K].KADIGIAVADATDAAR.[G], , 2, 220915_2ULMOCK2.RAW, 378682.1875, 
[K].KADIGIAVADATDAAR.[G], , 3, 220915_2ULMOCK2.RAW, 1399220.875, 
[K].KADIGIAVADATDAAR.[G], D13(GEE85), 3, 220915_2ULMOCK2.RAW, 40843.34765625, GEE
[K].KVLSIIDK.[Y], , 2, 220915_2ULMOCK2.RAW, 449556.84375, 
[K].KVLSIIDKYAER.[G], , 3, 220915_2ULMOCK2.RAW, 150019.5, 
[K].LGDIIPADAR.[L], , 2, 220915_2ULMOCK2.RAW, 2649513.25, 
[K].LSVDKNLVEVFCK.[G], C12(CARBOXYMETHYL), 3, 220915_2ULMOCK2.RAW, 556806.875, 
[K].MITGDQLAIGK.[E], , 2, 220915_2ULMOCK2.RAW, , 
[K].NLVEVFCK.[G], C7(CARBOXYMETHYL), 2, 220915_2ULMOCK2.RAW, 815119.125, 
[K].QGEIEAVVIATGVHTFFGK.[A], , 2, 220915_2ULMOCK2.RAW, 68991.171875, 
[K].QGEIEAVVIATGVHTFFGK.[A], , 3, 220915_2ULMOCK2.RAW, 736478.625, 
[K].QGEIEAVVIATGVHTFFGK.[A], E5(GEE85), 3, 220915_2ULMOCK2.RAW, 53956.484375, GEE
[K].RTALTYIDGSGNWHR.[V], , 3, 220915_2ULMOCK2.RAW, 331061.75, 
[K].SYPYDVPDYASLEDIKNETVDLEK.[I], , 3, 220915_2ULMOCK2.RAW, 156072.359375, 
[K].TDFFSDTFGVR.[S], , 2, 220915_2ULMOCK2.RAW, 380983.125, 
[K].TKESPGAPWEFVGLLPLFDPPR.[H], , 3, 220915_2ULMOCK2.RAW, 72581.765625, 
[K].VDQSALTGESLPVTK.[H], , 2, 220915_2ULMOCK2.RAW, 1003899.3125, 
[K].VLSIIDKYAER.[G], , 3, 220915_2ULMOCK2.RAW, 301316.8125, 
[K].WSEQEAAILVPGDIVSIK.[L], , 2, 220915_2ULMOCK2.RAW, 1448009, 
[K].WSEQEAAILVPGDIVSIK.[L], , 2, 220915_2ULMOCK2.RAW, 48492.9453125, 
[K].WSEQEAAILVPGDIVSIK.[L], , 2, 220915_2ULMOCK2.RAW, 92389.828125, 
[K].WSEQEAAILVPGDIVSIK.[L], , 3, 220915_2ULMOCK2.RAW, 294280.0625, 
[K].MITGDQLAIGK.[E], M1(OXIDATION), 2, 220915_2ULMOCK2.RAW, 248197.65625, 
[R].DGKWSEQEAAILVPGDIVSIK.[L], , 3, 220915_2ULMOCK2.RAW, 143030.90625, 
[R].EAQWALAQR.[T], , 2, 220915_2ULMOCK2.RAW, 1314785.25, 
[R].EGLTTQEGEDRIQIFGPNK.[L], , 3, 220915_2ULMOCK2.RAW, 395904.15625, 
[R].EGLTTQEGEDRIQIFGPNKLEEK.[K], , 3, 220915_2ULMOCK2.RAW, 341073.125, 
[R].EGLTTQEGEDRIQIFGPNKLEEK.[K], , 4, 220915_2ULMOCK2.RAW, 681380.375, 
[R].EGLTTQEGEDR.[I], E9(GEE85), 2, 220915_2ULMOCK2.RAW, 49677.51171875, GEE
[R].ELSEIAEQAK.[R], , 2, 220915_2ULMOCK2.RAW, 510073.4375, 
[R].EVHFLPFNPVDK.[R], , 3, 220915_2ULMOCK2.RAW, 611069.0625, 
[R].EVHFLPFNPVDKR.[T], , 3, 220915_2ULMOCK2.RAW, 1737351, 
[R].EVHFLPFNPVDKR.[T], , 3, 220915_2ULMOCK2.RAW, 97571.359375, 
[R].EVHFLPFNPVDKR.[T], , 4, 220915_2ULMOCK2.RAW, 490846.53125, 
[R].GASDIVLTEPGLSVIISAVLTSR.[A], , 3, 220915_2ULMOCK2.RAW, , 
[R].IQIFGPNKLEEK.[K], , 3, 220915_2ULMOCK2.RAW, 642896.5, 
[R].KHIVGMTGDGVNDAPALK.[K], M6(OXIDATION), 3, 220915_2ULMOCK2.RAW, 28521.947265625, 
[R].LGMGTNMYPSSALLGTHK.[D], , 3, 220915_2ULMOCK2.RAW, 85150.7734375, 
[R].LLEGDPLKVDQSALTGESLPVTK.[H], , 3, 220915_2ULMOCK2.RAW, 2292639.5, 
[R].LLEGDPLKVDQSALTGESLPVTK.[H], E17(GEE85), 3, 220915_2ULMOCK2.RAW, 52752.3203125, GEE
[R].MTAIEEMAGMDVLCSDKTGTLTLNK.[L], C14(CARBOXYMETHYL), 3, 220915_2ULMOCK2.RAW, 84735.4921875, 
[R].TALTYIDGSGNWHR.[V], , 2, 220915_2ULMOCK2.RAW, 557850.4375, 
[R].TALTYIDGSGNWHR.[V], , 3, 220915_2ULMOCK2.RAW, 1268423.125, 
[R].TALTYIDGSGNWHR.[V], , 3, 220915_2ULMOCK2.RAW, 342852.21875, 
[R].VENQDAIDAAMVGMLADPK.[E], , 2, 220915_2ULMOCK2.RAW, 430223.53125, 
[R].VENQDAIDAAMVGMLADPK.[E], M14(OXIDATION), 2, 220915_2ULMOCK2.RAW, 54960.71875, 
[R].EGLTTQEGEDR.[I], E1(GEE85), 2, 220915_2ULMOCK2.RAW, 29843.4375, GEE
[K].AAHLVDSTNQVGHFQK.[V], , 2, 220915_2ULMOCK3.RAW, 180661.0625, 
[K].AAHLVDSTNQVGHFQK.[V], , 3, 220915_2ULMOCK3.RAW, 907279, 
[K].AAHLVDSTNQVGHFQK.[V], , 4, 220915_2ULMOCK3.RAW, 721871.5, 
[K].ADGFAGVFPEHK.[Y], , 3, 220915_2ULMOCK3.RAW, 1160117.25, 
[K].ADIGIAVADATDAAR.[G], , 2, 220915_2ULMOCK3.RAW, 2166644.5, 
[K].ADIGIAVADATDAAR.[G], D9(GEE85), 2, 220915_2ULMOCK3.RAW, 74339.3828125, GEE
[K].AWLNLFENK.[T], , 2, 220915_2ULMOCK3.RAW, 844152.125, 
[K].DANLASIPVEELIEK.[A], , 2, 220915_2ULMOCK3.RAW, 1977763.375, 
[K].DANLASIPVEELIEKADGFAGVFPEHK.[Y], , 3, 220915_2ULMOCK3.RAW, 168512.859375, 
[K].DANLASIPVEELIEKADGFAGVFPEHK.[Y], , 4, 220915_2ULMOCK3.RAW, 105611.046875, 
[K].DANLASIPVEELIEK.[A], E14(GEE85), 2, 220915_2ULMOCK3.RAW, 85756.734375, GEE
[K].DQVLLFAAMASR.[V], , 2, 220915_2ULMOCK3.RAW, 101305.71875, 
[K].EAVNIFPEK.[G], , 2, 220915_2ULMOCK3.RAW, 1480018.5, 
[K].EAVNIFPEKGSYR.[E], , 3, 220915_2ULMOCK3.RAW, 254797.796875, 
[K].ESPGAPWEFVGLLPLFDPPRHDSAETIR.[R], , 4, 220915_2ULMOCK3.RAW, 134451.171875, 
[K].GAPEQILELAK.[A], , 2, 220915_2ULMOCK3.RAW, 3195514.25, 
[K].GHVESVVK.[L], , 2, 220915_2ULMOCK3.RAW, 193929.5, 
[K].GVEKDQVLLFAAMASR.[V], , 2, 220915_2ULMOCK3.RAW, 62810.28125, 
[K].GVEKDQVLLFAAMASR.[V], , 3, 220915_2ULMOCK3.RAW, 368415.4375, 
[K].HIVGMTGDGVNDAPALKK.[A], , 3, 220915_2ULMOCK3.RAW, 65121.60546875, 
[K].HPGQEVFSGSTCK.[Q], C12(CARBOXYMETHYL), 2, 220915_2ULMOCK3.RAW, 270216.5, 
[K].HPGQEVFSGSTCK.[Q], C12(CARBOXYMETHYL), 3, 220915_2ULMOCK3.RAW, 166560.75, 
[K].IPIEEVFQQLK.[C], , 2, 220915_2ULMOCK3.RAW, 381600.625, 
[K].KADIGIAVADATDAAR.[G], , 2, 220915_2ULMOCK3.RAW, 423682.84375, 
[K].KADIGIAVADATDAAR.[G], , 3, 220915_2ULMOCK3.RAW, 978262.4375, 
[K].KVLSIIDK.[Y], , 2, 220915_2ULMOCK3.RAW, 252949.328125, 
[K].KVLSIIDKYAER.[G], , 2, 220915_2ULMOCK3.RAW, 95993.1953125, 
[K].KVLSIIDKYAER.[G], , 3, 220915_2ULMOCK3.RAW, 137083.609375, 
[K].LGDIIPADAR.[L], , 2, 220915_2ULMOCK3.RAW, 3909421, 
[K].LKGLDIETPSHYTV.[-], , 3, 220915_2ULMOCK3.RAW, 414246.96875, 
[K].LSVDKNLVEVFCK.[G], C12(CARBOXYMETHYL), 3, 220915_2ULMOCK3.RAW, 697795.5625, 
[K].NLVEVFCK.[G], C7(CARBOXYMETHYL), 2, 220915_2ULMOCK3.RAW, 872966.875, 
[K].QGEIEAVVIATGVHTFFGK.[A], , 2, 220915_2ULMOCK3.RAW, 71013.8828125, 
[K].QGEIEAVVIATGVHTFFGK.[A], , 3, 220915_2ULMOCK3.RAW, 704428.6875, 
[K].RTALTYIDGSGNWHR.[V], , 3, 220915_2ULMOCK3.RAW, 405284.9375, 
[K].SYPYDVPDYASLEDIK.[N], , 2, 220915_2ULMOCK3.RAW, 48245.5390625, 
[K].SYPYDVPDYASLEDIKNETVDLEK.[I], , 3, 220915_2ULMOCK3.RAW, 160712, 
[K].TDFFSDTFGVR.[S], , 2, 220915_2ULMOCK3.RAW, 416221.90625, 
[K].VDQSALTGESLPVTK.[H], , 2, 220915_2ULMOCK3.RAW, 854579.5625, 
[K].VLSIIDKYAER.[G], , 2, 220915_2ULMOCK3.RAW, 118108.625, 
[K].VLSIIDKYAER.[G], , 3, 220915_2ULMOCK3.RAW, 254177.546875, 
[K].WSEQEAAILVPGDIVSIK.[L], , 2, 220915_2ULMOCK3.RAW, 1429270.125, 
[K].WSEQEAAILVPGDIVSIK.[L], , 3, 220915_2ULMOCK3.RAW, 255104.578125, 
[K].WSEQEAAILVPGDIVSIK.[L], Q4(DEAMIDATED), 2, 220915_2ULMOCK3.RAW, , 
[K].MITGDQLAIGK.[E], M1(OXIDATION), 2, 220915_2ULMOCK3.RAW, 165927.609375, 
[K].MITGDQLAIGK.[E], M1(OXIDATION), 2, 220915_2ULMOCK3.RAW, 283526.65625, 
[R].ALNLGVNVK.[M], , 2, 220915_2ULMOCK3.RAW, 2290312.25, 
[R].DGKWSEQEAAILVPGDIVSIK.[L], , 3, 220915_2ULMOCK3.RAW, 167858.4375, 
[R].EAQWALAQR.[T], , 2, 220915_2ULMOCK3.RAW, 1685645.625, 
[R].EGLTTQEGEDRIQIFGPNKLEEK.[K], , 3, 220915_2ULMOCK3.RAW, 442701.65625, 
[R].EGLTTQEGEDRIQIFGPNKLEEK.[K], , 4, 220915_2ULMOCK3.RAW, 890195.625, 
[R].EGLTTQEGEDR.[I], D10(GEE85), 2, 220915_2ULMOCK3.RAW, 34213.828125, GEE
[R].EGLTTQEGEDR.[I], E9(GEE85), 2, 220915_2ULMOCK3.RAW, 56935.3671875, GEE
[R].ELSEIAEQAK.[R], , 2, 220915_2ULMOCK3.RAW, 668134.625, 
[R].ELSEIAEQAKR.[R], , 3, 220915_2ULMOCK3.RAW, 154017.5625, 
[R].EVHFLPFNPVDK.[R], , 2, 220915_2ULMOCK3.RAW, 102541.7421875, 
[R].EVHFLPFNPVDK.[R], , 3, 220915_2ULMOCK3.RAW, 720514.25, 
[R].EVHFLPFNPVDKR.[T], , 3, 220915_2ULMOCK3.RAW, 1919282.625, 
[R].EVHFLPFNPVDKR.[T], , 4, 220915_2ULMOCK3.RAW, 613775.6875, 
[R].IQIFGPNKLEEK.[K], , 3, 220915_2ULMOCK3.RAW, 715415.875, 
[R].KHIVGMTGDGVNDAPALKK.[A], , 4, 220915_2ULMOCK3.RAW, 47951.52734375, 
[R].KHIVGMTGDGVNDAPALKK.[A], , 4, 220915_2ULMOCK3.RAW, 49835.3515625, 
[R].KHIVGMTGDGVNDAPALKK.[A], M6(OXIDATION), 4, 220915_2ULMOCK3.RAW, 22173.41796875, 
[R].LGMGTNMYPSSALLGTHK.[D], , 3, 220915_2ULMOCK3.RAW, 228805.421875, 
[R].LGMGTNMYPSSALLGTHK.[D], M3(OXIDATION), 3, 220915_2ULMOCK3.RAW, 132185.609375, 
[R].LLEGDPLKVDQSALTGESLPVTK.[H], , 2, 220915_2ULMOCK3.RAW, 121991.109375, 
[R].LLEGDPLKVDQSALTGESLPVTK.[H], , 3, 220915_2ULMOCK3.RAW, 196811.765625, 
[R].LLEGDPLKVDQSALTGESLPVTK.[H], , 3, 220915_2ULMOCK3.RAW, 2358536, 
[R].LLEGDPLKVDQSALTGESLPVTK.[H], E17(GEE85), 3, 220915_2ULMOCK3.RAW, 47812.1328125, GEE
[R].LLEGDPLKVDQSALTGESLPVTK.[H], Q11(DEAMIDATED), 3, 220915_2ULMOCK3.RAW, , 
[R].MTAIEEMAGMDVLCSDKTGTLTLNK.[L], C14(CARBOXYMETHYL), 3, 220915_2ULMOCK3.RAW, 161005.578125, 
[R].TALTYIDGSGNWHR.[V], , 2, 220915_2ULMOCK3.RAW, 410853.875, 
[R].TALTYIDGSGNWHR.[V], , 3, 220915_2ULMOCK3.RAW, 1675158.625, 
[R].VENQDAIDAAMVGMLADPK.[E], , 2, 220915_2ULMOCK3.RAW, 663334.6875, 
[R].VENQDAIDAAMVGMLADPK.[E], M14(OXIDATION), 2, 220915_2ULMOCK3.RAW, 64530.671875, 
[R].VENQDAIDAAMVGMLADPK.[E], M14(OXIDATION), 2, 220915_2ULMOCK3.RAW, 80595.9296875, 
[R].VENQDAIDAAMVGMLADPK.[E], M11(OXIDATION), 2, 220915_2ULMOCK3.RAW, 80595.9296875, 
[-].MWSHPQFEK.[S], , 3, 220915_2ULMOCK4.RAW, 137881.828125, 
[K].AAHLVDSTNQVGHFQK.[V], , 2, 220915_2ULMOCK4.RAW, 116451.203125, 
[K].AAHLVDSTNQVGHFQK.[V], , 3, 220915_2ULMOCK4.RAW, 924040.25, 
[K].AAHLVDSTNQVGHFQK.[V], , 4, 220915_2ULMOCK4.RAW, 965745.5625, 
[K].ADGFAGVFPEHK.[Y], , 2, 220915_2ULMOCK4.RAW, 718073, 
[K].ADGFAGVFPEHK.[Y], , 3, 220915_2ULMOCK4.RAW, 1404034.5, 
[K].ADGFAGVFPEHKYEIVK.[K], , 3, 220915_2ULMOCK4.RAW, 335780.375, 
[K].ADIGIAVADATDAAR.[G], D12(GEE85), 2, 220915_2ULMOCK4.RAW, 49556.828125, GEE
[K].ADIGIAVADATDAAR.[G], D9(GEE85), 2, 220915_2ULMOCK4.RAW, 76302.34375, GEE
[K].AWLNLFENK.[T], , 2, 220915_2ULMOCK4.RAW, 1002501.6875, 
[K].DANLASIPVEELIEK.[A], , 2, 220915_2ULMOCK4.RAW, 1442474.125, 
[K].DANLASIPVEELIEKADGFAGVFPEHK.[Y], , 3, 220915_2ULMOCK4.RAW, 165393.375, 
[K].DQVLLFAAMASR.[V], , 2, 220915_2ULMOCK4.RAW, 124707.421875, 
[K].EAVNIFPEK.[G], , 2, 220915_2ULMOCK4.RAW, 1114986.875, 
[K].EAVNIFPEKGSYR.[E], , 3, 220915_2ULMOCK4.RAW, , 
[K].ESPGAPWEFVGLLPLFDPPRHDSAETIR.[R], , 4, 220915_2ULMOCK4.RAW, 197990.921875, 
[K].GAPEQILELAK.[A], , 2, 220915_2ULMOCK4.RAW, 2985854.75, 
[K].GAPEQILELAK.[A], E8(GEE85), 2, 220915_2ULMOCK4.RAW, 100139.0078125, GEE
[K].GHVESVVK.[L], , 2, 220915_2ULMOCK4.RAW, 152932.96875, 
[K].GLDIETPSHYTV.[-], , 2, 220915_2ULMOCK4.RAW, 684775.875, 
[K].GVEKDQVLLFAAMASR.[V], , 3, 220915_2ULMOCK4.RAW, 378059.1875, 
[K].HIVGMTGDGVNDAPALKK.[A], , 3, 220915_2ULMOCK4.RAW, 57055.4609375, 
[K].HPGQEVFSGSTCK.[Q], C12(CARBOXYMETHYL), 2, 220915_2ULMOCK4.RAW, 246879.265625, 
[K].HPGQEVFSGSTCK.[Q], C12(CARBOXYMETHYL), 3, 220915_2ULMOCK4.RAW, 150977.234375, 
[K].IPIEEVFQQLK.[C], , 2, 220915_2ULMOCK4.RAW, 396986.96875, 
[K].KADIGIAVADATDAAR.[G], , 2, 220915_2ULMOCK4.RAW, 380015.4375, 
[K].KADIGIAVADATDAAR.[G], , 3, 220915_2ULMOCK4.RAW, 1263050.375, 
[K].KVLSIIDK.[Y], , 2, 220915_2ULMOCK4.RAW, 269939, 
[K].KVLSIIDKYAER.[G], , 3, 220915_2ULMOCK4.RAW, 244563.25, 
[K].LGDIIPADAR.[L], , 2, 220915_2ULMOCK4.RAW, 2434432.75, 
[K].LKGLDIETPSHYTV.[-], , 2, 220915_2ULMOCK4.RAW, 79386.7734375, 
[K].LKGLDIETPSHYTV.[-], , 3, 220915_2ULMOCK4.RAW, 288135.15625, 
[K].LSVDKNLVEVFCK.[G], C12(CARBOXYMETHYL), 3, 220915_2ULMOCK4.RAW, 567614.9375, 
[K].MITGDQLAIGK.[E], , 2, 220915_2ULMOCK4.RAW, , 
[K].QGEIEAVVIATGVHTFFGK.[A], , 2, 220915_2ULMOCK4.RAW, 60677.24609375, 
[K].QGEIEAVVIATGVHTFFGK.[A], , 3, 220915_2ULMOCK4.RAW, 627126.25, 
[K].RTALTYIDGSGNWHR.[V], , 3, 220915_2ULMOCK4.RAW, 375472.6875, 
[K].SYPYDVPDYASLEDIK.[N], , 2, 220915_2ULMOCK4.RAW, 53091.46484375, 
[K].SYPYDVPDYASLEDIKNETVDLEK.[I], , 3, 220915_2ULMOCK4.RAW, 193866.125, 
[K].SYPYDVPDYASLEDIKNETVDLEKIPIEEVFQQLK.[C], , 4, 220915_2ULMOCK4.RAW, 233545.6875, 
[K].TDFFSDTFGVR.[S], , 2, 220915_2ULMOCK4.RAW, 403862.84375, 
[K].TKESPGAPWEFVGLLPLFDPPR.[H], , 3, 220915_2ULMOCK4.RAW, 69864.09375, 
[K].VDQSALTGESLPVTK.[H], , 2, 220915_2ULMOCK4.RAW, 814849.3125, 
[K].VLSIIDKYAER.[G], , 3, 220915_2ULMOCK4.RAW, 341370.71875, 
[K].WSEQEAAILVPGDIVSIK.[L], , 2, 220915_2ULMOCK4.RAW, 1440072.375, 
[K].WSEQEAAILVPGDIVSIK.[L], , 3, 220915_2ULMOCK4.RAW, 268029.15625, 
[K].MITGDQLAIGK.[E], M1(OXIDATION), 2, 220915_2ULMOCK4.RAW, 215876.578125, 
[R].DGKWSEQEAAILVPGDIVSIK.[L], , 3, 220915_2ULMOCK4.RAW, 201778.046875, 
[R].EAQWALAQR.[T], , 2, 220915_2ULMOCK4.RAW, 1197157.375, 
[R].EGLTTQEGEDRIQIFGPNK.[L], , 3, 220915_2ULMOCK4.RAW, 434646.53125, 
[R].EGLTTQEGEDRIQIFGPNKLEEK.[K], , 3, 220915_2ULMOCK4.RAW, 362247.6875, 
[R].ELSEIAEQAK.[R], , 2, 220915_2ULMOCK4.RAW, 47088.48828125, 
[R].ELSEIAEQAK.[R], , 2, 220915_2ULMOCK4.RAW, 648291.3125, 
[R].ELSEIAEQAKR.[R], , 2, 220915_2ULMOCK4.RAW, 130488.0078125, 
[R].ELSEIAEQAKR.[R], , 3, 220915_2ULMOCK4.RAW, 175149.59375, 
[R].EVHFLPFNPVDK.[R], , 2, 220915_2ULMOCK4.RAW, 119942.34375, 
[R].EVHFLPFNPVDK.[R], , 3, 220915_2ULMOCK4.RAW, 771670.1875, 
[R].EVHFLPFNPVDKR.[T], , 3, 220915_2ULMOCK4.RAW, 2247551, 
[R].EVHFLPFNPVDKR.[T], , 4, 220915_2ULMOCK4.RAW, 660818.8125, 
[R].IQIFGPNKLEEK.[K], , 3, 220915_2ULMOCK4.RAW, 1081393, 
[R].KHIVGMTGDGVNDAPALKK.[A], , 4, 220915_2ULMOCK4.RAW, 59488.05078125, 
[R].LGMGTNMYPSSALLGTHK.[D], , 3, 220915_2ULMOCK4.RAW, 319903.96875, 
[R].LGMGTNMYPSSALLGTHK.[D], M3(OXIDATION), 3, 220915_2ULMOCK4.RAW, 100223.9296875, 
[R].LLEGDPLKVDQSALTGESLPVTK.[H], , 3, 220915_2ULMOCK4.RAW, 3921813.25, 
[R].LLEGDPLKVDQSALTGESLPVTK.[H], , 3, 220915_2ULMOCK4.RAW, 44321.65625, 
[R].LLEGDPLKVDQSALTGESLPVTKHPGQEVFSGSTCK.[Q], C35(CARBOXYMETHYL), 4, 220915_2ULMOCK4.RAW, 68187.078125, 
[R].MTAIEEMAGMDVLCSDKTGTLTLNK.[L], C14(CARBOXYMETHYL), 3, 220915_2ULMOCK4.RAW, 248679.140625, 
[R].TALTYIDGSGNWHR.[V], , 2, 220915_2ULMOCK4.RAW, 529890.75, 
[R].TALTYIDGSGNWHR.[V], , 3, 220915_2ULMOCK4.RAW, 1283192.5, 
[R].TALTYIDGSGNWHR.[V], , 3, 220915_2ULMOCK4.RAW, 219283.96875, 
[R].VENQDAIDAAMVGMLADPK.[E], , 2, 220915_2ULMOCK4.RAW, 756058.9375, 
[R].VENQDAIDAAMVGMLADPK.[E], M14(OXIDATION), 2, 220915_2ULMOCK4.RAW, 100859.7109375, 
[R].EGLTTQEGEDR.[I], E1(GEE85), 2, 220915_2ULMOCK4.RAW, 32762.61328125, GEE
[K].VDQSALTGESLPVTKHPGQEVFSGSTCK.[Q], Q19(DEAMIDATED); C27(CARBOXYMETHYL), 3, 220915_2ULMOCK5.RAW, 18143.021484375, 
[K].AAHLVDSTNQVGHFQK.[V], , 2, 220915_2ULMOCK5.RAW, 149327, 
[K].AAHLVDSTNQVGHFQK.[V], , 3, 220915_2ULMOCK5.RAW, 1162926.625, 
[K].AAHLVDSTNQVGHFQK.[V], , 4, 220915_2ULMOCK5.RAW, 1214559.375, 
[K].ADGFAGVFPEHK.[Y], , 3, 220915_2ULMOCK5.RAW, 1737391.5, 
[K].ADGFAGVFPEHKYEIVK.[K], , 3, 220915_2ULMOCK5.RAW, 255523.390625, 
[K].ADIGIAVADATDAAR.[G], , 2, 220915_2ULMOCK5.RAW, 2363662.5, 
[K].ADIGIAVADATDAAR.[G], D12(GEE85), 2, 220915_2ULMOCK5.RAW, 66885.9375, GEE
[K].ADIGIAVADATDAAR.[G], D9(GEE85), 2, 220915_2ULMOCK5.RAW, 112257.015625, GEE
[K].AWLNLFENK.[T], , 2, 220915_2ULMOCK5.RAW, 966388.0625, 
[K].DANLASIPVEELIEK.[A], , 2, 220915_2ULMOCK5.RAW, 1499499.625, 
[K].DANLASIPVEELIEKADGFAGVFPEHK.[Y], , 3, 220915_2ULMOCK5.RAW, 244223.25, 
[K].DANLASIPVEELIEKADGFAGVFPEHK.[Y], , 4, 220915_2ULMOCK5.RAW, 153068.421875, 
[K].DQVLLFAAMASR.[V], , 2, 220915_2ULMOCK5.RAW, 181336.3125, 
[K].EAVNIFPEK.[G], , 2, 220915_2ULMOCK5.RAW, 1441983.75, 
[K].EAVNIFPEKGSYR.[E], , 3, 220915_2ULMOCK5.RAW, 296198.4375, 
[K].ESPGAPWEFVGLLPLFDPPRHDSAETIR.[R], , 4, 220915_2ULMOCK5.RAW, 184015.90625, 
[K].GAPEQILELAK.[A], , 2, 220915_2ULMOCK5.RAW, 3217556.5, 
[K].GHVESVVK.[L], , 2, 220915_2ULMOCK5.RAW, 130660.234375, 
[K].GLDIETPSHYTV.[-], , 2, 220915_2ULMOCK5.RAW, 853730.8125, 
[K].GVEKDQVLLFAAMASR.[V], , 2, 220915_2ULMOCK5.RAW, 58314.42578125, 
[K].GVEKDQVLLFAAMASR.[V], , 3, 220915_2ULMOCK5.RAW, 515786.25, 
[K].HIVGMTGDGVNDAPALKK.[A], , 3, 220915_2ULMOCK5.RAW, 66152, 
[K].HIVGMTGDGVNDAPALKK.[A], M5(OXIDATION), 3, 220915_2ULMOCK5.RAW, 40435.7109375, 
[K].HIVGMTGDGVNDAPALKK.[A], M5(OXIDATION), 3, 220915_2ULMOCK5.RAW, 45764.6875, 
[K].HPGQEVFSGSTCK.[Q], C12(CARBOXYMETHYL), 2, 220915_2ULMOCK5.RAW, 278030.90625, 
[K].HPGQEVFSGSTCK.[Q], C12(CARBOXYMETHYL), 3, 220915_2ULMOCK5.RAW, 177386.640625, 
[K].IPIEEVFQQLK.[C], , 2, 220915_2ULMOCK5.RAW, 358164.1875, 
[K].KADIGIAVADATDAAR.[G], , 2, 220915_2ULMOCK5.RAW, 580712.4375, 
[K].KADIGIAVADATDAAR.[G], , 3, 220915_2ULMOCK5.RAW, 1890856.5, 
[K].KVLSIIDK.[Y], , 2, 220915_2ULMOCK5.RAW, 319491.6875, 
[K].KVLSIIDKYAER.[G], , 3, 220915_2ULMOCK5.RAW, 264314.78125, 
[K].LGDIIPADAR.[L], , 2, 220915_2ULMOCK5.RAW, 3749130.25, 
[K].LSVDKNLVEVFCK.[G], C12(CARBOXYMETHYL), 3, 220915_2ULMOCK5.RAW, 741305.625, 
[K].MITGDQLAIGK.[E], , 2, 220915_2ULMOCK5.RAW, 317293.15625, 
[K].QGEIEAVVIATGVHTFFGK.[A], , 2, 220915_2ULMOCK5.RAW, 52752.171875, 
[K].QGEIEAVVIATGVHTFFGK.[A], , 3, 220915_2ULMOCK5.RAW, 794448.3125, 
[K].RTALTYIDGSGNWHR.[V], , 3, 220915_2ULMOCK5.RAW, 437009.5625, 
[K].SYPYDVPDYASLEDIK.[N], , 2, 220915_2ULMOCK5.RAW, 63957.7109375, 
[K].SYPYDVPDYASLEDIKNETVDLEKIPIEEVFQQLK.[C], , 4, 220915_2ULMOCK5.RAW, 417561.125, 
[K].TDFFSDTFGVR.[S], , 2, 220915_2ULMOCK5.RAW, 481854.90625, 
[K].TKESPGAPWEFVGLLPLFDPPR.[H], , 3, 220915_2ULMOCK5.RAW, 70544.1015625, 
[K].VDQSALTGESLPVTK.[H], , 2, 220915_2ULMOCK5.RAW, 1015959.75, 
[K].VLSIIDKYAER.[G], , 3, 220915_2ULMOCK5.RAW, 453147.46875, 
[K].WSEQEAAILVPGDIVSIK.[L], , 2, 220915_2ULMOCK5.RAW, 1563903.75, 
[K].WSEQEAAILVPGDIVSIK.[L], , 2, 220915_2ULMOCK5.RAW, 47386.3515625, 
[K].MITGDQLAIGK.[E], M1(OXIDATION), 2, 220915_2ULMOCK5.RAW, 145770.125, 
[K].MITGDQLAIGK.[E], M1(OXIDATION), 2, 220915_2ULMOCK5.RAW, 267063.9375, 
[R].ALNLGVNVK.[M], , 2, 220915_2ULMOCK5.RAW, 2358371.75, 
[R].DGKWSEQEAAILVPGDIVSIK.[L], , 3, 220915_2ULMOCK5.RAW, 212432.828125, 
[R].EAQWALAQR.[T], , 2, 220915_2ULMOCK5.RAW, 1604186.5, 
[R].EGLTTQEGEDRIQIFGPNK.[L], , 3, 220915_2ULMOCK5.RAW, 591080.125, 
[R].EGLTTQEGEDRIQIFGPNKLEEK.[K], , 3, 220915_2ULMOCK5.RAW, 542101, 
[R].EGLTTQEGEDRIQIFGPNKLEEK.[K], , 4, 220915_2ULMOCK5.RAW, 985492.5, 
[R].ELSEIAEQAK.[R], , 2, 220915_2ULMOCK5.RAW, 61459.23046875, 
[R].ELSEIAEQAK.[R], , 2, 220915_2ULMOCK5.RAW, 729619.75, 
[R].ELSEIAEQAKR.[R], , 3, 220915_2ULMOCK5.RAW, 243926.40625, 
[R].EVHFLPFNPVDK.[R], , 2, 220915_2ULMOCK5.RAW, 108702.6640625, 
[R].EVHFLPFNPVDK.[R], , 3, 220915_2ULMOCK5.RAW, 709888.125, 
[R].EVHFLPFNPVDKR.[T], , 3, 220915_2ULMOCK5.RAW, 144098.734375, 
[R].EVHFLPFNPVDKR.[T], , 3, 220915_2ULMOCK5.RAW, 2753448.25, 
[R].EVHFLPFNPVDKR.[T], , 4, 220915_2ULMOCK5.RAW, 881099.625, 
[R].EVHFLPFNPVDK.[R], N8(DEAMIDATED), 3, 220915_2ULMOCK5.RAW, 91262.4375, 
[R].IQIFGPNKLEEK.[K], , 3, 220915_2ULMOCK5.RAW, 1327106.875, 
[R].KHIVGMTGDGVNDAPALK.[K], , 3, 220915_2ULMOCK5.RAW, 64738.80078125, 
[R].KHIVGMTGDGVNDAPALKK.[A], , 4, 220915_2ULMOCK5.RAW, 64305.53515625, 
[R].KHIVGMTGDGVNDAPALK.[K], M6(OXIDATION), 3, 220915_2ULMOCK5.RAW, 42489.46484375, 
[R].KHIVGMTGDGVNDAPALK.[K], M6(OXIDATION), 3, 220915_2ULMOCK5.RAW, 45764.6875, 
[R].LGMGTNMYPSSALLGTHK.[D], , 3, 220915_2ULMOCK5.RAW, 224161.453125, 
[R].LGMGTNMYPSSALLGTHK.[D], M7(OXIDATION), 3, 220915_2ULMOCK5.RAW, 124928.6328125, 
[R].LLEGDPLKVDQSALTGESLPVTK.[H], , 2, 220915_2ULMOCK5.RAW, 290557.34375, 
[R].LLEGDPLKVDQSALTGESLPVTK.[H], , 3, 220915_2ULMOCK5.RAW, 3983366.5, 
[R].LLEGDPLKVDQSALTGESLPVTK.[H], E17(GEE85), 3, 220915_2ULMOCK5.RAW, 72393.953125, GEE
[R].LSQQGAITK.[R], , 2, 220915_2ULMOCK5.RAW, 138736.921875, 
[R].MTAIEEMAGMDVLCSDKTGTLTLNK.[L], C14(CARBOXYMETHYL), 3, 220915_2ULMOCK5.RAW, 218057.859375, 
[R].RALNLGVNVK.[M], , 2, 220915_2ULMOCK5.RAW, 303922.5625, 
[R].TALTYIDGSGNWHR.[V], , 2, 220915_2ULMOCK5.RAW, 726331, 
[R].TALTYIDGSGNWHR.[V], , 3, 220915_2ULMOCK5.RAW, 1829338.25, 
[R].TALTYIDGSGNWHR.[V], , 3, 220915_2ULMOCK5.RAW, 309358.5625, 
[R].TALTYIDGSGNWHR.[V], , 3, 220915_2ULMOCK5.RAW, 44320.29296875, 
[R].VENQDAIDAAMVGMLADPK.[E], , 2, 220915_2ULMOCK5.RAW, 720527.1875, 
[R].VENQDAIDAAMVGMLADPK.[E], M14(OXIDATION), 2, 220915_2ULMOCK5.RAW, 47851.7421875, 
[R].VENQDAIDAAMVGMLADPK.[E], M14(OXIDATION), 2, 220915_2ULMOCK5.RAW, 81658.5546875, 
[R].VENQDAIDAAMVGMLADPK.[E], M14(OXIDATION), 2, 220915_2ULMOCK5.RAW, 82376.9140625, 
[-].MWSHPQFEK.[S], , 3, 220915_2ULMOCK6.RAW, 107124.4609375, 
[K].AAHLVDSTNQVGHFQK.[V], , 2, 220915_2ULMOCK6.RAW, 114109.609375, 
[K].AAHLVDSTNQVGHFQK.[V], , 3, 220915_2ULMOCK6.RAW, 893023.75, 
[K].AAHLVDSTNQVGHFQK.[V], , 4, 220915_2ULMOCK6.RAW, 929733.125, 
[K].ADGFAGVFPEHK.[Y], , 3, 220915_2ULMOCK6.RAW, 1817848.875, 
[K].ADGFAGVFPEHKYEIVK.[K], , 3, 220915_2ULMOCK6.RAW, 96427.265625, 
[K].ADIGIAVADATDAAR.[G], , 2, 220915_2ULMOCK6.RAW, 2673198, 
[K].ADIGIAVADATDAAR.[G], D9(GEE85), 2, 220915_2ULMOCK6.RAW, 77942.9375, GEE
[K].AWLNLFENK.[T], , 2, 220915_2ULMOCK6.RAW, 966920.375, 
[K].ADGFAGVFPEHK.[Y], D2(GEE85), 3, 220915_2ULMOCK6.RAW, 40156.8515625, GEE
[K].DANLASIPVEELIEK.[A], , 2, 220915_2ULMOCK6.RAW, 1377150.75, 
[K].DANLASIPVEELIEKADGFAGVFPEHK.[Y], , 3, 220915_2ULMOCK6.RAW, 232967.265625, 
[K].DQVLLFAAMASR.[V], , 2, 220915_2ULMOCK6.RAW, 167388.875, 
[K].EAVNIFPEK.[G], , 2, 220915_2ULMOCK6.RAW, 1190525.875, 
[K].EAVNIFPEKGSYR.[E], , 3, 220915_2ULMOCK6.RAW, 285907.59375, 
[K].ESPGAPWEFVGLLPLFDPPRHDSAETIR.[R], , 4, 220915_2ULMOCK6.RAW, 162191.21875, 
[K].GAPEQILELAK.[A], , 2, 220915_2ULMOCK6.RAW, 3185060.5, 
[K].GHVESVVK.[L], , 2, 220915_2ULMOCK6.RAW, 255284.671875, 
[K].GLDIETPSHYTV.[-], , 2, 220915_2ULMOCK6.RAW, 785076.1875, 
[K].GVEKDQVLLFAAMASR.[V], , 3, 220915_2ULMOCK6.RAW, 342662.1875, 
[K].HIVGMTGDGVNDAPALKK.[A], , 3, 220915_2ULMOCK6.RAW, 59372.22265625, 
[K].HPGQEVFSGSTCK.[Q], C12(CARBOXYMETHYL), 2, 220915_2ULMOCK6.RAW, 269178.5625, 
[K].HPGQEVFSGSTCK.[Q], C12(CARBOXYMETHYL), 3, 220915_2ULMOCK6.RAW, 166392.796875, 
[K].IPIEEVFQQLK.[C], , 2, 220915_2ULMOCK6.RAW, 354646.5, 
[K].KADIGIAVADATDAAR.[G], , 2, 220915_2ULMOCK6.RAW, 351304, 
[K].KADIGIAVADATDAAR.[G], , 3, 220915_2ULMOCK6.RAW, 1344485.5, 
[K].KVLSIIDK.[Y], , 2, 220915_2ULMOCK6.RAW, 268684.34375, 
[K].KVLSIIDKYAER.[G], , 3, 220915_2ULMOCK6.RAW, 170741.359375, 
[K].LGDIIPADAR.[L], , 2, 220915_2ULMOCK6.RAW, 3525490.25, 
[K].LSVDKNLVEVFCK.[G], C12(CARBOXYMETHYL), 3, 220915_2ULMOCK6.RAW, 645599.625, 
[K].MITGDQLAIGK.[E], , 2, 220915_2ULMOCK6.RAW, , 
[K].NLVEVFCK.[G], C7(CARBOXYMETHYL), 2, 220915_2ULMOCK6.RAW, 680813.9375, 
[K].QGEIEAVVIATGVHTFFGK.[A], , 2, 220915_2ULMOCK6.RAW, 50504.5078125, 
[K].QGEIEAVVIATGVHTFFGK.[A], , 3, 220915_2ULMOCK6.RAW, 639489.75, 
[K].RTALTYIDGSGNWHR.[V], , 3, 220915_2ULMOCK6.RAW, 272585.84375, 
[K].SYPYDVPDYASLEDIKNETVDLEK.[I], , 3, 220915_2ULMOCK6.RAW, 174372.6875, 
[K].TDFFSDTFGVR.[S], , 2, 220915_2ULMOCK6.RAW, 476969.09375, 
[K].VDQSALTGESLPVTK.[H], , 2, 220915_2ULMOCK6.RAW, 895411.0625, 
[K].VLSIIDKYAER.[G], , 3, 220915_2ULMOCK6.RAW, 340392.21875, 
[K].WSEQEAAILVPGDIVSIK.[L], , 2, 220915_2ULMOCK6.RAW, 1437675.25, 
[K].WSEQEAAILVPGDIVSIK.[L], , 3, 220915_2ULMOCK6.RAW, 268940.46875, 
[K].MITGDQLAIGK.[E], M1(OXIDATION), 2, 220915_2ULMOCK6.RAW, 248898.75, 
[R].ALNLGVNVK.[M], , 2, 220915_2ULMOCK6.RAW, 1924795.125, 
[R].DGKWSEQEAAILVPGDIVSIK.[L], , 3, 220915_2ULMOCK6.RAW, 133779.109375, 
[R].EAQWALAQR.[T], , 2, 220915_2ULMOCK6.RAW, 1902414.625, 
[R].EGLTTQEGEDRIQIFGPNK.[L], , 3, 220915_2ULMOCK6.RAW, 362635.28125, 
[R].EGLTTQEGEDRIQIFGPNKLEEK.[K], , 3, 220915_2ULMOCK6.RAW, 370845.5625, 
[R].EGLTTQEGEDRIQIFGPNKLEEK.[K], , 4, 220915_2ULMOCK6.RAW, 833388.625, 
[R].EGLTTQEGEDR.[I], D10(GEE85), 2, 220915_2ULMOCK6.RAW, 39865.390625, GEE
[R].ELSEIAEQAK.[R], , 2, 220915_2ULMOCK6.RAW, 696636.125, 
[R].ELSEIAEQAKR.[R], , 2, 220915_2ULMOCK6.RAW, 152742.8125, 
[R].ELSEIAEQAKR.[R], , 3, 220915_2ULMOCK6.RAW, 167118.078125, 
[R].EVHFLPFNPVDK.[R], , 2, 220915_2ULMOCK6.RAW, 115940.7109375, 
[R].EVHFLPFNPVDK.[R], , 3, 220915_2ULMOCK6.RAW, 699242, 
[R].EVHFLPFNPVDKR.[T], , 3, 220915_2ULMOCK6.RAW, 1689520.375, 
[R].EVHFLPFNPVDKR.[T], , 4, 220915_2ULMOCK6.RAW, 495479.8125, 
[R].IQIFGPNKLEEK.[K], , 3, 220915_2ULMOCK6.RAW, 1212250.125, 
[R].KHIVGMTGDGVNDAPALK.[K], , 3, 220915_2ULMOCK6.RAW, 49308.46484375, 
[R].KHIVGMTGDGVNDAPALKK.[A], , 4, 220915_2ULMOCK6.RAW, 51739.5, 
[R].KHIVGMTGDGVNDAPALK.[K], M6(OXIDATION), 3, 220915_2ULMOCK6.RAW, 30248.705078125, 
[R].KHIVGMTGDGVNDAPALKK.[A], M6(OXIDATION), 4, 220915_2ULMOCK6.RAW, 14158.4775390625, 
[R].LGMGTNMYPSSALLGTHK.[D], , 3, 220915_2ULMOCK6.RAW, 190297.765625, 
[R].LGMGTNMYPSSALLGTHK.[D], M7(OXIDATION), 3, 220915_2ULMOCK6.RAW, 106562.3984375, 
[R].LGMGTNMYPSSALLGTHK.[D], M3(OXIDATION), 3, 220915_2ULMOCK6.RAW, 89590.578125, 
[R].LLEGDPLKVDQSALTGESLPVTK.[H], , 2, 220915_2ULMOCK6.RAW, 169998.296875, 
[R].LLEGDPLKVDQSALTGESLPVTK.[H], , 3, 220915_2ULMOCK6.RAW, 3245095.75, 
[R].LLEGDPLKVDQSALTGESLPVTK.[H], E17(GEE85), 3, 220915_2ULMOCK6.RAW, 69374, GEE
[R].LLEGDPLKVDQSALTGESLPVTK.[H], E3(GEE85), 3, 220915_2ULMOCK6.RAW, 43041.3984375, GEE
[R].MTAIEEMAGMDVLCSDKTGTLTLNK.[L], C14(CARBOXYMETHYL), 3, 220915_2ULMOCK6.RAW, 261471.1875, 
[R].RALNLGVNVK.[M], , 2, 220915_2ULMOCK6.RAW, 253522.703125, 
[R].TALTYIDGSGNWHR.[V], , 2, 220915_2ULMOCK6.RAW, 579569.625, 
[R].TALTYIDGSGNWHR.[V], , 3, 220915_2ULMOCK6.RAW, 1365480.375, 
[R].TALTYIDGSGNWHR.[V], , 3, 220915_2ULMOCK6.RAW, 224814.328125, 
[R].TALTYIDGSGNWHR.[V], , 3, 220915_2ULMOCK6.RAW, 31611.05078125, 
[R].VENQDAIDAAMVGMLADPK.[E], , 2, 220915_2ULMOCK6.RAW, 693400.6875, 
[R].VENQDAIDAAMVGMLADPK.[E], M14(OXIDATION), 2, 220915_2ULMOCK6.RAW, 81860.7109375, 
[R].VENQDAIDAAMVGMLADPK.[E], M11(OXIDATION), 2, 220915_2ULMOCK6.RAW, 50973.58984375, 
[R].VKPSPTPDSWK.[L], , 3, 220915_2ULMOCK6.RAW, 190952.640625, 
