Annotated Sequence, Modifications, Charge, Spectrum File, Precursor Abundance, Label?
[R].LLEGDPLKVDQSALTGESLPVTKHPGqEVFSGSTcK.[Q], Q27(Deamidated); C35(Carboxymethyl),4, 220915_2ulAMPPNP1.raw, , 
[K].AAHLVDSTNQVGHFQK.[V], ,2, 220915_2ulAMPPNP1.raw,204438.8906, 
[K].AAHLVDSTNQVGHFQK.[V], ,3, 220915_2ulAMPPNP1.raw,1059645.875, 
[K].AAHLVDSTNQVGHFQK.[V], ,4, 220915_2ulAMPPNP1.raw,857115.4375, 
[K].AAHLVDSTnQVGHFQK.[V], N9(Deamidated),3, 220915_2ulAMPPNP1.raw,11690.4043, 
[K].ADIGIAVADATDAAR.[G], ,2, 220915_2ulAMPPNP1.raw,2251364.75, 
[K].ADIGIAVADATdAAR.[G], D12(GEE85),2, 220915_2ulAMPPNP1.raw,63821.94922, GEE
[K].AWLNLFENK.[T], ,2, 220915_2ulAMPPNP1.raw,1095539.625, 
[K].DANLASIPVEELIEK.[A], ,2, 220915_2ulAMPPNP1.raw,1641481.375, 
[K].DANLASIPVEELIeK.[A], E14(GEE85),2, 220915_2ulAMPPNP1.raw,69128.85938, GEE
[K].DANLASIPVEELIEKADGFAGVFPEHK.[Y], ,3, 220915_2ulAMPPNP1.raw,118041.7266, 
[K].DANLASIPVEELIEKADGFAGVFPEHK.[Y], ,4, 220915_2ulAMPPNP1.raw,69016.10938, 
[K].DQVLLFAAMASR.[V], ,2, 220915_2ulAMPPNP1.raw,93360.92969, 
[K].EAVNIFPEK.[G], ,2, 220915_2ulAMPPNP1.raw,1506221.625, 
[K].EAVNIFPEKGSYR.[E], ,2, 220915_2ulAMPPNP1.raw,85760.03906, 
[K].ESPGAPWEFVGLLPLFDPPRHDSAETIR.[R], ,4, 220915_2ulAMPPNP1.raw,99651.02344, 
[K].GAPEQILELAK.[A], ,2, 220915_2ulAMPPNP1.raw,3064604.5, 
[K].GHVESVVK.[L], ,2, 220915_2ulAMPPNP1.raw,160040.5938, 
[K].GLDIETPSHYTV.[-], ,2, 220915_2ulAMPPNP1.raw,558909, 
[K].GVEKDQVLLFAAMASR.[V], ,2, 220915_2ulAMPPNP1.raw,39480.83594, 
[K].GVEKDQVLLFAAMASR.[V], ,3, 220915_2ulAMPPNP1.raw,304261.625, 
[K].HIVGmTGDGVNDAPALKK.[A], M5(Oxidation),3, 220915_2ulAMPPNP1.raw,36825.65625, 
[K].HPGQEVFSGSTcK.[Q], C12(Carboxymethyl),2, 220915_2ulAMPPNP1.raw,289890.7813, 
[K].HPGQEVFSGSTcK.[Q], C12(Carboxymethyl),3, 220915_2ulAMPPNP1.raw,171435.9219, 
[K].IPIEEVFQQLK.[C], ,2, 220915_2ulAMPPNP1.raw,349828.75, 
[K].KADIGIAVADATDAAR.[G], ,2, 220915_2ulAMPPNP1.raw,422939.0938, 
[K].KADIGIAVADATDAAR.[G], ,3, 220915_2ulAMPPNP1.raw,1095857.625, 
[K].KVLSIIDK.[Y], ,2, 220915_2ulAMPPNP1.raw,212693.7188, 
[K].KVLSIIDKYAER.[G], ,3, 220915_2ulAMPPNP1.raw,120134.6016, 
[K].LGDIIPADAR.[L], ,2, 220915_2ulAMPPNP1.raw,3528461.5, 
[K].LSVDKNLVEVFcK.[G], C12(Carboxymethyl),3, 220915_2ulAMPPNP1.raw,806868.625, 
[K].NLVEVFcK.[G], C7(Carboxymethyl),2, 220915_2ulAMPPNP1.raw,753078.875, 
[K].QGEIEAVVIATGVHTFFGK.[A], ,2, 220915_2ulAMPPNP1.raw,64412.14844, 
[K].QGEIEAVVIATGVHTFFGK.[A], ,3, 220915_2ulAMPPNP1.raw,734129.75, 
[K].RTALTYIDGSGNWHR.[V], ,3, 220915_2ulAMPPNP1.raw,385358, 
[K].SYPYDVPDYASLEDIK.[N], ,2, 220915_2ulAMPPNP1.raw,56055.19531, 
[K].SYPYDVPDYASLEDIKNETVDLEK.[I], ,3, 220915_2ulAMPPNP1.raw,178269.7031, 
[K].TDFFSDTFGVR.[S], ,2, 220915_2ulAMPPNP1.raw,533866.3125, 
[K].TKESPGAPWEFVGLLPLFDPPR.[H], ,3, 220915_2ulAMPPNP1.raw,47488.23047, 
[K].VDQSALTGESLPVTK.[H], ,2, 220915_2ulAMPPNP1.raw,994973.5625, 
[K].VDQSALTGeSLPVTK.[H], E9(GEE85),2, 220915_2ulAMPPNP1.raw,21893.48633, GEE
[K].VLSIIDKYAER.[G], ,3, 220915_2ulAMPPNP1.raw,253410.0938, 
[K].WSEQEAAILVPGDIVSIK.[L], ,2, 220915_2ulAMPPNP1.raw,1578590.375, 
[K].WSEQEAAILVPGDIVSIK.[L], ,2, 220915_2ulAMPPNP1.raw,57141.73438, 
[K].WSEQEAAILVPGDIVSIK.[L], ,2, 220915_2ulAMPPNP1.raw,79548.32813, 
[K].WSEQEAAILVPGDIVSIK.[L], ,3, 220915_2ulAMPPNP1.raw,296339.1563, 
[R].ALNLGVNVK.[M], ,2, 220915_2ulAMPPNP1.raw,1840415.125, 
[R].EAQWALAQR.[T], ,2, 220915_2ulAMPPNP1.raw,1650650.625, 
[R].EGLTTQEGEdR.[I], D10(GEE85),2, 220915_2ulAMPPNP1.raw,24550.47656, GEE
[R].EGLTTQEGeDR.[I], E9(GEE85),2, 220915_2ulAMPPNP1.raw,39111.84766, GEE
[R].EGLTTQEGEDRIQIFGPNK.[L], ,3, 220915_2ulAMPPNP1.raw,558953.6875, 
[R].EGLTTQEGEDRIQIFGPNKLEEK.[K], ,3, 220915_2ulAMPPNP1.raw,447727.0938, 
[R].EGLTTQEGEDRIQIFGPNKLEEK.[K], ,4, 220915_2ulAMPPNP1.raw,955430.625, 
[R].ELSEIAEQAK.[R], ,2, 220915_2ulAMPPNP1.raw,614506.625, 
[R].ELSEIAEQAKR.[R], ,2, 220915_2ulAMPPNP1.raw,194550.0469, 
[R].ELSEIAEQAKR.[R], ,3, 220915_2ulAMPPNP1.raw,166636.2656, 
[R].EVHFLPFNPVDK.[R], ,3, 220915_2ulAMPPNP1.raw,731042.25, 
[R].EVHFLPFNPVDKR.[T], ,3, 220915_2ulAMPPNP1.raw,1950499.375, 
[R].EVHFLPFNPVDKR.[T], ,3, 220915_2ulAMPPNP1.raw,96591.99219, 
[R].EVHFLPFNPVDKR.[T], ,4, 220915_2ulAMPPNP1.raw,562665.5625, 
[R].IQIFGPNKLEEK.[K], ,3, 220915_2ulAMPPNP1.raw,1093937.75, 
[R].KHIVGMTGDGVNDAPALK.[K], ,3, 220915_2ulAMPPNP1.raw,61711.76953, 
[R].KHIVGmTGDGVNDAPALK.[K], M6(Oxidation),3, 220915_2ulAMPPNP1.raw,36825.65625, 
[R].KHIVGmTGDGVNDAPALKK.[A], M6(Oxidation),4, 220915_2ulAMPPNP1.raw,13791.44531, 
[R].LGmGTNMYPSSALLGTHK.[D], M3(Oxidation),3, 220915_2ulAMPPNP1.raw, , 
[R].LLEGDPLKVDQSALTGESLPVTK.[H], ,3, 220915_2ulAMPPNP1.raw,2196492.25, 
[R].RALNLGVNVK.[M], ,2, 220915_2ulAMPPNP1.raw,250749.3594, 
[R].TALTYIDGSGNWHR.[V], ,2, 220915_2ulAMPPNP1.raw,383662.1875, 
[R].TALTYIDGSGNWHR.[V], ,3, 220915_2ulAMPPNP1.raw,1633760.375, 
[R].VENQDAIDAAMVGMLADPK.[E], ,2, 220915_2ulAMPPNP1.raw,479957.125, 
[R].VENQDAIDAAmVGMLADPK.[E], M11(Oxidation),2, 220915_2ulAMPPNP1.raw,61224.91797, 
[R].VENQDAIDAAMVGmLADPK.[E], M14(Oxidation),2, 220915_2ulAMPPNP1.raw,37182.82813, 
[R].VKPSPTPDSWK.[L], ,3, 220915_2ulAMPPNP1.raw,204127.5938, 
[K].AAHLVDSTNQVGHFQK.[V], ,2, 220915_2ulAMPPNP2.raw,114593.2578, 
[K].AAHLVDSTNQVGHFQK.[V], ,3, 220915_2ulAMPPNP2.raw,628032.5, 
[K].AAHLVDSTNQVGHFQK.[V], ,4, 220915_2ulAMPPNP2.raw,561262.3125, 
[K].ADGFAGVFPEHK.[Y], ,2, 220915_2ulAMPPNP2.raw,603067.875, 
[K].ADGFAGVFPEHK.[Y], ,3, 220915_2ulAMPPNP2.raw,1104632.125, 
[K].ADIGIAVADATDAAR.[G], ,2, 220915_2ulAMPPNP2.raw,1677210.5, 
[K].AWLNLFENK.[T], ,2, 220915_2ulAMPPNP2.raw,690160.5, 
[K].DANLASIPVEELIEK.[A], ,2, 220915_2ulAMPPNP2.raw,1174177.625, 
[K].DANLASIPVEELIEKADGFAGVFPEHK.[Y], ,3, 220915_2ulAMPPNP2.raw,126473.0391, 
[K].DQVLLFAAMASR.[V], ,2, 220915_2ulAMPPNP2.raw,64871.26953, 
[K].EAVNIFPEK.[G], ,2, 220915_2ulAMPPNP2.raw,824899.5, 
[K].EAVNIFPEKGSYR.[E], ,3, 220915_2ulAMPPNP2.raw,193656.7031, 
[K].GAPEQILELAK.[A], ,2, 220915_2ulAMPPNP2.raw,2240184.5, 
[K].GLDIETPSHYTV.[-], ,2, 220915_2ulAMPPNP2.raw,453204.125, 
[K].GVEKDQVLLFAAMASR.[V], ,3, 220915_2ulAMPPNP2.raw,200609.9219, 
[K].HIVGMTGDGVNDAPALKK.[A], ,3, 220915_2ulAMPPNP2.raw,31011.21875, 
[K].HPGQEVFSGSTcK.[Q], C12(Carboxymethyl),2, 220915_2ulAMPPNP2.raw,160678.8281, 
[K].HPGQEVFSGSTcK.[Q], C12(Carboxymethyl),3, 220915_2ulAMPPNP2.raw,109789.3203, 
[K].IPIEEVFQQLK.[C], ,2, 220915_2ulAMPPNP2.raw,220428.8438, 
[K].KADIGIAVADATDAAR.[G], ,2, 220915_2ulAMPPNP2.raw,285291.1563, 
[K].KADIGIAVADATDAAR.[G], ,3, 220915_2ulAMPPNP2.raw,1063061.625, 
[K].KVLSIIDK.[Y], ,2, 220915_2ulAMPPNP2.raw,163178.4844, 
[K].KVLSIIDKYAER.[G], ,3, 220915_2ulAMPPNP2.raw,147597.4375, 
[K].LGDIIPADAR.[L], ,2, 220915_2ulAMPPNP2.raw,2242382, 
[K].LSVDKNLVEVFcK.[G], C12(Carboxymethyl),3, 220915_2ulAMPPNP2.raw,435797.2188, 
[K].mITGDQLAIGK.[E], M1(Oxidation),2, 220915_2ulAMPPNP2.raw,204575.75, 
[K].QGEIEAVVIATGVHTFFGK.[A], ,2, 220915_2ulAMPPNP2.raw,43421.17578, 
[K].QGEIEAVVIATGVHTFFGK.[A], ,3, 220915_2ulAMPPNP2.raw,531401.875, 
[K].RTALTYIDGSGNWHR.[V], ,3, 220915_2ulAMPPNP2.raw,296487.5, 
[K].TDFFSDTFGVR.[S], ,2, 220915_2ulAMPPNP2.raw,337398.4063, 
[K].TKESPGAPWEFVGLLPLFDPPR.[H], ,3, 220915_2ulAMPPNP2.raw,45705.46875, 
[K].VDQSALTGESLPVTK.[H], ,2, 220915_2ulAMPPNP2.raw,633819.3125, 
[K].VLSIIDKYAER.[G], ,3, 220915_2ulAMPPNP2.raw,230597.9375, 
[K].WSEQEAAILVPGDIVSIK.[L], ,2, 220915_2ulAMPPNP2.raw,1224835.25, 
[K].WSEQEAAILVPGDIVSIK.[L], ,2, 220915_2ulAMPPNP2.raw,56241.69922, 
[K].WSEQEAAILVPGDIVSIK.[L], ,3, 220915_2ulAMPPNP2.raw,279856.0313, 
[R].EAQWALAQR.[T], ,2, 220915_2ulAMPPNP2.raw,1387786.125, 
[R].EGLTTQEGEDRIQIFGPNK.[L], ,3, 220915_2ulAMPPNP2.raw,365297.5625, 
[R].EGLTTQEGEDRIQIFGPNKLEEK.[K], ,3, 220915_2ulAMPPNP2.raw,291372.5938, 
[R].EGLTTQEGEDRIQIFGPNKLEEK.[K], ,4, 220915_2ulAMPPNP2.raw,615436.3125, 
[R].ELSEIAEQAK.[R], ,2, 220915_2ulAMPPNP2.raw,444465, 
[R].EVHFLPFNPVDK.[R], ,2, 220915_2ulAMPPNP2.raw,85181.57813, 
[R].EVHFLPFNPVDK.[R], ,3, 220915_2ulAMPPNP2.raw,527850.6875, 
[R].EVHFLPFNPVDKR.[T], ,3, 220915_2ulAMPPNP2.raw,1285259.25, 
[R].EVHFLPFNPVDKR.[T], ,4, 220915_2ulAMPPNP2.raw,441404.6563, 
[R].IQIFGPNKLEEK.[K], ,3, 220915_2ulAMPPNP2.raw,852432.1875, 
[R].KHIVGMTGDGVNDAPALKK.[A], ,4, 220915_2ulAMPPNP2.raw,32216.6582, 
[R].LGMGTNmYPSSALLGTHK.[D], M7(Oxidation),3, 220915_2ulAMPPNP2.raw,48710.76563, 
[R].LLEGDPLKVDQSALTGESLPVTK.[H], ,3, 220915_2ulAMPPNP2.raw,1974180.375, 
[R].TALTYIDGSGNWHR.[V], ,2, 220915_2ulAMPPNP2.raw,383914.2188, 
[R].TALTYIDGSGNWHR.[V], ,3, 220915_2ulAMPPNP2.raw,108532.0547, 
[R].TALTYIDGSGNWHR.[V], ,3, 220915_2ulAMPPNP2.raw,30457.34961, 
[R].TALTYIDGSGNWHR.[V], ,3, 220915_2ulAMPPNP2.raw,945546.9375, 
[R].VENQDAIDAAMVGMLADPK.[E], ,2, 220915_2ulAMPPNP2.raw,272358.4375, 
[-].MWSHPQFEK.[S], ,3, 220915_2ulAMPPNP3.raw,65672.72656, 
[K].AAHLVDSTNQVGHFQK.[V], ,2, 220915_2ulAMPPNP3.raw,128425.5469, 
[K].AAHLVDSTNQVGHFQK.[V], ,3, 220915_2ulAMPPNP3.raw,824102.1875, 
[K].AAHLVDSTNQVGHFQK.[V], ,4, 220915_2ulAMPPNP3.raw,843551.625, 
[K].ADGFAGVFPEHK.[Y], ,2, 220915_2ulAMPPNP3.raw,825623.0625, 
[K].ADGFAGVFPEHK.[Y], ,3, 220915_2ulAMPPNP3.raw,1461900.375, 
[K].ADIGIAVADATDAAR.[G], ,2, 220915_2ulAMPPNP3.raw,1856031.375, 
[K].ADIGIAVADATdAAR.[G], D12(GEE85),2, 220915_2ulAMPPNP3.raw,61150.41797, GEE
[K].AWLNLFENK.[T], ,2, 220915_2ulAMPPNP3.raw,868807.3125, 
[K].DANLASIPVEELIEK.[A], ,2, 220915_2ulAMPPNP3.raw,1460350.375, 
[K].DANLASIPVEELIeK.[A], E14(GEE85),2, 220915_2ulAMPPNP3.raw,84263.69531, GEE
[K].DANLASIPVEELIEKADGFAGVFPEHK.[Y], ,3, 220915_2ulAMPPNP3.raw,158965.0156, 
[K].EAVNIFPEK.[G], ,2, 220915_2ulAMPPNP3.raw,1002767.125, 
[K].EAVNIFPEKGSYR.[E], ,3, 220915_2ulAMPPNP3.raw, , 
[K].ESPGAPWEFVGLLPLFDPPRHDSAETIR.[R], ,4, 220915_2ulAMPPNP3.raw,117141.7109, 
[K].GAPEQILELAK.[A], ,2, 220915_2ulAMPPNP3.raw,2866962, 
[K].GLDIETPSHYTV.[-], ,2, 220915_2ulAMPPNP3.raw,605389.4375, 
[K].GVEKDQVLLFAAMASR.[V], ,3, 220915_2ulAMPPNP3.raw,177410.7813, 
[K].HPGQEVFSGSTcK.[Q], C12(Carboxymethyl),2, 220915_2ulAMPPNP3.raw,204267.0938, 
[K].HPGQEVFSGSTcK.[Q], C12(Carboxymethyl),3, 220915_2ulAMPPNP3.raw,129295.375, 
[K].IPIEEVFQQLK.[C], ,2, 220915_2ulAMPPNP3.raw,317731.0313, 
[K].KADIGIAVADATDAAR.[G], ,2, 220915_2ulAMPPNP3.raw,340318.0313, 
[K].KADIGIAVADATDAAR.[G], ,3, 220915_2ulAMPPNP3.raw,1244775.75, 
[K].KVLSIIDKYAER.[G], ,3, 220915_2ulAMPPNP3.raw,182970.5781, 
[K].LGDIIPADAR.[L], ,2, 220915_2ulAMPPNP3.raw,2495434.5, 
[K].LSVDKNLVEVFcK.[G], C12(Carboxymethyl),3, 220915_2ulAMPPNP3.raw,539914.5, 
[K].mITGDQLAIGK.[E], M1(Oxidation),2, 220915_2ulAMPPNP3.raw,181056.7188, 
[K].NLVEVFcK.[G], C7(Carboxymethyl),2, 220915_2ulAMPPNP3.raw,598075.875, 
[K].QGEIEAVVIATGVHTFFGK.[A], ,2, 220915_2ulAMPPNP3.raw,42662.8125, 
[K].QGEIEAVVIATGVHTFFGK.[A], ,3, 220915_2ulAMPPNP3.raw,456879.2188, 
[K].RTALTYIDGSGNWHR.[V], ,3, 220915_2ulAMPPNP3.raw,326942.5938, 
[K].TDFFSDTFGVR.[S], ,2, 220915_2ulAMPPNP3.raw,381777, 
[K].TKESPGAPWEFVGLLPLFDPPR.[H], ,3, 220915_2ulAMPPNP3.raw,48081.38672, 
[K].VDQSALTGESLPVTK.[H], ,2, 220915_2ulAMPPNP3.raw,758226.3125, 
[K].VLSIIDKYAER.[G], ,3, 220915_2ulAMPPNP3.raw,305844.9375, 
[K].WSEQEAAILVPGDIVSIK.[L], ,2, 220915_2ulAMPPNP3.raw,1376306, 
[K].WSEQEAAILVPGDIVSIK.[L], ,3, 220915_2ulAMPPNP3.raw,285589.5, 
[R].DGKWSEQEAAILVPGDIVSIK.[L], ,3, 220915_2ulAMPPNP3.raw,67519.85156, 
[R].EAQWALAQR.[T], ,2, 220915_2ulAMPPNP3.raw,1472961.875, 
[R].EGLTTQEGeDR.[I], E9(GEE85),2, 220915_2ulAMPPNP3.raw,51064.90234, GEE
[R].EGLTTQEGEDRIQIFGPNK.[L], ,3, 220915_2ulAMPPNP3.raw,523558.875, 
[R].EGLTTQEGEDRIQIFGPNKLEEK.[K], ,3, 220915_2ulAMPPNP3.raw,334425.0938, 
[R].EGLTTQEGEDRIQIFGPNKLEEK.[K], ,4, 220915_2ulAMPPNP3.raw,731577.6875, 
[R].ELSEIAEQAK.[R], ,2, 220915_2ulAMPPNP3.raw,589093.6875, 
[R].ELSEIAEQAKR.[R], ,3, 220915_2ulAMPPNP3.raw,144842.7344, 
[R].EVHFLPFNPVDK.[R], ,3, 220915_2ulAMPPNP3.raw,584176.5625, 
[R].EVHFLPFNPVDKR.[T], ,3, 220915_2ulAMPPNP3.raw,1676167, 
[R].EVHFLPFNPVDKR.[T], ,4, 220915_2ulAMPPNP3.raw,522184.5938, 
[R].IQIFGPNKLEEK.[K], ,3, 220915_2ulAMPPNP3.raw, , 
[R].KHIVGMTGDGVNDAPALK.[K], ,3, 220915_2ulAMPPNP3.raw,35672.08203, 
[R].LGMGTNMYPSSALLGTHK.[D], ,3, 220915_2ulAMPPNP3.raw,75063.60938, 
[R].LLEGDPLKVDQSALTGESLPVTK.[H], ,3, 220915_2ulAMPPNP3.raw,2466304.5, 
[R].LLEGDPLKVDQSALTGESLPVTK.[H], ,3, 220915_2ulAMPPNP3.raw,62487.45703, 
[R].LLEGDPLKVDQSALTGeSLPVTK.[H], E17(GEE85),3, 220915_2ulAMPPNP3.raw,50819.16406, GEE
[R].RALNLGVNVK.[M], ,2, 220915_2ulAMPPNP3.raw,207051.8438, 
[R].TALTYIDGSGNWHR.[V], ,2, 220915_2ulAMPPNP3.raw,471932.5938, 
[R].TALTYIDGSGNWHR.[V], ,3, 220915_2ulAMPPNP3.raw,1151742.375, 
[R].TALTYIDGSGNWHR.[V], ,3, 220915_2ulAMPPNP3.raw,29243.06445, 
[R].VENQDAIDAAMVGMLADPK.[E], ,2, 220915_2ulAMPPNP3.raw,288170.0313, 
[R].VENqDAIDAAMVGMLADPK.[E], Q4(Deamidated),2, 220915_2ulAMPPNP3.raw, , 
[K].AAHLVDSTNQVGHFQK.[V], ,2, 220915_2ulAMPPNP4.raw,122880.1563, 
[K].AAHLVDSTNQVGHFQK.[V], ,3, 220915_2ulAMPPNP4.raw,938359.9375, 
[K].AAHLVDSTNQVGHFQK.[V], ,4, 220915_2ulAMPPNP4.raw,1022261.25, 
[K].ADGFAGVFPEHK.[Y], ,2, 220915_2ulAMPPNP4.raw,717703.125, 
[K].ADGFAGVFPEHK.[Y], ,3, 220915_2ulAMPPNP4.raw,1409730.375, 
[K].ADIGIAVADATDAAR.[G], ,2, 220915_2ulAMPPNP4.raw,2314094.5, 
[K].ADIGIAVADATdAAR.[G], D12(GEE85),2, 220915_2ulAMPPNP4.raw,86038.08594, GEE
[K].AWLNLFENK.[T], ,2, 220915_2ulAMPPNP4.raw,860469.5, 
[K].DANLASIPVEELIEK.[A], ,2, 220915_2ulAMPPNP4.raw,1322434.25, 
[K].DANLASIPVEELIeK.[A], E14(GEE85),2, 220915_2ulAMPPNP4.raw,84091.83594, GEE
[K].DANLASIPVEELIEKADGFAGVFPEHK.[Y], ,3, 220915_2ulAMPPNP4.raw,151069.5, 
[K].DANLASIPVEELIEKADGFAGVFPEHK.[Y], ,4, 220915_2ulAMPPNP4.raw,88017.48438, 
[K].DQVLLFAAMASR.[V], ,2, 220915_2ulAMPPNP4.raw,123987.9688, 
[K].EAVNIFPEK.[G], ,2, 220915_2ulAMPPNP4.raw,1011289.375, 
[K].EAVNIFPEKGSYR.[E], ,2, 220915_2ulAMPPNP4.raw,54433.66406, 
[K].EAVNIFPEKGSYR.[E], ,3, 220915_2ulAMPPNP4.raw, , 
[K].ESPGAPWEFVGLLPLFDPPRHDSAETIR.[R], ,4, 220915_2ulAMPPNP4.raw,80766.85938, 
[K].GLDIETPSHYTV.[-], ,2, 220915_2ulAMPPNP4.raw,626929.5, 
[K].GVEKDQVLLFAAMASR.[V], ,3, 220915_2ulAMPPNP4.raw,307209.5938, 
[K].HPGQEVFSGSTcK.[Q], C12(Carboxymethyl),2, 220915_2ulAMPPNP4.raw,330421.875, 
[K].HPGQEVFSGSTcK.[Q], C12(Carboxymethyl),3, 220915_2ulAMPPNP4.raw,116257.0781, 
[K].IPIEEVFQQLK.[C], ,2, 220915_2ulAMPPNP4.raw,302659.1563, 
[K].KADIGIAVADATDAAR.[G], ,3, 220915_2ulAMPPNP4.raw,1293420.875, 
[K].KVLSIIDK.[Y], ,2, 220915_2ulAMPPNP4.raw,226782.6094, 
[K].KVLSIIDKYAER.[G], ,3, 220915_2ulAMPPNP4.raw,246440.0625, 
[K].LGDIIPADAR.[L], ,2, 220915_2ulAMPPNP4.raw,2355588, 
[K].LKGLDIETPSHYTV.[-], ,3, 220915_2ulAMPPNP4.raw,416637.0313, 
[K].LSVDKNLVEVFcK.[G], C12(Carboxymethyl),3, 220915_2ulAMPPNP4.raw,542826.9375, 
[K].mITGDQLAIGK.[E], M1(Oxidation),2, 220915_2ulAMPPNP4.raw,207469.4219, 
[K].NLVEVFcK.[G], C7(Carboxymethyl),2, 220915_2ulAMPPNP4.raw,527517.6875, 
[K].QGEIEAVVIATGVHTFFGK.[A], ,2, 220915_2ulAMPPNP4.raw,33368.1875, 
[K].QGEIEAVVIATGVHTFFGK.[A], ,3, 220915_2ulAMPPNP4.raw,474278.5938, 
[K].RTALTYIDGSGNWHR.[V], ,3, 220915_2ulAMPPNP4.raw,366715.125, 
[K].SYPYDVPDYASLEDIKNETVDLEK.[I], ,3, 220915_2ulAMPPNP4.raw,152805.5, 
[K].TDFFSDTFGVR.[S], ,2, 220915_2ulAMPPNP4.raw,438845.7813, 
[K].TKESPGAPWEFVGLLPLFDPPR.[H], ,3, 220915_2ulAMPPNP4.raw,40731.96484, 
[K].VDQSALTGESLPVTK.[H], ,2, 220915_2ulAMPPNP4.raw,836231.1875, 
[K].VLSIIDKYAER.[G], ,3, 220915_2ulAMPPNP4.raw,315214.6563, 
[K].WSEQEAAILVPGDIVSIK.[L], ,2, 220915_2ulAMPPNP4.raw,1208466, 
[R].ALNLGVNVK.[M], ,2, 220915_2ulAMPPNP4.raw,1947903.25, 
[R].DGKWSEQEAAILVPGDIVSIK.[L], ,3, 220915_2ulAMPPNP4.raw,81121.50781, 
[R].EAQWALAQR.[T], ,2, 220915_2ulAMPPNP4.raw,1409275, 
[R].EGLTTQEGEdR.[I], D10(GEE85),2, 220915_2ulAMPPNP4.raw,31177.53906, GEE
[R].EGLTTQEGEDRIQIFGPNK.[L], ,3, 220915_2ulAMPPNP4.raw,450308.7188, 
[R].EGLTTQEGEDRIQIFGPNKLEEK.[K], ,4, 220915_2ulAMPPNP4.raw,674574.625, 
[R].ELSEIAEQAK.[R], ,2, 220915_2ulAMPPNP4.raw,662147, 
[R].ELSEIAEQAKR.[R], ,2, 220915_2ulAMPPNP4.raw,148357.2813, 
[R].ELSEIAEQAKR.[R], ,3, 220915_2ulAMPPNP4.raw,175573.625, 
[R].EVHFLPFNPVDK.[R], ,2, 220915_2ulAMPPNP4.raw,96011.8125, 
[R].EVHFLPFNPVDK.[R], ,3, 220915_2ulAMPPNP4.raw,648904.5, 
[R].EVHFLPFNPVDKR.[T], ,3, 220915_2ulAMPPNP4.raw,1902521.125, 
[R].EVHFLPFNPVDKR.[T], ,4, 220915_2ulAMPPNP4.raw,632320.0625, 
[R].IQIFGPNKLEEK.[K], ,3, 220915_2ulAMPPNP4.raw,1142699, 
[R].KHIVGMTGDGVNDAPALKK.[A], ,4, 220915_2ulAMPPNP4.raw,60325.58984, 
[R].LGMGTNmYPSSALLGTHK.[D], M7(Oxidation),3, 220915_2ulAMPPNP4.raw,63001.91797, 
[R].LLEGDPLKVDQSALTGESLPVTK.[H], ,2, 220915_2ulAMPPNP4.raw,132769.4531, 
[R].LLEGDPLKVDQSALTGESLPVTK.[H], ,3, 220915_2ulAMPPNP4.raw,3424532, 
[R].LLEGDPLKVDQSALTGESLPVTK.[H], ,3, 220915_2ulAMPPNP4.raw,76653.23438, 
[R].MTAIEEMAGMDVLcSDKTGTLTLNK.[L], C14(Carboxymethyl),3, 220915_2ulAMPPNP4.raw,170450.5469, 
[R].RALNLGVNVK.[M], ,2, 220915_2ulAMPPNP4.raw,267200.9063, 
[R].TALTYIDGSGNWHR.[V], ,2, 220915_2ulAMPPNP4.raw,462848.4688, 
[R].TALTYIDGSGNWHR.[V], ,3, 220915_2ulAMPPNP4.raw,1371494.125, 
[R].TALTYIDGSGNWHR.[V], ,3, 220915_2ulAMPPNP4.raw,43498.59375, 
[R].VENQDAIDAAMVGMLADPK.[E], ,2, 220915_2ulAMPPNP4.raw,467149.6563, 
[R].VENQDAIDAAMVGmLADPK.[E], M14(Oxidation),2, 220915_2ulAMPPNP4.raw,27356.03516, 
[R].VENQDAIDAAMVGmLADPK.[E], M14(Oxidation),2, 220915_2ulAMPPNP4.raw,46216.29297, 
[R].VENQDAIDAAMVGmLADPK.[E], M14(Oxidation),2, 220915_2ulAMPPNP4.raw,47466.57813, 
[R].VKPSPTPDSWK.[L], ,3, 220915_2ulAMPPNP4.raw,210712.75, 
[K].AAHLVDSTNQVGHFQK.[V], ,2, 220915_2ulAMPPNP5.raw,108951.3125, 
[K].AAHLVDSTNQVGHFQK.[V], ,3, 220915_2ulAMPPNP5.raw,836330.8125, 
[K].AAHLVDSTNQVGHFQK.[V], ,4, 220915_2ulAMPPNP5.raw,927269.875, 
[K].ADGFAGVFPEHK.[Y], ,2, 220915_2ulAMPPNP5.raw,684187.75, 
[K].ADGFAGVFPEHK.[Y], ,3, 220915_2ulAMPPNP5.raw,1473736.125, 
[K].ADIGIAVADATDAAR.[G], ,2, 220915_2ulAMPPNP5.raw,2290903.25, 
[K].ADIGIAVAdATDAAR.[G], D9(GEE85),2, 220915_2ulAMPPNP5.raw,57682, GEE
[K].AWLNLFENK.[T], ,2, 220915_2ulAMPPNP5.raw,885286, 
[K].DANLASIPVEELIEK.[A], ,2, 220915_2ulAMPPNP5.raw,1490434.25, 
[K].DANLASIPVEELIEKADGFAGVFPEHK.[Y], ,4, 220915_2ulAMPPNP5.raw,31466.70703, 
[K].DQVLLFAAMASR.[V], ,2, 220915_2ulAMPPNP5.raw,100032.8359, 
[K].EAVNIFPEK.[G], ,2, 220915_2ulAMPPNP5.raw,1082575.875, 
[K].GAPEQILELAK.[A], ,2, 220915_2ulAMPPNP5.raw,2445736, 
[K].GAPEQILELAK.[A], ,2, 220915_2ulAMPPNP5.raw,54613.29297, 
[K].GHVESVVK.[L], ,2, 220915_2ulAMPPNP5.raw,213509.5313, 
[K].GLDIETPSHYTV.[-], ,2, 220915_2ulAMPPNP5.raw,686638.0625, 
[K].GVEKDQVLLFAAMASR.[V], ,3, 220915_2ulAMPPNP5.raw,271740.8125, 
[K].HPGQEVFSGSTcK.[Q], C12(Carboxymethyl),2, 220915_2ulAMPPNP5.raw,260470.1719, 
[K].HPGQEVFSGSTcK.[Q], C12(Carboxymethyl),3, 220915_2ulAMPPNP5.raw,159240.5781, 
[K].IPIEEVFQQLK.[C], ,2, 220915_2ulAMPPNP5.raw,301935.6563, 
[K].KADIGIAVADATDAAR.[G], ,2, 220915_2ulAMPPNP5.raw,292165.0938, 
[K].KADIGIAVADATDAAR.[G], ,3, 220915_2ulAMPPNP5.raw,1174569, 
[K].KVLSIIDK.[Y], ,2, 220915_2ulAMPPNP5.raw,270087.0313, 
[K].KVLSIIDKYAER.[G], ,3, 220915_2ulAMPPNP5.raw,171939.6094, 
[K].LGDIIPADAR.[L], ,2, 220915_2ulAMPPNP5.raw,2080453.25, 
[K].LSVDKNLVEVFcK.[G], C12(Carboxymethyl),3, 220915_2ulAMPPNP5.raw,529103.3125, 
[K].mITGDQLAIGK.[E], M1(Oxidation),2, 220915_2ulAMPPNP5.raw,189727.2969, 
[K].NLVEVFcK.[G], C7(Carboxymethyl),2, 220915_2ulAMPPNP5.raw,598730.25, 
[K].QGEIEAVVIATGVHTFFGK.[A], ,2, 220915_2ulAMPPNP5.raw,24707.44531, 
[K].QGEIEAVVIATGVHTFFGK.[A], ,3, 220915_2ulAMPPNP5.raw,273143.5313, 
[K].QGEIeAVVIATGVHTFFGK.[A], E5(GEE85),3, 220915_2ulAMPPNP5.raw,19356.65234, GEE
[K].RTALTYIDGSGNWHR.[V], ,3, 220915_2ulAMPPNP5.raw,283284.3438, 
[K].SYPYDVPDYASLEDIK.[N], ,2, 220915_2ulAMPPNP5.raw,51214.3125, 
[K].TDFFSDTFGVR.[S], ,2, 220915_2ulAMPPNP5.raw,379815.9375, 
[K].VDQSALTGESLPVTK.[H], ,2, 220915_2ulAMPPNP5.raw,854348.25, 
[K].VLSIIDKYAER.[G], ,3, 220915_2ulAMPPNP5.raw,287604.4375, 
[K].WSEQEAAILVPGDIVSIK.[L], ,2, 220915_2ulAMPPNP5.raw,1280639.75, 
[K].WSEQEAAILVPGDIVSIK.[L], ,2, 220915_2ulAMPPNP5.raw,24073.19531, 
[R].ALNLGVNVK.[M], ,2, 220915_2ulAMPPNP5.raw,1784285.5, 
[R].DGKWSEQEAAILVPGDIVSIK.[L], ,3, 220915_2ulAMPPNP5.raw,63777.86328, 
[R].EAQWALAQR.[T], ,2, 220915_2ulAMPPNP5.raw,1348876.375, 
[R].EGLTTQEGEDRIQIFGPNK.[L], ,3, 220915_2ulAMPPNP5.raw,413068.8125, 
[R].EGLTTQEGEDRIQIFGPNKLEEK.[K], ,3, 220915_2ulAMPPNP5.raw,432737.8438, 
[R].EGLTTQEGEDRIQIFGPNKLEEK.[K], ,4, 220915_2ulAMPPNP5.raw,693986.4375, 
[R].ELSEIAEQAK.[R], ,2, 220915_2ulAMPPNP5.raw,716092.375, 
[R].EVHFLPFNPVDK.[R], ,3, 220915_2ulAMPPNP5.raw,648748.75, 
[R].EVHFLPFNPVDKR.[T], ,3, 220915_2ulAMPPNP5.raw,1440753.875, 
[R].EVHFLPFNPVDKR.[T], ,4, 220915_2ulAMPPNP5.raw,472118.8125, 
[R].LGMGTNMYPSSALLGTHK.[D], ,3, 220915_2ulAMPPNP5.raw,81326.88281, 
[R].LGmGTNMYPSSALLGTHK.[D], M3(Oxidation),3, 220915_2ulAMPPNP5.raw,50514.10547, 
[R].LLEGDPLKVDQSALTGESLPVTK.[H], ,3, 220915_2ulAMPPNP5.raw,115153.9219, 
[R].LLEGDPLKVDQSALTGESLPVTK.[H], ,3, 220915_2ulAMPPNP5.raw,3037530.75, 
[R].MTAIEEMAGMDVLcSDKTGTLTLNK.[L], C14(Carboxymethyl),3, 220915_2ulAMPPNP5.raw,108068.7813, 
[R].RALNLGVNVK.[M], ,2, 220915_2ulAMPPNP5.raw,243559.125, 
[R].TALTYIDGSGNWHR.[V], ,2, 220915_2ulAMPPNP5.raw,407130.8438, 
[R].TALTYIDGSGNWHR.[V], ,3, 220915_2ulAMPPNP5.raw,1362456.5, 
[R].TALTYIDGSGNWHR.[V], ,3, 220915_2ulAMPPNP5.raw,47087.79297, 
[R].VENQDAIDAAMVGMLADPK.[E], ,2, 220915_2ulAMPPNP5.raw,316565.5, 
[R].VENQDAIDAAmVGMLADPK.[E], M11(Oxidation),2, 220915_2ulAMPPNP5.raw,24239.58984, 
[R].VENQDAIDAAmVGMLADPK.[E], M11(Oxidation),2, 220915_2ulAMPPNP5.raw,49496.9375, 
[K].AAHLVDSTNQVGHFQK.[V], ,2, 220915_2ulAMPPNP6.raw,220129.1406, 
[K].AAHLVDSTNQVGHFQK.[V], ,3, 220915_2ulAMPPNP6.raw,1542488.25, 
[K].AAHLVDSTNQVGHFQK.[V], ,4, 220915_2ulAMPPNP6.raw,1726078.625, 
[K].ADGFAGVFPEHK.[Y], ,2, 220915_2ulAMPPNP6.raw,1006242.875, 
[K].ADGFAGVFPEHK.[Y], ,3, 220915_2ulAMPPNP6.raw,1987675.375, 
[K].ADGFAGVFPEHKYEIVK.[K], ,3, 220915_2ulAMPPNP6.raw,118233.6875, 
[K].ADIGIAVADATDAAR.[G], ,2, 220915_2ulAMPPNP6.raw,2870897.75, 
[K].ADIGIAVAdATDAAR.[G], D9(GEE85),2, 220915_2ulAMPPNP6.raw,65563.76563, GEE
[K].ADIGIAVAdATDAAR.[G], D9(GEE85),2, 220915_2ulAMPPNP6.raw,90841.53906, GEE
[K].AWLNLFENK.[T], ,2, 220915_2ulAMPPNP6.raw,1495724.875, 
[K].DANLASIPVEELIEK.[A], ,2, 220915_2ulAMPPNP6.raw,1650941.375, 
[K].DANLASIPVEELIEKADGFAGVFPEHK.[Y], ,3, 220915_2ulAMPPNP6.raw,184937.5938, 
[K].DANLASIPVEELIEKADGFAGVFPEHK.[Y], ,4, 220915_2ulAMPPNP6.raw,105324.8203, 
[K].DQVLLFAAMASR.[V], ,2, 220915_2ulAMPPNP6.raw,173715.875, 
[K].EAVNIFPEK.[G], ,2, 220915_2ulAMPPNP6.raw,1817594.5, 
[K].EAVNIFPEKGSYR.[E], ,3, 220915_2ulAMPPNP6.raw, , 
[K].GAPEQILELAK.[A], ,2, 220915_2ulAMPPNP6.raw,4102542.75, 
[K].GHVESVVK.[L], ,2, 220915_2ulAMPPNP6.raw,271164.2188, 
[K].GLDIETPSHYTV.[-], ,2, 220915_2ulAMPPNP6.raw,879021.375, 
[K].GVEKDQVLLFAAMASR.[V], ,3, 220915_2ulAMPPNP6.raw,536001.25, 
[K].HIVGMTGDGVNDAPALKK.[A], ,3, 220915_2ulAMPPNP6.raw,143739.2031, 
[K].HIVGmTGDGVNDAPALKK.[A], M5(Oxidation),3, 220915_2ulAMPPNP6.raw,23840.33203, 
[K].HIVGmTGDGVNDAPALKK.[A], M5(Oxidation),3, 220915_2ulAMPPNP6.raw,42752.41406, 
[K].HPGQEVFSGSTcK.[Q], C12(Carboxymethyl),2, 220915_2ulAMPPNP6.raw,773099.625, 
[K].IPIEEVFQQLK.[C], ,2, 220915_2ulAMPPNP6.raw,453362.4688, 
[K].KADIGIAVADATDAAR.[G], ,2, 220915_2ulAMPPNP6.raw,526691.875, 
[K].KADIGIAVADATDAAR.[G], ,3, 220915_2ulAMPPNP6.raw,1614988.125, 
[K].KADIGIAVAdATDAAR.[G], D10(GEE85),3, 220915_2ulAMPPNP6.raw,41858.09766, GEE
[K].KVLSIIDK.[Y], ,2, 220915_2ulAMPPNP6.raw,429306.1875, 
[K].KVLSIIDKYAER.[G], ,3, 220915_2ulAMPPNP6.raw,297950.2813, 
[K].LGDIIPADAR.[L], ,2, 220915_2ulAMPPNP6.raw,3809949, 
[K].LSVDKNLVEVFcK.[G], C12(Carboxymethyl),3, 220915_2ulAMPPNP6.raw,783250.4375, 
[K].mITGDQLAIGK.[E], M1(Oxidation),2, 220915_2ulAMPPNP6.raw,301839.8125, 
[K].NETVDLEKIPIEEVFQQLK.[C], ,3, 220915_2ulAMPPNP6.raw,57692.35547, 
[K].QGEIEAVVIATGVHTFFGK.[A], ,2, 220915_2ulAMPPNP6.raw,58693.6875, 
[K].QGEIEAVVIATGVHTFFGK.[A], ,3, 220915_2ulAMPPNP6.raw,683110.4375, 
[K].RTALTYIDGSGNWHR.[V], ,3, 220915_2ulAMPPNP6.raw,617181.4375, 
[K].SYPYDVPDYASLEDIKNETVDLEK.[I], ,3, 220915_2ulAMPPNP6.raw,241854.5938, 
[K].TDFFSDTFGVR.[S], ,2, 220915_2ulAMPPNP6.raw,521753.8438, 
[K].TKESPGAPWEFVGLLPLFDPPR.[H], ,3, 220915_2ulAMPPNP6.raw,60995.83203, 
[K].VDQSALTGESLPVTK.[H], ,2, 220915_2ulAMPPNP6.raw,1317945.125, 
[K].VLSIIDKYAER.[G], ,3, 220915_2ulAMPPNP6.raw,473280.4063, 
[K].WSEQEAAILVPGDIVSIK.[L], ,2, 220915_2ulAMPPNP6.raw,1684530.5, 
[K].WSEQEAAILVPGDIVSIK.[L], ,2, 220915_2ulAMPPNP6.raw,51752.75391, 
[R].DGKWSEQEAAILVPGDIVSIK.[L], ,3, 220915_2ulAMPPNP6.raw,171440.25, 
[R].EAQWALAQR.[T], ,2, 220915_2ulAMPPNP6.raw,2821923.25, 
[R].eGLTTQEGEDR.[I], E1(GEE85),2, 220915_2ulAMPPNP6.raw,39699.37109, GEE
[R].EGLTTQEGeDR.[I], E9(GEE85),2, 220915_2ulAMPPNP6.raw,105267.0625, GEE
[R].EGLTTQEGEDRIQIFGPNK.[L], ,3, 220915_2ulAMPPNP6.raw,632338.375, 
[R].EGLTTQEGEDRIQIFGPNKLEEK.[K], ,3, 220915_2ulAMPPNP6.raw,617849.9375, 
[R].EGLTTQEGEDRIQIFGPNKLEEK.[K], ,4, 220915_2ulAMPPNP6.raw,1235530.625, 
[R].ELSEIAEQAK.[R], ,2, 220915_2ulAMPPNP6.raw,105801.8047, 
[R].ELSEIAEQAK.[R], ,2, 220915_2ulAMPPNP6.raw,1141542.375, 
[R].ELSEIAEQAK.[R], ,2, 220915_2ulAMPPNP6.raw,91284.33594, 
[R].ELSEIAEQAKR.[R], ,3, 220915_2ulAMPPNP6.raw,357209.25, 
[R].EVHFLPFNPVDK.[R], ,2, 220915_2ulAMPPNP6.raw,167001.5, 
[R].EVHFLPFNPVDK.[R], ,3, 220915_2ulAMPPNP6.raw,1100933.125, 
[R].EVHFLPFNPVDKR.[T], ,3, 220915_2ulAMPPNP6.raw,111691.3125, 
[R].EVHFLPFNPVDKR.[T], ,3, 220915_2ulAMPPNP6.raw,2748682.75, 
[R].EVHFLPFNPVDKR.[T], ,4, 220915_2ulAMPPNP6.raw,975586.625, 
[R].IQIFGPNKLEEK.[K], ,3, 220915_2ulAMPPNP6.raw,1343208.875, 
[R].KHIVGMTGDGVNDAPALKK.[A], ,4, 220915_2ulAMPPNP6.raw,107737.8281, 
[R].LGMGTNMYPSSALLGTHK.[D], ,3, 220915_2ulAMPPNP6.raw,347122.8438, 
[R].LGmGTNMYPSSALLGTHK.[D], M3(Oxidation),3, 220915_2ulAMPPNP6.raw,128238.6719, 
[R].LGMGTNmYPSSALLGTHK.[D], M7(Oxidation),3, 220915_2ulAMPPNP6.raw,170433.5, 
[R].LLEGDPLKVDQSALTGESLPVTK.[H], ,2, 220915_2ulAMPPNP6.raw,347282.5, 
[R].LLEGDPLKVDQSALTGESLPVTK.[H], ,3, 220915_2ulAMPPNP6.raw,4483371.5, 
[R].LLEGDPLKVDQSALTGeSLPVTK.[H], E17(GEE85),3, 220915_2ulAMPPNP6.raw,65158.12109, GEE
[R].LLEGDPLKVDQSALTGESLPVTKHPGQEVFSGSTcK.[Q], C35(Carboxymethyl),4, 220915_2ulAMPPNP6.raw,131375.9844, 
[R].MTAIEEMAGMDVLcSDKTGTLTLNK.[L], C14(Carboxymethyl),3, 220915_2ulAMPPNP6.raw,306066.0313, 
[R].RALNLGVNVK.[M], ,2, 220915_2ulAMPPNP6.raw,400628.5625, 
[R].TALTYIDGSGNWHR.[V], ,2, 220915_2ulAMPPNP6.raw,690115.125, 
[R].TALTYIDGSGNWHR.[V], ,3, 220915_2ulAMPPNP6.raw,1570879.875, 
[R].TALTYIDGSGNWHR.[V], ,3, 220915_2ulAMPPNP6.raw,266141.625, 
[R].VENQDAIDAAMVGMLADPK.[E], ,2, 220915_2ulAMPPNP6.raw,967065.4375, 
[R].VENQDAIDAAmVGMLADPK.[E], M11(Oxidation),2, 220915_2ulAMPPNP6.raw, , 
[R].VENQDAIDAAmVGMLADPK.[E], M11(Oxidation),2, 220915_2ulAMPPNP6.raw,129121.5469, 
[R].VENQDAIDAAMVGmLADPK.[E], M14(Oxidation),2, 220915_2ulAMPPNP6.raw, , 
[R].VENQDAIDAAMVGmLADPK.[E], M14(Oxidation),2, 220915_2ulAMPPNP6.raw,129121.5469, 
[R].VENQDAIDAAMVGmLADPK.[E], M14(Oxidation),2, 220915_2ulAMPPNP6.raw,65651.70313, 
[K].AAHLVDSTNQVGHFQK.[V], ,2, 220915_2ulmock1.raw,110218.875, 
[K].AAHLVDSTNQVGHFQK.[V], ,3, 220915_2ulmock1.raw,662811.6875, 
[K].AAHLVDSTNQVGHFQK.[V], ,4, 220915_2ulmock1.raw,600546.375, 
[K].ADGFAGVFPEHK.[Y], ,2, 220915_2ulmock1.raw,640049.375, 
[K].ADGFAGVFPEHK.[Y], ,3, 220915_2ulmock1.raw,1004563, 
[K].ADGFAGVFPEHKYEIVK.[K], ,3, 220915_2ulmock1.raw,345930.8125, 
[K].ADGFAGVFPEHKYEIVK.[K], ,4, 220915_2ulmock1.raw,94026.42969, 
[K].ADIGIAVADATDAAR.[G], ,2, 220915_2ulmock1.raw,1846580, 
[K].ADIGIAVAdATDAAR.[G], D9(GEE85),2, 220915_2ulmock1.raw,69867.79688, GEE
[K].AWLNLFENK.[T], ,2, 220915_2ulmock1.raw,757821.4375, 
[K].DANLASIPVEELIEK.[A], ,2, 220915_2ulmock1.raw,1588816.75, 
[K].DANLASIPVEELIEKADGFAGVFPEHK.[Y], ,3, 220915_2ulmock1.raw,83122.28906, 
[K].EAVNIFPEK.[G], ,2, 220915_2ulmock1.raw,1044083.938, 
[K].EAVNIFPEKGSYR.[E], ,3, 220915_2ulmock1.raw,228275.8438, 
[K].ESPGAPWEFVGLLPLFDPPRHDSAETIR.[R], ,4, 220915_2ulmock1.raw,105013.1328, 
[K].GAPEQILELAK.[A], ,2, 220915_2ulmock1.raw,2398873, 
[K].GHVESVVK.[L], ,2, 220915_2ulmock1.raw,163940.2344, 
[K].GLDIETPSHYTV.[-], ,2, 220915_2ulmock1.raw,416842.8125, 
[K].GVEKDQVLLFAAMASR.[V], ,3, 220915_2ulmock1.raw,326297.4063, 
[K].HPGQEVFSGSTcK.[Q], C12(Carboxymethyl),2, 220915_2ulmock1.raw,199729.6563, 
[K].HPGQEVFSGSTcK.[Q], C12(Carboxymethyl),3, 220915_2ulmock1.raw,124975.5859, 
[K].IPIEEVFQQLK.[C], ,2, 220915_2ulmock1.raw,295352.8125, 
[K].KADIGIAVADATDAAR.[G], ,2, 220915_2ulmock1.raw,398539.4375, 
[K].KADIGIAVADATDAAR.[G], ,3, 220915_2ulmock1.raw,1021944.25, 
[K].KVLSIIDK.[Y], ,2, 220915_2ulmock1.raw,202342.5781, 
[K].KVLSIIDKYAER.[G], ,3, 220915_2ulmock1.raw,81406.92969, 
[K].LGDIIPADAR.[L], ,2, 220915_2ulmock1.raw,2727052.25, 
[K].LSVDKNLVEVFcK.[G], C12(Carboxymethyl),3, 220915_2ulmock1.raw,528741.3125, 
[K].MITGDQLAIGK.[E], ,2, 220915_2ulmock1.raw, , 
[K].mITGDQLAIGK.[E], M1(Oxidation),2, 220915_2ulmock1.raw,228271.125, 
[K].NLVEVFcK.[G], C7(Carboxymethyl),2, 220915_2ulmock1.raw,757922.5, 
[K].QGEIEAVVIATGVHTFFGK.[A], ,2, 220915_2ulmock1.raw,42705.25391, 
[K].QGEIEAVVIATGVHTFFGK.[A], ,3, 220915_2ulmock1.raw,528195.25, 
[K].RTALTYIDGSGNWHR.[V], ,3, 220915_2ulmock1.raw,246287.2969, 
[K].SYPYDVPDYASLEDIKNETVDLEK.[I], ,3, 220915_2ulmock1.raw,132178.1875, 
[K].TDFFSDTFGVR.[S], ,2, 220915_2ulmock1.raw,298174.4063, 
[K].VDQSALTGESLPVTK.[H], ,2, 220915_2ulmock1.raw,777324.9375, 
[K].VLSIIDKYAER.[G], ,3, 220915_2ulmock1.raw,242518.5, 
[K].WSEQEAAILVPGDIVSIK.[L], ,2, 220915_2ulmock1.raw,1224802.5, 
[K].WSEQEAAILVPGDIVSIK.[L], ,2, 220915_2ulmock1.raw,72553.82813, 
[K].WSEQEAAILVPGDIVSIK.[L], ,3, 220915_2ulmock1.raw,270253.0625, 
[R].DGKWSEQEAAILVPGDIVSIK.[L], ,3, 220915_2ulmock1.raw,179616.7656, 
[R].EAQWALAQR.[T], ,2, 220915_2ulmock1.raw,1100389.125, 
[R].EGLTTQEGeDR.[I], E9(GEE85),2, 220915_2ulmock1.raw,36645.14844, GEE
[R].EGLTTQEGEDRIQIFGPNK.[L], ,3, 220915_2ulmock1.raw,319369.6875, 
[R].EGLTTQEGEDRIQIFGPNKLEEK.[K], ,4, 220915_2ulmock1.raw,563151.0625, 
[R].ELSEIAEQAK.[R], ,2, 220915_2ulmock1.raw,420198.8125, 
[R].ELSEIAEQAKR.[R], ,3, 220915_2ulmock1.raw,123930.8828, 
[R].EVHFLPFNPVDK.[R], ,3, 220915_2ulmock1.raw,527575.6875, 
[R].EVHFLPFNPVDKR.[T], ,3, 220915_2ulmock1.raw,1243282.5, 
[R].IQIFGPNKLEEK.[K], ,3, 220915_2ulmock1.raw,617311.5625, 
[R].LGMGTNMYPSSALLGTHK.[D], ,3, 220915_2ulmock1.raw,130148.125, 
[R].LGmGTNMYPSSALLGTHK.[D], M3(Oxidation),3, 220915_2ulmock1.raw,84473.8125, 
[R].LGMGTNmYPSSALLGTHK.[D], M7(Oxidation),3, 220915_2ulmock1.raw,18612.39258, 
[R].LLEGDPLKVDQSALTGESLPVTK.[H], ,3, 220915_2ulmock1.raw,2102216, 
[R].MTAIEEMAGMDVLcSDKTGTLTLNK.[L], C14(Carboxymethyl),3, 220915_2ulmock1.raw,114064.5938, 
[R].TALTYIDGSGNWHR.[V], ,2, 220915_2ulmock1.raw,403572.5, 
[R].TALTYIDGSGNWHR.[V], ,3, 220915_2ulmock1.raw,939576.75, 
[R].TALTYIDGSGNWHR.[V], ,3, 220915_2ulmock1.raw,98407.38281, 
[R].VENQDAIDAAMVGMLADPK.[E], ,2, 220915_2ulmock1.raw,485291.625, 
[R].VENQDAIDAAMVGmLADPK.[E], M14(Oxidation),2, 220915_2ulmock1.raw,59525.82031, 
[K].AAHLVDSTNQVGHFQK.[V], ,2, 220915_2ulmock2.raw,146706.1719, 
[K].AAHLVDSTNQVGHFQK.[V], ,3, 220915_2ulmock2.raw,756433.6875, 
[K].AAHLVDSTNQVGHFQK.[V], ,4, 220915_2ulmock2.raw,599946.8125, 
[K].ADGFAGVFPEHK.[Y], ,2, 220915_2ulmock2.raw,718350.75, 
[K].ADGFAGVFPEHK.[Y], ,3, 220915_2ulmock2.raw,1254623.125, 
[K].ADIGIAVADATDAAR.[G], ,2, 220915_2ulmock2.raw,1878127.25, 
[K].ADIGIAVAdATDAAR.[G], D9(GEE85),2, 220915_2ulmock2.raw,64827.05078, GEE
[K].AWLNLFENK.[T], ,2, 220915_2ulmock2.raw,891066.3125, 
[K].DANLASIPVEELIEK.[A], ,2, 220915_2ulmock2.raw,1396224.125, 
[K].DANLASIPVEELIEKADGFAGVFPEHK.[Y], ,3, 220915_2ulmock2.raw,182747.7813, 
[K].DANLASIPVEELIEKADGFAGVFPEHK.[Y], ,4, 220915_2ulmock2.raw,73035.52344, 
[K].DQVLLFAAMASR.[V], ,2, 220915_2ulmock2.raw,108542.8281, 
[K].EAVNIFPEK.[G], ,2, 220915_2ulmock2.raw,993843.9375, 
[K].EAVNIFPEKGSYR.[E], ,2, 220915_2ulmock2.raw,35058.69922, 
[K].EAVNIFPEKGSYR.[E], ,3, 220915_2ulmock2.raw,250819.75, 
[K].ESPGAPWEFVGLLPLFDPPRHDSAETIR.[R], ,4, 220915_2ulmock2.raw,162344.9219, 
[K].GAPEQILELAK.[A], ,2, 220915_2ulmock2.raw,2579393.25, 
[K].GHVESVVK.[L], ,2, 220915_2ulmock2.raw,139479.6094, 
[K].GLDIETPSHYTV.[-], ,2, 220915_2ulmock2.raw,471054.2813, 
[K].GVEKDQVLLFAAMASR.[V], ,3, 220915_2ulmock2.raw,318584.3438, 
[K].HIVGmTGDGVNDAPALKK.[A], M5(Oxidation),3, 220915_2ulmock2.raw,28521.94727, 
[K].HPGQEVFSGSTcK.[Q], C12(Carboxymethyl),2, 220915_2ulmock2.raw,208279.7344, 
[K].HPGQEVFSGSTcK.[Q], C12(Carboxymethyl),3, 220915_2ulmock2.raw,145375.0781, 
[K].IPIEEVFQQLK.[C], ,2, 220915_2ulmock2.raw,286590.4688, 
[K].KADIGIAVADATDAAR.[G], ,2, 220915_2ulmock2.raw,378682.1875, 
[K].KADIGIAVADATDAAR.[G], ,3, 220915_2ulmock2.raw,1399220.875, 
[K].KADIGIAVADATdAAR.[G], D13(GEE85),3, 220915_2ulmock2.raw,40843.34766, GEE
[K].KVLSIIDK.[Y], ,2, 220915_2ulmock2.raw,449556.8438, 
[K].KVLSIIDKYAER.[G], ,3, 220915_2ulmock2.raw,150019.5, 
[K].LGDIIPADAR.[L], ,2, 220915_2ulmock2.raw,2649513.25, 
[K].LSVDKNLVEVFcK.[G], C12(Carboxymethyl),3, 220915_2ulmock2.raw,556806.875, 
[K].MITGDQLAIGK.[E], ,2, 220915_2ulmock2.raw, , 
[K].mITGDQLAIGK.[E], M1(Oxidation),2, 220915_2ulmock2.raw,248197.6563, 
[K].NLVEVFcK.[G], C7(Carboxymethyl),2, 220915_2ulmock2.raw,815119.125, 
[K].QGEIEAVVIATGVHTFFGK.[A], ,2, 220915_2ulmock2.raw,68991.17188, 
[K].QGEIEAVVIATGVHTFFGK.[A], ,3, 220915_2ulmock2.raw,736478.625, 
[K].QGEIeAVVIATGVHTFFGK.[A], E5(GEE85),3, 220915_2ulmock2.raw,53956.48438, GEE
[K].RTALTYIDGSGNWHR.[V], ,3, 220915_2ulmock2.raw,331061.75, 
[K].SYPYDVPDYASLEDIKNETVDLEK.[I], ,3, 220915_2ulmock2.raw,156072.3594, 
[K].TDFFSDTFGVR.[S], ,2, 220915_2ulmock2.raw,380983.125, 
[K].TKESPGAPWEFVGLLPLFDPPR.[H], ,3, 220915_2ulmock2.raw,72581.76563, 
[K].VDQSALTGESLPVTK.[H], ,2, 220915_2ulmock2.raw,1003899.313, 
[K].VLSIIDKYAER.[G], ,3, 220915_2ulmock2.raw,301316.8125, 
[K].WSEQEAAILVPGDIVSIK.[L], ,2, 220915_2ulmock2.raw,1448009, 
[K].WSEQEAAILVPGDIVSIK.[L], ,2, 220915_2ulmock2.raw,48492.94531, 
[K].WSEQEAAILVPGDIVSIK.[L], ,2, 220915_2ulmock2.raw,92389.82813, 
[K].WSEQEAAILVPGDIVSIK.[L], ,3, 220915_2ulmock2.raw,294280.0625, 
[R].DGKWSEQEAAILVPGDIVSIK.[L], ,3, 220915_2ulmock2.raw,143030.9063, 
[R].EAQWALAQR.[T], ,2, 220915_2ulmock2.raw,1314785.25, 
[R].eGLTTQEGEDR.[I], E1(GEE85),2, 220915_2ulmock2.raw,29843.4375, GEE
[R].EGLTTQEGeDR.[I], E9(GEE85),2, 220915_2ulmock2.raw,49677.51172, GEE
[R].EGLTTQEGEDRIQIFGPNK.[L], ,3, 220915_2ulmock2.raw,395904.1563, 
[R].EGLTTQEGEDRIQIFGPNKLEEK.[K], ,3, 220915_2ulmock2.raw,341073.125, 
[R].EGLTTQEGEDRIQIFGPNKLEEK.[K], ,4, 220915_2ulmock2.raw,681380.375, 
[R].ELSEIAEQAK.[R], ,2, 220915_2ulmock2.raw,510073.4375, 
[R].EVHFLPFNPVDK.[R], ,3, 220915_2ulmock2.raw,611069.0625, 
[R].EVHFLPFNPVDKR.[T], ,3, 220915_2ulmock2.raw,1737351, 
[R].EVHFLPFNPVDKR.[T], ,3, 220915_2ulmock2.raw,97571.35938, 
[R].EVHFLPFNPVDKR.[T], ,4, 220915_2ulmock2.raw,490846.5313, 
[R].GASDIVLTEPGLSVIISAVLTSR.[A], ,3, 220915_2ulmock2.raw, , 
[R].IQIFGPNKLEEK.[K], ,3, 220915_2ulmock2.raw,642896.5, 
[R].KHIVGmTGDGVNDAPALK.[K], M6(Oxidation),3, 220915_2ulmock2.raw,28521.94727, 
[R].LGMGTNMYPSSALLGTHK.[D], ,3, 220915_2ulmock2.raw,85150.77344, 
[R].LLEGDPLKVDQSALTGESLPVTK.[H], ,3, 220915_2ulmock2.raw,2292639.5, 
[R].LLEGDPLKVDQSALTGeSLPVTK.[H], E17(GEE85),3, 220915_2ulmock2.raw,52752.32031, GEE
[R].MTAIEEMAGMDVLcSDKTGTLTLNK.[L], C14(Carboxymethyl),3, 220915_2ulmock2.raw,84735.49219, 
[R].TALTYIDGSGNWHR.[V], ,2, 220915_2ulmock2.raw,557850.4375, 
[R].TALTYIDGSGNWHR.[V], ,3, 220915_2ulmock2.raw,1268423.125, 
[R].TALTYIDGSGNWHR.[V], ,3, 220915_2ulmock2.raw,342852.2188, 
[R].VENQDAIDAAMVGMLADPK.[E], ,2, 220915_2ulmock2.raw,430223.5313, 
[R].VENQDAIDAAMVGmLADPK.[E], M14(Oxidation),2, 220915_2ulmock2.raw,54960.71875, 
[K].AAHLVDSTNQVGHFQK.[V], ,2, 220915_2ulmock3.raw,180661.0625, 
[K].AAHLVDSTNQVGHFQK.[V], ,3, 220915_2ulmock3.raw,907279, 
[K].AAHLVDSTNQVGHFQK.[V], ,4, 220915_2ulmock3.raw,721871.5, 
[K].ADGFAGVFPEHK.[Y], ,3, 220915_2ulmock3.raw,1160117.25, 
[K].ADIGIAVADATDAAR.[G], ,2, 220915_2ulmock3.raw,2166644.5, 
[K].ADIGIAVAdATDAAR.[G], D9(GEE85),2, 220915_2ulmock3.raw,74339.38281, GEE
[K].AWLNLFENK.[T], ,2, 220915_2ulmock3.raw,844152.125, 
[K].DANLASIPVEELIEK.[A], ,2, 220915_2ulmock3.raw,1977763.375, 
[K].DANLASIPVEELIeK.[A], E14(GEE85),2, 220915_2ulmock3.raw,85756.73438, GEE
[K].DANLASIPVEELIEKADGFAGVFPEHK.[Y], ,3, 220915_2ulmock3.raw,168512.8594, 
[K].DANLASIPVEELIEKADGFAGVFPEHK.[Y], ,4, 220915_2ulmock3.raw,105611.0469, 
[K].DQVLLFAAMASR.[V], ,2, 220915_2ulmock3.raw,101305.7188, 
[K].EAVNIFPEK.[G], ,2, 220915_2ulmock3.raw,1480018.5, 
[K].EAVNIFPEKGSYR.[E], ,3, 220915_2ulmock3.raw,254797.7969, 
[K].ESPGAPWEFVGLLPLFDPPRHDSAETIR.[R], ,4, 220915_2ulmock3.raw,134451.1719, 
[K].GAPEQILELAK.[A], ,2, 220915_2ulmock3.raw,3195514.25, 
[K].GHVESVVK.[L], ,2, 220915_2ulmock3.raw,193929.5, 
[K].GVEKDQVLLFAAMASR.[V], ,2, 220915_2ulmock3.raw,62810.28125, 
[K].GVEKDQVLLFAAMASR.[V], ,3, 220915_2ulmock3.raw,368415.4375, 
[K].HIVGMTGDGVNDAPALKK.[A], ,3, 220915_2ulmock3.raw,65121.60547, 
[K].HPGQEVFSGSTcK.[Q], C12(Carboxymethyl),2, 220915_2ulmock3.raw,270216.5, 
[K].HPGQEVFSGSTcK.[Q], C12(Carboxymethyl),3, 220915_2ulmock3.raw,166560.75, 
[K].IPIEEVFQQLK.[C], ,2, 220915_2ulmock3.raw,381600.625, 
[K].KADIGIAVADATDAAR.[G], ,2, 220915_2ulmock3.raw,423682.8438, 
[K].KADIGIAVADATDAAR.[G], ,3, 220915_2ulmock3.raw,978262.4375, 
[K].KVLSIIDK.[Y], ,2, 220915_2ulmock3.raw,252949.3281, 
[K].KVLSIIDKYAER.[G], ,2, 220915_2ulmock3.raw,95993.19531, 
[K].KVLSIIDKYAER.[G], ,3, 220915_2ulmock3.raw,137083.6094, 
[K].LGDIIPADAR.[L], ,2, 220915_2ulmock3.raw,3909421, 
[K].LKGLDIETPSHYTV.[-], ,3, 220915_2ulmock3.raw,414246.9688, 
[K].LSVDKNLVEVFcK.[G], C12(Carboxymethyl),3, 220915_2ulmock3.raw,697795.5625, 
[K].mITGDQLAIGK.[E], M1(Oxidation),2, 220915_2ulmock3.raw,165927.6094, 
[K].mITGDQLAIGK.[E], M1(Oxidation),2, 220915_2ulmock3.raw,283526.6563, 
[K].NLVEVFcK.[G], C7(Carboxymethyl),2, 220915_2ulmock3.raw,872966.875, 
[K].QGEIEAVVIATGVHTFFGK.[A], ,2, 220915_2ulmock3.raw,71013.88281, 
[K].QGEIEAVVIATGVHTFFGK.[A], ,3, 220915_2ulmock3.raw,704428.6875, 
[K].RTALTYIDGSGNWHR.[V], ,3, 220915_2ulmock3.raw,405284.9375, 
[K].SYPYDVPDYASLEDIK.[N], ,2, 220915_2ulmock3.raw,48245.53906, 
[K].SYPYDVPDYASLEDIKNETVDLEK.[I], ,3, 220915_2ulmock3.raw,160712, 
[K].TDFFSDTFGVR.[S], ,2, 220915_2ulmock3.raw,416221.9063, 
[K].VDQSALTGESLPVTK.[H], ,2, 220915_2ulmock3.raw,854579.5625, 
[K].VLSIIDKYAER.[G], ,2, 220915_2ulmock3.raw,118108.625, 
[K].VLSIIDKYAER.[G], ,3, 220915_2ulmock3.raw,254177.5469, 
[K].WSEQEAAILVPGDIVSIK.[L], ,2, 220915_2ulmock3.raw,1429270.125, 
[K].WSEQEAAILVPGDIVSIK.[L], ,3, 220915_2ulmock3.raw,255104.5781, 
[K].WSEqEAAILVPGDIVSIK.[L], Q4(Deamidated),2, 220915_2ulmock3.raw, , 
[R].ALNLGVNVK.[M], ,2, 220915_2ulmock3.raw,2290312.25, 
[R].DGKWSEQEAAILVPGDIVSIK.[L], ,3, 220915_2ulmock3.raw,167858.4375, 
[R].EAQWALAQR.[T], ,2, 220915_2ulmock3.raw,1685645.625, 
[R].EGLTTQEGEdR.[I], D10(GEE85),2, 220915_2ulmock3.raw,34213.82813, GEE
[R].EGLTTQEGeDR.[I], E9(GEE85),2, 220915_2ulmock3.raw,56935.36719, GEE
[R].EGLTTQEGEDRIQIFGPNKLEEK.[K], ,3, 220915_2ulmock3.raw,442701.6563, 
[R].EGLTTQEGEDRIQIFGPNKLEEK.[K], ,4, 220915_2ulmock3.raw,890195.625, 
[R].ELSEIAEQAK.[R], ,2, 220915_2ulmock3.raw,668134.625, 
[R].ELSEIAEQAKR.[R], ,3, 220915_2ulmock3.raw,154017.5625, 
[R].EVHFLPFNPVDK.[R], ,2, 220915_2ulmock3.raw,102541.7422, 
[R].EVHFLPFNPVDK.[R], ,3, 220915_2ulmock3.raw,720514.25, 
[R].EVHFLPFNPVDKR.[T], ,3, 220915_2ulmock3.raw,1919282.625, 
[R].EVHFLPFNPVDKR.[T], ,4, 220915_2ulmock3.raw,613775.6875, 
[R].IQIFGPNKLEEK.[K], ,3, 220915_2ulmock3.raw,715415.875, 
[R].KHIVGMTGDGVNDAPALKK.[A], ,4, 220915_2ulmock3.raw,47951.52734, 
[R].KHIVGMTGDGVNDAPALKK.[A], ,4, 220915_2ulmock3.raw,49835.35156, 
[R].KHIVGmTGDGVNDAPALKK.[A], M6(Oxidation),4, 220915_2ulmock3.raw,22173.41797, 
[R].LGMGTNMYPSSALLGTHK.[D], ,3, 220915_2ulmock3.raw,228805.4219, 
[R].LGmGTNMYPSSALLGTHK.[D], M3(Oxidation),3, 220915_2ulmock3.raw,132185.6094, 
[R].LLEGDPLKVDQSALTGESLPVTK.[H], ,2, 220915_2ulmock3.raw,121991.1094, 
[R].LLEGDPLKVDQSALTGESLPVTK.[H], ,3, 220915_2ulmock3.raw,196811.7656, 
[R].LLEGDPLKVDQSALTGESLPVTK.[H], ,3, 220915_2ulmock3.raw,2358536, 
[R].LLEGDPLKVDQSALTGeSLPVTK.[H], E17(GEE85),3, 220915_2ulmock3.raw,47812.13281, GEE
[R].LLEGDPLKVDqSALTGESLPVTK.[H], Q11(Deamidated),3, 220915_2ulmock3.raw, , 
[R].MTAIEEMAGMDVLcSDKTGTLTLNK.[L], C14(Carboxymethyl),3, 220915_2ulmock3.raw,161005.5781, 
[R].TALTYIDGSGNWHR.[V], ,2, 220915_2ulmock3.raw,410853.875, 
[R].TALTYIDGSGNWHR.[V], ,3, 220915_2ulmock3.raw,1675158.625, 
[R].VENQDAIDAAMVGMLADPK.[E], ,2, 220915_2ulmock3.raw,663334.6875, 
[R].VENQDAIDAAmVGMLADPK.[E], M11(Oxidation),2, 220915_2ulmock3.raw,80595.92969, 
[R].VENQDAIDAAMVGmLADPK.[E], M14(Oxidation),2, 220915_2ulmock3.raw,64530.67188, 
[R].VENQDAIDAAMVGmLADPK.[E], M14(Oxidation),2, 220915_2ulmock3.raw,80595.92969, 
[-].MWSHPQFEK.[S], ,3, 220915_2ulmock4.raw,137881.8281, 
[K].AAHLVDSTNQVGHFQK.[V], ,2, 220915_2ulmock4.raw,116451.2031, 
[K].AAHLVDSTNQVGHFQK.[V], ,3, 220915_2ulmock4.raw,924040.25, 
[K].AAHLVDSTNQVGHFQK.[V], ,4, 220915_2ulmock4.raw,965745.5625, 
[K].ADGFAGVFPEHK.[Y], ,2, 220915_2ulmock4.raw,718073, 
[K].ADGFAGVFPEHK.[Y], ,3, 220915_2ulmock4.raw,1404034.5, 
[K].ADGFAGVFPEHKYEIVK.[K], ,3, 220915_2ulmock4.raw,335780.375, 
[K].ADIGIAVADATdAAR.[G], D12(GEE85),2, 220915_2ulmock4.raw,49556.82813, GEE
[K].ADIGIAVAdATDAAR.[G], D9(GEE85),2, 220915_2ulmock4.raw,76302.34375, GEE
[K].AWLNLFENK.[T], ,2, 220915_2ulmock4.raw,1002501.688, 
[K].DANLASIPVEELIEK.[A], ,2, 220915_2ulmock4.raw,1442474.125, 
[K].DANLASIPVEELIEKADGFAGVFPEHK.[Y], ,3, 220915_2ulmock4.raw,165393.375, 
[K].DQVLLFAAMASR.[V], ,2, 220915_2ulmock4.raw,124707.4219, 
[K].EAVNIFPEK.[G], ,2, 220915_2ulmock4.raw,1114986.875, 
[K].EAVNIFPEKGSYR.[E], ,3, 220915_2ulmock4.raw, , 
[K].ESPGAPWEFVGLLPLFDPPRHDSAETIR.[R], ,4, 220915_2ulmock4.raw,197990.9219, 
[K].GAPEQILELAK.[A], ,2, 220915_2ulmock4.raw,2985854.75, 
[K].GAPEQILeLAK.[A], E8(GEE85),2, 220915_2ulmock4.raw,100139.0078, GEE
[K].GHVESVVK.[L], ,2, 220915_2ulmock4.raw,152932.9688, 
[K].GLDIETPSHYTV.[-], ,2, 220915_2ulmock4.raw,684775.875, 
[K].GVEKDQVLLFAAMASR.[V], ,3, 220915_2ulmock4.raw,378059.1875, 
[K].HIVGMTGDGVNDAPALKK.[A], ,3, 220915_2ulmock4.raw,57055.46094, 
[K].HPGQEVFSGSTcK.[Q], C12(Carboxymethyl),2, 220915_2ulmock4.raw,246879.2656, 
[K].HPGQEVFSGSTcK.[Q], C12(Carboxymethyl),3, 220915_2ulmock4.raw,150977.2344, 
[K].IPIEEVFQQLK.[C], ,2, 220915_2ulmock4.raw,396986.9688, 
[K].KADIGIAVADATDAAR.[G], ,2, 220915_2ulmock4.raw,380015.4375, 
[K].KADIGIAVADATDAAR.[G], ,3, 220915_2ulmock4.raw,1263050.375, 
[K].KVLSIIDK.[Y], ,2, 220915_2ulmock4.raw,269939, 
[K].KVLSIIDKYAER.[G], ,3, 220915_2ulmock4.raw,244563.25, 
[K].LGDIIPADAR.[L], ,2, 220915_2ulmock4.raw,2434432.75, 
[K].LKGLDIETPSHYTV.[-], ,2, 220915_2ulmock4.raw,79386.77344, 
[K].LKGLDIETPSHYTV.[-], ,3, 220915_2ulmock4.raw,288135.1563, 
[K].LSVDKNLVEVFcK.[G], C12(Carboxymethyl),3, 220915_2ulmock4.raw,567614.9375, 
[K].MITGDQLAIGK.[E], ,2, 220915_2ulmock4.raw, , 
[K].mITGDQLAIGK.[E], M1(Oxidation),2, 220915_2ulmock4.raw,215876.5781, 
[K].QGEIEAVVIATGVHTFFGK.[A], ,2, 220915_2ulmock4.raw,60677.24609, 
[K].QGEIEAVVIATGVHTFFGK.[A], ,3, 220915_2ulmock4.raw,627126.25, 
[K].RTALTYIDGSGNWHR.[V], ,3, 220915_2ulmock4.raw,375472.6875, 
[K].SYPYDVPDYASLEDIK.[N], ,2, 220915_2ulmock4.raw,53091.46484, 
[K].SYPYDVPDYASLEDIKNETVDLEK.[I], ,3, 220915_2ulmock4.raw,193866.125, 
[K].SYPYDVPDYASLEDIKNETVDLEKIPIEEVFQQLK.[C], ,4, 220915_2ulmock4.raw,233545.6875, 
[K].TDFFSDTFGVR.[S], ,2, 220915_2ulmock4.raw,403862.8438, 
[K].TKESPGAPWEFVGLLPLFDPPR.[H], ,3, 220915_2ulmock4.raw,69864.09375, 
[K].VDQSALTGESLPVTK.[H], ,2, 220915_2ulmock4.raw,814849.3125, 
[K].VLSIIDKYAER.[G], ,3, 220915_2ulmock4.raw,341370.7188, 
[K].WSEQEAAILVPGDIVSIK.[L], ,2, 220915_2ulmock4.raw,1440072.375, 
[K].WSEQEAAILVPGDIVSIK.[L], ,3, 220915_2ulmock4.raw,268029.1563, 
[R].DGKWSEQEAAILVPGDIVSIK.[L], ,3, 220915_2ulmock4.raw,201778.0469, 
[R].EAQWALAQR.[T], ,2, 220915_2ulmock4.raw,1197157.375, 
[R].eGLTTQEGEDR.[I], E1(GEE85),2, 220915_2ulmock4.raw,32762.61328, GEE
[R].EGLTTQEGEDRIQIFGPNK.[L], ,3, 220915_2ulmock4.raw,434646.5313, 
[R].EGLTTQEGEDRIQIFGPNKLEEK.[K], ,3, 220915_2ulmock4.raw,362247.6875, 
[R].ELSEIAEQAK.[R], ,2, 220915_2ulmock4.raw,47088.48828, 
[R].ELSEIAEQAK.[R], ,2, 220915_2ulmock4.raw,648291.3125, 
[R].ELSEIAEQAKR.[R], ,2, 220915_2ulmock4.raw,130488.0078, 
[R].ELSEIAEQAKR.[R], ,3, 220915_2ulmock4.raw,175149.5938, 
[R].EVHFLPFNPVDK.[R], ,2, 220915_2ulmock4.raw,119942.3438, 
[R].EVHFLPFNPVDK.[R], ,3, 220915_2ulmock4.raw,771670.1875, 
[R].EVHFLPFNPVDKR.[T], ,3, 220915_2ulmock4.raw,2247551, 
[R].EVHFLPFNPVDKR.[T], ,4, 220915_2ulmock4.raw,660818.8125, 
[R].IQIFGPNKLEEK.[K], ,3, 220915_2ulmock4.raw,1081393, 
[R].KHIVGMTGDGVNDAPALKK.[A], ,4, 220915_2ulmock4.raw,59488.05078, 
[R].LGMGTNMYPSSALLGTHK.[D], ,3, 220915_2ulmock4.raw,319903.9688, 
[R].LGmGTNMYPSSALLGTHK.[D], M3(Oxidation),3, 220915_2ulmock4.raw,100223.9297, 
[R].LLEGDPLKVDQSALTGESLPVTK.[H], ,3, 220915_2ulmock4.raw,3921813.25, 
[R].LLEGDPLKVDQSALTGESLPVTK.[H], ,3, 220915_2ulmock4.raw,44321.65625, 
[R].LLEGDPLKVDQSALTGESLPVTKHPGQEVFSGSTcK.[Q], C35(Carboxymethyl),4, 220915_2ulmock4.raw,68187.07813, 
[R].MTAIEEMAGMDVLcSDKTGTLTLNK.[L], C14(Carboxymethyl),3, 220915_2ulmock4.raw,248679.1406, 
[R].TALTYIDGSGNWHR.[V], ,2, 220915_2ulmock4.raw,529890.75, 
[R].TALTYIDGSGNWHR.[V], ,3, 220915_2ulmock4.raw,1283192.5, 
[R].TALTYIDGSGNWHR.[V], ,3, 220915_2ulmock4.raw,219283.9688, 
[R].VENQDAIDAAMVGMLADPK.[E], ,2, 220915_2ulmock4.raw,756058.9375, 
[R].VENQDAIDAAMVGmLADPK.[E], M14(Oxidation),2, 220915_2ulmock4.raw,100859.7109, 
[K].VDQSALTGESLPVTKHPGqEVFSGSTcK.[Q], Q19(Deamidated); C27(Carboxymethyl),3, 220915_2ulmock5.raw,18143.02148, 
[K].AAHLVDSTNQVGHFQK.[V], ,2, 220915_2ulmock5.raw,149327, 
[K].AAHLVDSTNQVGHFQK.[V], ,3, 220915_2ulmock5.raw,1162926.625, 
[K].AAHLVDSTNQVGHFQK.[V], ,4, 220915_2ulmock5.raw,1214559.375, 
[K].ADGFAGVFPEHK.[Y], ,3, 220915_2ulmock5.raw,1737391.5, 
[K].ADGFAGVFPEHKYEIVK.[K], ,3, 220915_2ulmock5.raw,255523.3906, 
[K].ADIGIAVADATDAAR.[G], ,2, 220915_2ulmock5.raw,2363662.5, 
[K].ADIGIAVADATdAAR.[G], D12(GEE85),2, 220915_2ulmock5.raw,66885.9375, GEE
[K].ADIGIAVAdATDAAR.[G], D9(GEE85),2, 220915_2ulmock5.raw,112257.0156, GEE
[K].AWLNLFENK.[T], ,2, 220915_2ulmock5.raw,966388.0625, 
[K].DANLASIPVEELIEK.[A], ,2, 220915_2ulmock5.raw,1499499.625, 
[K].DANLASIPVEELIEKADGFAGVFPEHK.[Y], ,3, 220915_2ulmock5.raw,244223.25, 
[K].DANLASIPVEELIEKADGFAGVFPEHK.[Y], ,4, 220915_2ulmock5.raw,153068.4219, 
[K].DQVLLFAAMASR.[V], ,2, 220915_2ulmock5.raw,181336.3125, 
[K].EAVNIFPEK.[G], ,2, 220915_2ulmock5.raw,1441983.75, 
[K].EAVNIFPEKGSYR.[E], ,3, 220915_2ulmock5.raw,296198.4375, 
[K].ESPGAPWEFVGLLPLFDPPRHDSAETIR.[R], ,4, 220915_2ulmock5.raw,184015.9063, 
[K].GAPEQILELAK.[A], ,2, 220915_2ulmock5.raw,3217556.5, 
[K].GHVESVVK.[L], ,2, 220915_2ulmock5.raw,130660.2344, 
[K].GLDIETPSHYTV.[-], ,2, 220915_2ulmock5.raw,853730.8125, 
[K].GVEKDQVLLFAAMASR.[V], ,2, 220915_2ulmock5.raw,58314.42578, 
[K].GVEKDQVLLFAAMASR.[V], ,3, 220915_2ulmock5.raw,515786.25, 
[K].HIVGMTGDGVNDAPALKK.[A], ,3, 220915_2ulmock5.raw,66152, 
[K].HIVGmTGDGVNDAPALKK.[A], M5(Oxidation),3, 220915_2ulmock5.raw,40435.71094, 
[K].HIVGmTGDGVNDAPALKK.[A], M5(Oxidation),3, 220915_2ulmock5.raw,45764.6875, 
[K].HPGQEVFSGSTcK.[Q], C12(Carboxymethyl),2, 220915_2ulmock5.raw,278030.9063, 
[K].HPGQEVFSGSTcK.[Q], C12(Carboxymethyl),3, 220915_2ulmock5.raw,177386.6406, 
[K].IPIEEVFQQLK.[C], ,2, 220915_2ulmock5.raw,358164.1875, 
[K].KADIGIAVADATDAAR.[G], ,2, 220915_2ulmock5.raw,580712.4375, 
[K].KADIGIAVADATDAAR.[G], ,3, 220915_2ulmock5.raw,1890856.5, 
[K].KVLSIIDK.[Y], ,2, 220915_2ulmock5.raw,319491.6875, 
[K].KVLSIIDKYAER.[G], ,3, 220915_2ulmock5.raw,264314.7813, 
[K].LGDIIPADAR.[L], ,2, 220915_2ulmock5.raw,3749130.25, 
[K].LSVDKNLVEVFcK.[G], C12(Carboxymethyl),3, 220915_2ulmock5.raw,741305.625, 
[K].MITGDQLAIGK.[E], ,2, 220915_2ulmock5.raw,317293.1563, 
[K].mITGDQLAIGK.[E], M1(Oxidation),2, 220915_2ulmock5.raw,145770.125, 
[K].mITGDQLAIGK.[E], M1(Oxidation),2, 220915_2ulmock5.raw,267063.9375, 
[K].QGEIEAVVIATGVHTFFGK.[A], ,2, 220915_2ulmock5.raw,52752.17188, 
[K].QGEIEAVVIATGVHTFFGK.[A], ,3, 220915_2ulmock5.raw,794448.3125, 
[K].RTALTYIDGSGNWHR.[V], ,3, 220915_2ulmock5.raw,437009.5625, 
[K].SYPYDVPDYASLEDIK.[N], ,2, 220915_2ulmock5.raw,63957.71094, 
[K].SYPYDVPDYASLEDIKNETVDLEKIPIEEVFQQLK.[C], ,4, 220915_2ulmock5.raw,417561.125, 
[K].TDFFSDTFGVR.[S], ,2, 220915_2ulmock5.raw,481854.9063, 
[K].TKESPGAPWEFVGLLPLFDPPR.[H], ,3, 220915_2ulmock5.raw,70544.10156, 
[K].VDQSALTGESLPVTK.[H], ,2, 220915_2ulmock5.raw,1015959.75, 
[K].VLSIIDKYAER.[G], ,3, 220915_2ulmock5.raw,453147.4688, 
[K].WSEQEAAILVPGDIVSIK.[L], ,2, 220915_2ulmock5.raw,1563903.75, 
[K].WSEQEAAILVPGDIVSIK.[L], ,2, 220915_2ulmock5.raw,47386.35156, 
[R].ALNLGVNVK.[M], ,2, 220915_2ulmock5.raw,2358371.75, 
[R].DGKWSEQEAAILVPGDIVSIK.[L], ,3, 220915_2ulmock5.raw,212432.8281, 
[R].EAQWALAQR.[T], ,2, 220915_2ulmock5.raw,1604186.5, 
[R].EGLTTQEGEDRIQIFGPNK.[L], ,3, 220915_2ulmock5.raw,591080.125, 
[R].EGLTTQEGEDRIQIFGPNKLEEK.[K], ,3, 220915_2ulmock5.raw,542101, 
[R].EGLTTQEGEDRIQIFGPNKLEEK.[K], ,4, 220915_2ulmock5.raw,985492.5, 
[R].ELSEIAEQAK.[R], ,2, 220915_2ulmock5.raw,61459.23047, 
[R].ELSEIAEQAK.[R], ,2, 220915_2ulmock5.raw,729619.75, 
[R].ELSEIAEQAKR.[R], ,3, 220915_2ulmock5.raw,243926.4063, 
[R].EVHFLPFNPVDK.[R], ,2, 220915_2ulmock5.raw,108702.6641, 
[R].EVHFLPFNPVDK.[R], ,3, 220915_2ulmock5.raw,709888.125, 
[R].EVHFLPFnPVDK.[R], N8(Deamidated),3, 220915_2ulmock5.raw,91262.4375, 
[R].EVHFLPFNPVDKR.[T], ,3, 220915_2ulmock5.raw,144098.7344, 
[R].EVHFLPFNPVDKR.[T], ,3, 220915_2ulmock5.raw,2753448.25, 
[R].EVHFLPFNPVDKR.[T], ,4, 220915_2ulmock5.raw,881099.625, 
[R].IQIFGPNKLEEK.[K], ,3, 220915_2ulmock5.raw,1327106.875, 
[R].KHIVGMTGDGVNDAPALK.[K], ,3, 220915_2ulmock5.raw,64738.80078, 
[R].KHIVGmTGDGVNDAPALK.[K], M6(Oxidation),3, 220915_2ulmock5.raw,42489.46484, 
[R].KHIVGmTGDGVNDAPALK.[K], M6(Oxidation),3, 220915_2ulmock5.raw,45764.6875, 
[R].KHIVGMTGDGVNDAPALKK.[A], ,4, 220915_2ulmock5.raw,64305.53516, 
[R].LGMGTNMYPSSALLGTHK.[D], ,3, 220915_2ulmock5.raw,224161.4531, 
[R].LGMGTNmYPSSALLGTHK.[D], M7(Oxidation),3, 220915_2ulmock5.raw,124928.6328, 
[R].LLEGDPLKVDQSALTGESLPVTK.[H], ,2, 220915_2ulmock5.raw,290557.3438, 
[R].LLEGDPLKVDQSALTGESLPVTK.[H], ,3, 220915_2ulmock5.raw,3983366.5, 
[R].LLEGDPLKVDQSALTGeSLPVTK.[H], E17(GEE85),3, 220915_2ulmock5.raw,72393.95313, GEE
[R].LSQQGAITK.[R], ,2, 220915_2ulmock5.raw,138736.9219, 
[R].MTAIEEMAGMDVLcSDKTGTLTLNK.[L], C14(Carboxymethyl),3, 220915_2ulmock5.raw,218057.8594, 
[R].RALNLGVNVK.[M], ,2, 220915_2ulmock5.raw,303922.5625, 
[R].TALTYIDGSGNWHR.[V], ,2, 220915_2ulmock5.raw,726331, 
[R].TALTYIDGSGNWHR.[V], ,3, 220915_2ulmock5.raw,1829338.25, 
[R].TALTYIDGSGNWHR.[V], ,3, 220915_2ulmock5.raw,309358.5625, 
[R].TALTYIDGSGNWHR.[V], ,3, 220915_2ulmock5.raw,44320.29297, 
[R].VENQDAIDAAMVGMLADPK.[E], ,2, 220915_2ulmock5.raw,720527.1875, 
[R].VENQDAIDAAMVGmLADPK.[E], M14(Oxidation),2, 220915_2ulmock5.raw,47851.74219, 
[R].VENQDAIDAAMVGmLADPK.[E], M14(Oxidation),2, 220915_2ulmock5.raw,81658.55469, 
[R].VENQDAIDAAMVGmLADPK.[E], M14(Oxidation),2, 220915_2ulmock5.raw,82376.91406, 
[-].MWSHPQFEK.[S], ,3, 220915_2ulmock6.raw,107124.4609, 
[K].AAHLVDSTNQVGHFQK.[V], ,2, 220915_2ulmock6.raw,114109.6094, 
[K].AAHLVDSTNQVGHFQK.[V], ,3, 220915_2ulmock6.raw,893023.75, 
[K].AAHLVDSTNQVGHFQK.[V], ,4, 220915_2ulmock6.raw,929733.125, 
[K].ADGFAGVFPEHK.[Y], ,3, 220915_2ulmock6.raw,1817848.875, 
[K].AdGFAGVFPEHK.[Y], D2(GEE85),3, 220915_2ulmock6.raw,40156.85156, GEE
[K].ADGFAGVFPEHKYEIVK.[K], ,3, 220915_2ulmock6.raw,96427.26563, 
[K].ADIGIAVADATDAAR.[G], ,2, 220915_2ulmock6.raw,2673198, 
[K].ADIGIAVAdATDAAR.[G], D9(GEE85),2, 220915_2ulmock6.raw,77942.9375, GEE
[K].AWLNLFENK.[T], ,2, 220915_2ulmock6.raw,966920.375, 
[K].DANLASIPVEELIEK.[A], ,2, 220915_2ulmock6.raw,1377150.75, 
[K].DANLASIPVEELIEKADGFAGVFPEHK.[Y], ,3, 220915_2ulmock6.raw,232967.2656, 
[K].DQVLLFAAMASR.[V], ,2, 220915_2ulmock6.raw,167388.875, 
[K].EAVNIFPEK.[G], ,2, 220915_2ulmock6.raw,1190525.875, 
[K].EAVNIFPEKGSYR.[E], ,3, 220915_2ulmock6.raw,285907.5938, 
[K].ESPGAPWEFVGLLPLFDPPRHDSAETIR.[R], ,4, 220915_2ulmock6.raw,162191.2188, 
[K].GAPEQILELAK.[A], ,2, 220915_2ulmock6.raw,3185060.5, 
[K].GHVESVVK.[L], ,2, 220915_2ulmock6.raw,255284.6719, 
[K].GLDIETPSHYTV.[-], ,2, 220915_2ulmock6.raw,785076.1875, 
[K].GVEKDQVLLFAAMASR.[V], ,3, 220915_2ulmock6.raw,342662.1875, 
[K].HIVGMTGDGVNDAPALKK.[A], ,3, 220915_2ulmock6.raw,59372.22266, 
[K].HPGQEVFSGSTcK.[Q], C12(Carboxymethyl),2, 220915_2ulmock6.raw,269178.5625, 
[K].HPGQEVFSGSTcK.[Q], C12(Carboxymethyl),3, 220915_2ulmock6.raw,166392.7969, 
[K].IPIEEVFQQLK.[C], ,2, 220915_2ulmock6.raw,354646.5, 
[K].KADIGIAVADATDAAR.[G], ,2, 220915_2ulmock6.raw,351304, 
[K].KADIGIAVADATDAAR.[G], ,3, 220915_2ulmock6.raw,1344485.5, 
[K].KVLSIIDK.[Y], ,2, 220915_2ulmock6.raw,268684.3438, 
[K].KVLSIIDKYAER.[G], ,3, 220915_2ulmock6.raw,170741.3594, 
[K].LGDIIPADAR.[L], ,2, 220915_2ulmock6.raw,3525490.25, 
[K].LSVDKNLVEVFcK.[G], C12(Carboxymethyl),3, 220915_2ulmock6.raw,645599.625, 
[K].MITGDQLAIGK.[E], ,2, 220915_2ulmock6.raw, , 
[K].mITGDQLAIGK.[E], M1(Oxidation),2, 220915_2ulmock6.raw,248898.75, 
[K].NLVEVFcK.[G], C7(Carboxymethyl),2, 220915_2ulmock6.raw,680813.9375, 
[K].QGEIEAVVIATGVHTFFGK.[A], ,2, 220915_2ulmock6.raw,50504.50781, 
[K].QGEIEAVVIATGVHTFFGK.[A], ,3, 220915_2ulmock6.raw,639489.75, 
[K].RTALTYIDGSGNWHR.[V], ,3, 220915_2ulmock6.raw,272585.8438, 
[K].SYPYDVPDYASLEDIKNETVDLEK.[I], ,3, 220915_2ulmock6.raw,174372.6875, 
[K].TDFFSDTFGVR.[S], ,2, 220915_2ulmock6.raw,476969.0938, 
[K].VDQSALTGESLPVTK.[H], ,2, 220915_2ulmock6.raw,895411.0625, 
[K].VLSIIDKYAER.[G], ,3, 220915_2ulmock6.raw,340392.2188, 
[K].WSEQEAAILVPGDIVSIK.[L], ,2, 220915_2ulmock6.raw,1437675.25, 
[K].WSEQEAAILVPGDIVSIK.[L], ,3, 220915_2ulmock6.raw,268940.4688, 
[R].ALNLGVNVK.[M], ,2, 220915_2ulmock6.raw,1924795.125, 
[R].DGKWSEQEAAILVPGDIVSIK.[L], ,3, 220915_2ulmock6.raw,133779.1094, 
[R].EAQWALAQR.[T], ,2, 220915_2ulmock6.raw,1902414.625, 
[R].EGLTTQEGEdR.[I], D10(GEE85),2, 220915_2ulmock6.raw,39865.39063, GEE
[R].EGLTTQEGEDRIQIFGPNK.[L], ,3, 220915_2ulmock6.raw,362635.2813, 
[R].EGLTTQEGEDRIQIFGPNKLEEK.[K], ,3, 220915_2ulmock6.raw,370845.5625, 
[R].EGLTTQEGEDRIQIFGPNKLEEK.[K], ,4, 220915_2ulmock6.raw,833388.625, 
[R].ELSEIAEQAK.[R], ,2, 220915_2ulmock6.raw,696636.125, 
[R].ELSEIAEQAKR.[R], ,2, 220915_2ulmock6.raw,152742.8125, 
[R].ELSEIAEQAKR.[R], ,3, 220915_2ulmock6.raw,167118.0781, 
[R].EVHFLPFNPVDK.[R], ,2, 220915_2ulmock6.raw,115940.7109, 
[R].EVHFLPFNPVDK.[R], ,3, 220915_2ulmock6.raw,699242, 
[R].EVHFLPFNPVDKR.[T], ,3, 220915_2ulmock6.raw,1689520.375, 
[R].EVHFLPFNPVDKR.[T], ,4, 220915_2ulmock6.raw,495479.8125, 
[R].IQIFGPNKLEEK.[K], ,3, 220915_2ulmock6.raw,1212250.125, 
[R].KHIVGMTGDGVNDAPALK.[K], ,3, 220915_2ulmock6.raw,49308.46484, 
[R].KHIVGmTGDGVNDAPALK.[K], M6(Oxidation),3, 220915_2ulmock6.raw,30248.70508, 
[R].KHIVGMTGDGVNDAPALKK.[A], ,4, 220915_2ulmock6.raw,51739.5, 
[R].KHIVGmTGDGVNDAPALKK.[A], M6(Oxidation),4, 220915_2ulmock6.raw,14158.47754, 
[R].LGMGTNMYPSSALLGTHK.[D], ,3, 220915_2ulmock6.raw,190297.7656, 
[R].LGmGTNMYPSSALLGTHK.[D], M3(Oxidation),3, 220915_2ulmock6.raw,89590.57813, 
[R].LGMGTNmYPSSALLGTHK.[D], M7(Oxidation),3, 220915_2ulmock6.raw,106562.3984, 
[R].LLEGDPLKVDQSALTGESLPVTK.[H], ,2, 220915_2ulmock6.raw,169998.2969, 
[R].LLEGDPLKVDQSALTGESLPVTK.[H], ,3, 220915_2ulmock6.raw,3245095.75, 
[R].LLEGDPLKVDQSALTGeSLPVTK.[H], E17(GEE85),3, 220915_2ulmock6.raw,69374, GEE
[R].LLeGDPLKVDQSALTGESLPVTK.[H], E3(GEE85),3, 220915_2ulmock6.raw,43041.39844, GEE
[R].MTAIEEMAGMDVLcSDKTGTLTLNK.[L], C14(Carboxymethyl),3, 220915_2ulmock6.raw,261471.1875, 
[R].RALNLGVNVK.[M], ,2, 220915_2ulmock6.raw,253522.7031, 
[R].TALTYIDGSGNWHR.[V], ,2, 220915_2ulmock6.raw,579569.625, 
[R].TALTYIDGSGNWHR.[V], ,3, 220915_2ulmock6.raw,1365480.375, 
[R].TALTYIDGSGNWHR.[V], ,3, 220915_2ulmock6.raw,224814.3281, 
[R].TALTYIDGSGNWHR.[V], ,3, 220915_2ulmock6.raw,31611.05078, 
[R].VENQDAIDAAMVGMLADPK.[E], ,2, 220915_2ulmock6.raw,693400.6875, 
[R].VENQDAIDAAmVGMLADPK.[E], M11(Oxidation),2, 220915_2ulmock6.raw,50973.58984, 
[R].VENQDAIDAAMVGmLADPK.[E], M14(Oxidation),2, 220915_2ulmock6.raw,81860.71094, 
[R].VKPSPTPDSWK.[L], ,3, 220915_2ulmock6.raw,190952.6406, 
