Replicate Filename,Position in Master Protein,Master Peptide Sequence,Labeled,Unlabeled,% labeled
MB10,1-9,MWSHPQFEK,,6.79712e+06,0
MB10,10-44,SYPYDVPDYASLEDIKNETVDLEKIPIEEVFQQLK,,,0
MB10,34-44,IPIEEVFQQLK,,3.59417e+06,0
MB10,48-58,EGLTTQEGEDR,4.42215e+06,,100
MB10,48-70,EGLTTQEGEDRIQIFGPNKLEEK,,1.5713e+06,0
MB10,59-70,IQIFGPNKLEEK,,,0
MB10,59-71,IQIFGPNKLEEKK,,,0
MB10,151-174,VLRDGKWSEQEAAILVPGDIVSIK,,4.03872e+06,0
MB10,154-174,DGKWSEQEAAILVPGDIVSIK,4.27566e+06,,100
MB10,157-174,WSEQEAAILVPGDIVSIK,,,0
MB10,175-184,LGDIIPADAR,65042562,298504270,17.8911
MB10,185-207,LLEGDPLKVDQSALTGESLPVTK,5.12115e+06,1.2476e+07,29.1022
MB10,185-220,LLEGDPLKVDQSALTGESLPVTKHPGQEVFSGSTCK,,,0
MB10,193-207,VDQSALTGESLPVTK,560566,,100
MB10,208-220,HPGQEVFSGSTCK,,552150,0
MB10,208-239,HPGQEVFSGSTCKQGEIEAVVIATGVHTFFGK,,1.41886e+06,0
MB10,221-239,QGEIEAVVIATGVHTFFGK,6.51264e+06,50303459,11.4627
MB10,240-255,AAHLVDSTNQVGHFQK,,,0
MB10,356-368,LSVDKNLVEVFCK,2.29938e+07,6.65577e+06,77.5519
MB10,361-368,NLVEVFCK,,,0
MB10,369-384,GVEKDQVLLFAAMASR,,9.45921e+06,0
MB10,385-403,VENQDAIDAAMVGMLADPK,,,0
MB10,407-423,AGIREVHFLPFNPVDKR,,2.00381e+07,0
MB10,411-423,EVHFLPFNPVDKR,1.12969e+07,8.83301e+07,11.3392
MB10,424-437,TALTYIDGSGNWHR,4.06167e+08,9.80262e+07,80.5578
MB10,438-451,VSKGAPEQILELAK,,,0
MB10,441-451,GAPEQILELAK,4.36182e+07,108388687,28.6949
MB10,459-466,KVLSIIDK,,,0
MB10,459-470,KVLSIIDKYAER,3.90899e+06,1.25279e+07,23.7818
MB10,460-470,VLSIIDKYAER,2.25123e+07,59590236,27.4197
MB10,517-525,ALNLGVNVK,,,0
MB10,526-536,MITGDQLAIGK,3.01544e+07,4.73528e+07,38.9053
MB10,526-540,MITGDQLAIGKETGR,,2.71258e+06,0
MB10,542-559,LGMGTNMYPSSALLGTHK,,,0
MB10,560-574,DANLASIPVEELIEK,,,0
MB10,560-586,DANLASIPVEELIEKADGFAGVFPEHK,,4.08854e+06,0
MB10,575-586,ADGFAGVFPEHK,,3.34265e+06,0
MB10,575-591,ADGFAGVFPEHKYEIVK,,1.71812e+07,0
MB10,575-592,ADGFAGVFPEHKYEIVKK,,,0
MB10,597-614,KHIVGMTGDGVNDAPALK,,5.73997e+06,0
MB10,597-615,KHIVGMTGDGVNDAPALKK,,,0
MB10,598-614,HIVGMTGDGVNDAPALK,,1.74946e+06,0
MB10,615-630,KADIGIAVADATDAAR,3.19296e+07,7.52111e+07,29.8016
MB10,616-630,ADIGIAVADATDAAR,9.80179e+06,9.89556e+06,49.762
MB10,631-653,GASDIVLTEPGLSVIISAVLTSR,1.24095e+07,1.06411e+07,53.8359
MB10,751-761,TDFFSDTFGVR,,,0
MB10,866-874,AWLNLFENK,,,0
MB10,882-897,DYGKEEREAQWALAQR,,,0
MB10,889-897,EAQWALAQR,1.31463e+07,70142067,15.7841
MB10,906-914,EAVNIFPEK,8.40637e+06,53376685,13.6063
MB10,906-918,EAVNIFPEKGSYR,4.30058e+06,2.88224e+07,12.9837
MB10,915-928,GSYRELSEIAEQAK,,3.79866e+06,0
MB10,915-929,GSYRELSEIAEQAKR,,,0
MB10,919-928,ELSEIAEQAK,9.87674e+06,2.11484e+07,31.8346
MB10,919-929,ELSEIAEQAKR,,2.16888e+07,0
MB10,944-951,GHVESVVK,,,0
MB10,952-965,LKGLDIETPSHYTV,,,0
MB10,954-965,GLDIETPSHYTV,,,0

Replicate Filename,Position in Master Protein,Master Peptide Sequence,Labeled,Unlabeled,% labeled
MB11,1-9,MWSHPQFEK,,4.43174e+06,0
MB11,10-44,SYPYDVPDYASLEDIKNETVDLEKIPIEEVFQQLK,,,0
MB11,34-44,IPIEEVFQQLK,,,0
MB11,48-58,EGLTTQEGEDR,,,0
MB11,48-70,EGLTTQEGEDRIQIFGPNKLEEK,1.77975e+06,,100
MB11,59-70,IQIFGPNKLEEK,,32818110,0
MB11,59-71,IQIFGPNKLEEKK,,,0
MB11,151-174,VLRDGKWSEQEAAILVPGDIVSIK,,4.95643e+06,0
MB11,154-174,DGKWSEQEAAILVPGDIVSIK,1.50178e+06,5.95968e+06,20.1272
MB11,157-174,WSEQEAAILVPGDIVSIK,,2.74845e+07,0
MB11,175-184,LGDIIPADAR,6.28634e+07,2.38098e+08,20.8875
MB11,185-207,LLEGDPLKVDQSALTGESLPVTK,1.9574e+07,2.47836e+07,44.1277
MB11,185-220,LLEGDPLKVDQSALTGESLPVTKHPGQEVFSGSTCK,,0,0
MB11,193-207,VDQSALTGESLPVTK,387199,,100
MB11,208-220,HPGQEVFSGSTCK,,,0
MB11,208-239,HPGQEVFSGSTCKQGEIEAVVIATGVHTFFGK,,3.51235e+06,0
MB11,221-239,QGEIEAVVIATGVHTFFGK,6.73711e+06,3.65787e+07,15.5535
MB11,240-255,AAHLVDSTNQVGHFQK,,,0
MB11,356-368,LSVDKNLVEVFCK,1.65211e+07,3.85623e+06,81.0759
MB11,361-368,NLVEVFCK,,,0
MB11,369-384,GVEKDQVLLFAAMASR,,1.05009e+07,0
MB11,385-403,VENQDAIDAAMVGMLADPK,,,0
MB11,407-423,AGIREVHFLPFNPVDKR,,2.23715e+07,0
MB11,411-423,EVHFLPFNPVDKR,2.9748e+06,6.91254e+07,4.12592
MB11,424-437,TALTYIDGSGNWHR,,194300338,0
MB11,438-451,VSKGAPEQILELAK,,2.6075e+08,0
MB11,441-451,GAPEQILELAK,6.84041e+07,95045646,41.8502
MB11,459-466,KVLSIIDK,2.04096e+06,,100
MB11,459-470,KVLSIIDKYAER,,2.2827e+07,0
MB11,460-470,VLSIIDKYAER,1.39648e+07,40273808,25.747
MB11,517-525,ALNLGVNVK,,,0
MB11,526-536,MITGDQLAIGK,,4.56899e+07,0
MB11,526-540,MITGDQLAIGKETGR,,,0
MB11,542-559,LGMGTNMYPSSALLGTHK,,2.49956e+06,0
MB11,560-574,DANLASIPVEELIEK,885016,1.27892e+06,40.8984
MB11,560-586,DANLASIPVEELIEKADGFAGVFPEHK,186237,1.98841e+06,8.56401
MB11,575-586,ADGFAGVFPEHK,,1.37105e+06,0
MB11,575-591,ADGFAGVFPEHKYEIVK,,1.10734e+07,0
MB11,575-592,ADGFAGVFPEHKYEIVKK,,,0
MB11,597-614,KHIVGMTGDGVNDAPALK,,,0
MB11,597-615,KHIVGMTGDGVNDAPALKK,,,0
MB11,598-614,HIVGMTGDGVNDAPALK,,,0
MB11,615-630,KADIGIAVADATDAAR,3.74459e+07,2.38267e+07,61.1136
MB11,616-630,ADIGIAVADATDAAR,1.04953e+07,,100
MB11,631-653,GASDIVLTEPGLSVIISAVLTSR,1.16501e+06,1.40517e+07,7.65612
MB11,751-761,TDFFSDTFGVR,,,0
MB11,866-874,AWLNLFENK,,,0
MB11,882-897,DYGKEEREAQWALAQR,,,0
MB11,889-897,EAQWALAQR,2.35977e+07,4.46595e+07,34.5717
MB11,906-914,EAVNIFPEK,,4.61532e+07,0
MB11,906-918,EAVNIFPEKGSYR,,2.50708e+07,0
MB11,915-928,GSYRELSEIAEQAK,,,0
MB11,915-929,GSYRELSEIAEQAKR,,,0
MB11,919-928,ELSEIAEQAK,1.29079e+07,1.75846e+07,42.3314
MB11,919-929,ELSEIAEQAKR,,1.79234e+07,0
MB11,944-951,GHVESVVK,,,0
MB11,952-965,LKGLDIETPSHYTV,,,0
MB11,954-965,GLDIETPSHYTV,,,0

Replicate Filename,Position in Master Protein,Master Peptide Sequence,Labeled,Unlabeled,% labeled
MB12,1-9,MWSHPQFEK,,,0
MB12,10-44,SYPYDVPDYASLEDIKNETVDLEKIPIEEVFQQLK,0,,0
MB12,34-44,IPIEEVFQQLK,,2.84203e+06,0
MB12,48-58,EGLTTQEGEDR,,,0
MB12,48-70,EGLTTQEGEDRIQIFGPNKLEEK,1.28442e+06,,100
MB12,59-70,IQIFGPNKLEEK,1.26924e+06,6.9125e+06,15.5131
MB12,59-71,IQIFGPNKLEEKK,,,0
MB12,151-174,VLRDGKWSEQEAAILVPGDIVSIK,,5.13782e+06,0
MB12,154-174,DGKWSEQEAAILVPGDIVSIK,4.02697e+06,8.29968e+06,32.6688
MB12,157-174,WSEQEAAILVPGDIVSIK,1.54378e+06,7.53276e+06,17.0085
MB12,175-184,LGDIIPADAR,7.15458e+07,197350495,26.6072
MB12,185-207,LLEGDPLKVDQSALTGESLPVTK,1.31407e+07,5.11164e+06,71.9946
MB12,185-220,LLEGDPLKVDQSALTGESLPVTKHPGQEVFSGSTCK,,,0
MB12,193-207,VDQSALTGESLPVTK,,,0
MB12,208-220,HPGQEVFSGSTCK,,,0
MB12,208-239,HPGQEVFSGSTCKQGEIEAVVIATGVHTFFGK,,,0
MB12,221-239,QGEIEAVVIATGVHTFFGK,8.78117e+06,41822235,17.3529
MB12,240-255,AAHLVDSTNQVGHFQK,,,0
MB12,356-368,LSVDKNLVEVFCK,1.35373e+07,3.34204e+06,80.2004
MB12,361-368,NLVEVFCK,,,0
MB12,369-384,GVEKDQVLLFAAMASR,,6.98052e+06,0
MB12,385-403,VENQDAIDAAMVGMLADPK,,,0
MB12,407-423,AGIREVHFLPFNPVDKR,,1.16204e+07,0
MB12,411-423,EVHFLPFNPVDKR,4.31572e+06,5.42823e+07,7.36496
MB12,424-437,TALTYIDGSGNWHR,5.19646e+08,6.7277e+07,88.5373
MB12,438-451,VSKGAPEQILELAK,,,0
MB12,441-451,GAPEQILELAK,32509609,1.01576e+08,24.2454
MB12,459-466,KVLSIIDK,,4.20454e+06,0
MB12,459-470,KVLSIIDKYAER,5.31442e+06,7.51277e+06,41.4309
MB12,460-470,VLSIIDKYAER,12206410,3.35684e+07,26.6662
MB12,517-525,ALNLGVNVK,,171311910,0
MB12,526-536,MITGDQLAIGK,2.51739e+07,3.57399e+07,41.3271
MB12,526-540,MITGDQLAIGKETGR,,,0
MB12,542-559,LGMGTNMYPSSALLGTHK,,,0
MB12,560-574,DANLASIPVEELIEK,1.0956e+06,,100
MB12,560-586,DANLASIPVEELIEKADGFAGVFPEHK,,2411686,0
MB12,575-586,ADGFAGVFPEHK,,2.25635e+06,0
MB12,575-591,ADGFAGVFPEHKYEIVK,,3.55134e+06,0
MB12,575-592,ADGFAGVFPEHKYEIVKK,,3.18454e+06,0
MB12,597-614,KHIVGMTGDGVNDAPALK,,3.73662e+06,0
MB12,597-615,KHIVGMTGDGVNDAPALKK,,,0
MB12,598-614,HIVGMTGDGVNDAPALK,,1.88717e+06,0
MB12,615-630,KADIGIAVADATDAAR,1.82574e+07,2.13752e+07,46.0666
MB12,616-630,ADIGIAVADATDAAR,9.4261e+06,,100
MB12,631-653,GASDIVLTEPGLSVIISAVLTSR,1.60789e+06,10389642,13.4018
MB12,751-761,TDFFSDTFGVR,,,0
MB12,866-874,AWLNLFENK,,,0
MB12,882-897,DYGKEEREAQWALAQR,,,0
MB12,889-897,EAQWALAQR,2.66571e+07,35012259,43.2258
MB12,906-914,EAVNIFPEK,2.09642e+07,3.63494e+07,36.5781
MB12,906-918,EAVNIFPEKGSYR,2.55125e+06,2.13475e+07,10.6752
MB12,915-928,GSYRELSEIAEQAK,,1.13443e+06,0
MB12,915-929,GSYRELSEIAEQAKR,,,0
MB12,919-928,ELSEIAEQAK,5.56027e+06,,100
MB12,919-929,ELSEIAEQAKR,1.26997e+06,1.44953e+07,8.05549
MB12,944-951,GHVESVVK,,,0
MB12,952-965,LKGLDIETPSHYTV,,,0
MB12,954-965,GLDIETPSHYTV,,,0

Replicate Filename,Position in Master Protein,Master Peptide Sequence,Labeled,Unlabeled,% labeled
MB13,1-9,MWSHPQFEK,,3.67633e+06,0
MB13,10-44,SYPYDVPDYASLEDIKNETVDLEKIPIEEVFQQLK,,,0
MB13,34-44,IPIEEVFQQLK,1.29558e+06,3.7965e+06,25.443
MB13,48-58,EGLTTQEGEDR,2.66664e+06,,100
MB13,48-70,EGLTTQEGEDRIQIFGPNKLEEK,1.02163e+07,8.97483e+06,53.2345
MB13,59-70,IQIFGPNKLEEK,5.37937e+06,8.13252e+06,39.8121
MB13,59-71,IQIFGPNKLEEKK,,426474,0
MB13,151-174,VLRDGKWSEQEAAILVPGDIVSIK,1.46973e+06,5.71394e+06,20.4593
MB13,154-174,DGKWSEQEAAILVPGDIVSIK,6.78761e+06,4.27323e+07,13.7068
MB13,157-174,WSEQEAAILVPGDIVSIK,6.42033e+06,1.55449e+07,29.2295
MB13,175-184,LGDIIPADAR,2.75714e+08,5.78807e+07,82.6494
MB13,185-207,LLEGDPLKVDQSALTGESLPVTK,2.43566e+07,3.68003e+07,39.8264
MB13,185-220,LLEGDPLKVDQSALTGESLPVTKHPGQEVFSGSTCK,307812,3.89957e+06,7.316
MB13,193-207,VDQSALTGESLPVTK,239296,15115639,1.55843
MB13,208-220,HPGQEVFSGSTCK,224229,,100
MB13,208-239,HPGQEVFSGSTCKQGEIEAVVIATGVHTFFGK,,3.35424e+06,0
MB13,221-239,QGEIEAVVIATGVHTFFGK,1.12046e+07,7.46961e+07,13.0437
MB13,240-255,AAHLVDSTNQVGHFQK,690633,1.46932e+07,4.48934
MB13,356-368,LSVDKNLVEVFCK,3.60347e+07,2.3191e+07,60.843
MB13,361-368,NLVEVFCK,5.44329e+06,,100
MB13,369-384,GVEKDQVLLFAAMASR,5.63739e+06,1.57727e+07,26.3305
MB13,385-403,VENQDAIDAAMVGMLADPK,,2.94047e+06,0
MB13,407-423,AGIREVHFLPFNPVDKR,8.63746e+06,2.73149e+07,24.0247
MB13,411-423,EVHFLPFNPVDKR,3.5656e+07,5.11406e+07,41.08
MB13,424-437,TALTYIDGSGNWHR,1.80473e+07,3.88965e+08,4.43409
MB13,438-451,VSKGAPEQILELAK,,7.10542e+08,0
MB13,441-451,GAPEQILELAK,2.28429e+08,437734360,34.2902
MB13,459-466,KVLSIIDK,1.42497e+06,4948695,22.3572
MB13,459-470,KVLSIIDKYAER,2.07124e+07,2.29843e+07,47.4004
MB13,460-470,VLSIIDKYAER,6.04698e+07,7.51455e+07,44.5892
MB13,517-525,ALNLGVNVK,3.1874e+07,198027648,13.8642
MB13,526-536,MITGDQLAIGK,2.85147e+07,1.24607e+07,69.5898
MB13,526-540,MITGDQLAIGKETGR,273537,,100
MB13,542-559,LGMGTNMYPSSALLGTHK,,1.16066e+07,0
MB13,560-574,DANLASIPVEELIEK,2.32258e+06,,100
MB13,560-586,DANLASIPVEELIEKADGFAGVFPEHK,,1.27813e+06,0
MB13,575-586,ADGFAGVFPEHK,,3.32683e+06,0
MB13,575-591,ADGFAGVFPEHKYEIVK,4.12889e+06,8.16551e+06,33.5835
MB13,575-592,ADGFAGVFPEHKYEIVKK,304716,,100
MB13,597-614,KHIVGMTGDGVNDAPALK,,1.06806e+07,0
MB13,597-615,KHIVGMTGDGVNDAPALKK,,,0
MB13,598-614,HIVGMTGDGVNDAPALK,,3.37346e+06,0
MB13,615-630,KADIGIAVADATDAAR,5.0301e+07,90397550,35.7509
MB13,616-630,ADIGIAVADATDAAR,3.7075e+07,4.58936e+07,44.6856
MB13,631-653,GASDIVLTEPGLSVIISAVLTSR,1.22405e+06,1.23909e+07,8.99048
MB13,751-761,TDFFSDTFGVR,,,0
MB13,866-874,AWLNLFENK,3.55848e+06,,100
MB13,882-897,DYGKEEREAQWALAQR,,,0
MB13,889-897,EAQWALAQR,9.9937e+06,1.66837e+08,5.65156
MB13,906-914,EAVNIFPEK,5.09208e+07,8.03427e+07,38.7928
MB13,906-918,EAVNIFPEKGSYR,5.96639e+06,152020842,3.7765
MB13,915-928,GSYRELSEIAEQAK,,938377,0
MB13,915-929,GSYRELSEIAEQAKR,254684,1.70166e+06,13.0184
MB13,919-928,ELSEIAEQAK,1.44903e+07,3.69305e+07,28.1798
MB13,919-929,ELSEIAEQAKR,8.79354e+06,2.26037e+07,28.0074
MB13,944-951,GHVESVVK,,7.43431e+06,0
MB13,952-965,LKGLDIETPSHYTV,,,0
MB13,954-965,GLDIETPSHYTV,,,0

Replicate Filename,Position in Master Protein,Master Peptide Sequence,Labeled,Unlabeled,% labeled
MB14,1-9,MWSHPQFEK,985065,5.84462e+06,14.4233
MB14,10-44,SYPYDVPDYASLEDIKNETVDLEKIPIEEVFQQLK,,,0
MB14,34-44,IPIEEVFQQLK,,1.34749e+07,0
MB14,48-58,EGLTTQEGEDR,6.46973e+06,,100
MB14,48-70,EGLTTQEGEDRIQIFGPNKLEEK,1.38206e+07,6.48598e+06,68.0597
MB14,59-70,IQIFGPNKLEEK,1.16877e+07,23382335,33.3267
MB14,59-71,IQIFGPNKLEEKK,,,0
MB14,151-174,VLRDGKWSEQEAAILVPGDIVSIK,4.88581e+06,8.6463e+06,36.1053
MB14,154-174,DGKWSEQEAAILVPGDIVSIK,8.88003e+06,1.87301e+07,32.1622
MB14,157-174,WSEQEAAILVPGDIVSIK,8756817,1.9319e+07,31.1899
MB14,175-184,LGDIIPADAR,4.29952e+08,8.6898e+07,83.187
MB14,185-207,LLEGDPLKVDQSALTGESLPVTK,3.30496e+07,48575728,40.4894
MB14,185-220,LLEGDPLKVDQSALTGESLPVTKHPGQEVFSGSTCK,462995,5.71379e+06,7.49573
MB14,193-207,VDQSALTGESLPVTK,3.25128e+06,10767397,23.1925
MB14,208-220,HPGQEVFSGSTCK,425404,,100
MB14,208-239,HPGQEVFSGSTCKQGEIEAVVIATGVHTFFGK,485171,4917860,8.97961
MB14,221-239,QGEIEAVVIATGVHTFFGK,6.01968e+06,47620271,11.2224
MB14,240-255,AAHLVDSTNQVGHFQK,894271,2.14985e+07,3.99357
MB14,356-368,LSVDKNLVEVFCK,3.17841e+07,17961635,63.8931
MB14,361-368,NLVEVFCK,8.13735e+06,9101247,47.2042
MB14,369-384,GVEKDQVLLFAAMASR,3.1937e+06,1.60612e+07,16.5864
MB14,385-403,VENQDAIDAAMVGMLADPK,2.09657e+06,1.11742e+06,65.2326
MB14,407-423,AGIREVHFLPFNPVDKR,7.08011e+06,72024189,8.95035
MB14,411-423,EVHFLPFNPVDKR,4.90565e+07,1.65363e+08,22.8787
MB14,424-437,TALTYIDGSGNWHR,2.97312e+07,3.43576e+08,7.96427
MB14,438-451,VSKGAPEQILELAK,,8.88761e+08,0
MB14,441-451,GAPEQILELAK,2.78844e+08,592850100,31.9887
MB14,459-466,KVLSIIDK,6.13309e+06,8.20339e+06,42.7796
MB14,459-470,KVLSIIDKYAER,3.05038e+07,6.798e+07,30.9734
MB14,460-470,VLSIIDKYAER,1.01129e+08,2.38205e+08,29.8022
MB14,517-525,ALNLGVNVK,1.07787e+07,1.42809e+08,7.01794
MB14,526-536,MITGDQLAIGK,2.03245e+07,3.47536e+07,36.9012
MB14,526-540,MITGDQLAIGKETGR,,1.0259e+06,0
MB14,542-559,LGMGTNMYPSSALLGTHK,,2.14694e+07,0
MB14,560-574,DANLASIPVEELIEK,2.39789e+06,5.601e+06,29.9778
MB14,560-586,DANLASIPVEELIEKADGFAGVFPEHK,,959472,0
MB14,575-586,ADGFAGVFPEHK,0,1.05961e+07,0
MB14,575-591,ADGFAGVFPEHKYEIVK,5.29213e+06,28887326,15.4834
MB14,575-592,ADGFAGVFPEHKYEIVKK,863279,6526767,11.6816
MB14,597-614,KHIVGMTGDGVNDAPALK,1.5628e+06,,100
MB14,597-615,KHIVGMTGDGVNDAPALKK,,,0
MB14,598-614,HIVGMTGDGVNDAPALK,0,4.43915e+06,0
MB14,615-630,KADIGIAVADATDAAR,1.01673e+08,141313932,41.843
MB14,616-630,ADIGIAVADATDAAR,6.30205e+07,72304330,46.5698
MB14,631-653,GASDIVLTEPGLSVIISAVLTSR,,10061745,0
MB14,751-761,TDFFSDTFGVR,,,0
MB14,866-874,AWLNLFENK,,,0
MB14,882-897,DYGKEEREAQWALAQR,,7.82297e+06,0
MB14,889-897,EAQWALAQR,1.20092e+07,3.28963e+07,26.7433
MB14,906-914,EAVNIFPEK,7.05432e+07,1.6893e+07,80.6796
MB14,906-918,EAVNIFPEKGSYR,2.90645e+07,1.24103e+08,18.9756
MB14,915-928,GSYRELSEIAEQAK,,,0
MB14,915-929,GSYRELSEIAEQAKR,391166,1.96194e+06,16.6234
MB14,919-928,ELSEIAEQAK,2.61461e+07,7.56418e+06,77.5612
MB14,919-929,ELSEIAEQAKR,9.69667e+06,3.78785e+07,20.3818
MB14,944-951,GHVESVVK,,5867877,0
MB14,952-965,LKGLDIETPSHYTV,526701,2.66848e+06,16.4842
MB14,954-965,GLDIETPSHYTV,3.06911e+06,18129128,14.4781

Replicate Filename,Position in Master Protein,Master Peptide Sequence,Labeled,Unlabeled,% labeled
MB15,1-9,MWSHPQFEK,,5.06896e+06,0
MB15,10-44,SYPYDVPDYASLEDIKNETVDLEKIPIEEVFQQLK,,,0
MB15,34-44,IPIEEVFQQLK,1.04516e+06,2.60659e+06,28.6208
MB15,48-58,EGLTTQEGEDR,1.55291e+06,,100
MB15,48-70,EGLTTQEGEDRIQIFGPNKLEEK,1.12571e+07,5.45593e+06,67.3552
MB15,59-70,IQIFGPNKLEEK,1.41005e+06,7.14623e+06,16.4797
MB15,59-71,IQIFGPNKLEEKK,,1.66095e+06,0
MB15,151-174,VLRDGKWSEQEAAILVPGDIVSIK,5.04851e+06,9.0845e+06,35.7214
MB15,154-174,DGKWSEQEAAILVPGDIVSIK,1.43937e+09,1.9893e+07,98.6368
MB15,157-174,WSEQEAAILVPGDIVSIK,,24903640,0
MB15,175-184,LGDIIPADAR,2.5054e+08,4.33476e+07,85.2503
MB15,185-207,LLEGDPLKVDQSALTGESLPVTK,1.80193e+07,30933602,36.8095
MB15,185-220,LLEGDPLKVDQSALTGESLPVTKHPGQEVFSGSTCK,,2170521,0
MB15,193-207,VDQSALTGESLPVTK,201344,,100
MB15,208-220,HPGQEVFSGSTCK,,,0
MB15,208-239,HPGQEVFSGSTCKQGEIEAVVIATGVHTFFGK,1.23866e+06,4.77559e+06,20.5954
MB15,221-239,QGEIEAVVIATGVHTFFGK,2.73127e+07,3.88133e+07,41.304
MB15,240-255,AAHLVDSTNQVGHFQK,868719,9233546,8.59925
MB15,356-368,LSVDKNLVEVFCK,3.48024e+07,1.31048e+07,72.6454
MB15,361-368,NLVEVFCK,,,0
MB15,369-384,GVEKDQVLLFAAMASR,4.46456e+06,1.31901e+07,25.2883
MB15,385-403,VENQDAIDAAMVGMLADPK,975787,,100
MB15,407-423,AGIREVHFLPFNPVDKR,9.87311e+06,3.08865e+07,24.2228
MB15,411-423,EVHFLPFNPVDKR,5.14739e+07,1.11794e+08,31.5273
MB15,424-437,TALTYIDGSGNWHR,2.73722e+07,385893986,6.62338
MB15,438-451,VSKGAPEQILELAK,,879724,0
MB15,441-451,GAPEQILELAK,1.43281e+08,435892992,24.7389
MB15,459-466,KVLSIIDK,1.4071e+06,5.40746e+06,20.6484
MB15,459-470,KVLSIIDKYAER,2.89009e+07,1.17421e+07,71.1092
MB15,460-470,VLSIIDKYAER,4.09943e+07,1.48653e+08,21.6161
MB15,517-525,ALNLGVNVK,5.91613e+06,158121090,3.60658
MB15,526-536,MITGDQLAIGK,1.4587e+07,1.24796e+08,10.4654
MB15,526-540,MITGDQLAIGKETGR,,,0
MB15,542-559,LGMGTNMYPSSALLGTHK,348585,3.19694e+06,9.83169
MB15,560-574,DANLASIPVEELIEK,1.97931e+06,3.46882e+06,36.3301
MB15,560-586,DANLASIPVEELIEKADGFAGVFPEHK,143370,3093108,4.42982
MB15,575-586,ADGFAGVFPEHK,,2.41592e+06,0
MB15,575-591,ADGFAGVFPEHKYEIVK,5.61406e+06,2.27235e+07,19.8114
MB15,575-592,ADGFAGVFPEHKYEIVKK,,5.22024e+06,0
MB15,597-614,KHIVGMTGDGVNDAPALK,,1.83811e+07,0
MB15,597-615,KHIVGMTGDGVNDAPALKK,,,0
MB15,598-614,HIVGMTGDGVNDAPALK,919762,2.56347e+06,26.4054
MB15,615-630,KADIGIAVADATDAAR,1.04611e+08,94785705,52.4638
MB15,616-630,ADIGIAVADATDAAR,3.1071e+07,4.17527e+07,42.6661
MB15,631-653,GASDIVLTEPGLSVIISAVLTSR,0,1.58794e+06,0
MB15,751-761,TDFFSDTFGVR,,,0
MB15,866-874,AWLNLFENK,,2.01558e+07,0
MB15,882-897,DYGKEEREAQWALAQR,304231,,100
MB15,889-897,EAQWALAQR,7.79483e+06,1.53685e+08,4.82712
MB15,906-914,EAVNIFPEK,5.29658e+07,74536917,41.5409
MB15,906-918,EAVNIFPEKGSYR,1.23995e+07,2.90929e+07,29.8838
MB15,915-928,GSYRELSEIAEQAK,,1.19962e+06,0
MB15,915-929,GSYRELSEIAEQAKR,,2.66325e+06,0
MB15,919-928,ELSEIAEQAK,1.05441e+07,5.49339e+06,65.7466
MB15,919-929,ELSEIAEQAKR,9.35365e+06,2.81104e+07,24.967
MB15,944-951,GHVESVVK,,3.77491e+06,0
MB15,952-965,LKGLDIETPSHYTV,,,0
MB15,954-965,GLDIETPSHYTV,,2.54471e+07,0

Replicate Filename,Position in Master Protein,Master Peptide Sequence,Labeled,Unlabeled,% labeled
MB16,1-9,MWSHPQFEK,,1.12774e+07,0
MB16,10-44,SYPYDVPDYASLEDIKNETVDLEKIPIEEVFQQLK,,,0
MB16,34-44,IPIEEVFQQLK,1.33187e+06,,100
MB16,48-58,EGLTTQEGEDR,,,0
MB16,48-70,EGLTTQEGEDRIQIFGPNKLEEK,1.64164e+07,8.17352e+06,66.7607
MB16,59-70,IQIFGPNKLEEK,4.38253e+06,4.43817e+06,49.6846
MB16,59-71,IQIFGPNKLEEKK,,551049,0
MB16,151-174,VLRDGKWSEQEAAILVPGDIVSIK,2.6764e+06,3476704,43.4967
MB16,154-174,DGKWSEQEAAILVPGDIVSIK,3.68333e+06,0,100
MB16,157-174,WSEQEAAILVPGDIVSIK,4.60449e+06,2.94445e+07,13.5231
MB16,175-184,LGDIIPADAR,3.08578e+08,277695409,52.6338
MB16,185-207,LLEGDPLKVDQSALTGESLPVTK,2.58867e+07,2.9644e+07,46.6169
MB16,185-220,LLEGDPLKVDQSALTGESLPVTKHPGQEVFSGSTCK,,1.97284e+06,0
MB16,193-207,VDQSALTGESLPVTK,,1.30757e+07,0
MB16,208-220,HPGQEVFSGSTCK,432923,,100
MB16,208-239,HPGQEVFSGSTCKQGEIEAVVIATGVHTFFGK,1.01358e+06,5.18605e+06,16.349
MB16,221-239,QGEIEAVVIATGVHTFFGK,10295319,7.85068e+07,11.5936
MB16,240-255,AAHLVDSTNQVGHFQK,,,0
MB16,356-368,LSVDKNLVEVFCK,3.15142e+07,14032452,69.191
MB16,361-368,NLVEVFCK,1.47732e+07,9.08695e+06,61.9158
MB16,369-384,GVEKDQVLLFAAMASR,2.5136e+06,1.44047e+07,14.8573
MB16,385-403,VENQDAIDAAMVGMLADPK,,1.20914e+06,0
MB16,407-423,AGIREVHFLPFNPVDKR,7.11723e+06,2.39046e+07,22.9427
MB16,411-423,EVHFLPFNPVDKR,3.18282e+07,1.81024e+07,63.7449
MB16,424-437,TALTYIDGSGNWHR,16413260,2.61958e+08,5.89618
MB16,438-451,VSKGAPEQILELAK,,3.12928e+08,0
MB16,441-451,GAPEQILELAK,1.8112e+08,469256848,27.8485
MB16,459-466,KVLSIIDK,1.30747e+06,4.3818e+06,22.9813
MB16,459-470,KVLSIIDKYAER,3.43617e+07,2.02112e+07,62.9648
MB16,460-470,VLSIIDKYAER,5.38802e+07,1.38885e+08,27.9512
MB16,517-525,ALNLGVNVK,8.28681e+07,110824470,42.7833
MB16,526-536,MITGDQLAIGK,1.67758e+07,1.13084e+07,59.7339
MB16,526-540,MITGDQLAIGKETGR,1762376,3.48062e+06,33.6139
MB16,542-559,LGMGTNMYPSSALLGTHK,,2.71932e+06,0
MB16,560-574,DANLASIPVEELIEK,4.12678e+06,,100
MB16,560-586,DANLASIPVEELIEKADGFAGVFPEHK,0,1.02948e+06,0
MB16,575-586,ADGFAGVFPEHK,,2.61617e+06,0
MB16,575-591,ADGFAGVFPEHKYEIVK,8.52028e+06,1.65673e+07,33.9621
MB16,575-592,ADGFAGVFPEHKYEIVKK,,2.62595e+06,0
MB16,597-614,KHIVGMTGDGVNDAPALK,1.19377e+06,1.17459e+06,50.4049
MB16,597-615,KHIVGMTGDGVNDAPALKK,,,0
MB16,598-614,HIVGMTGDGVNDAPALK,,4.04563e+06,0
MB16,615-630,KADIGIAVADATDAAR,5.48387e+07,8.67006e+07,38.7445
MB16,616-630,ADIGIAVADATDAAR,3.98321e+07,4.33675e+07,47.8754
MB16,631-653,GASDIVLTEPGLSVIISAVLTSR,,0,0
MB16,751-761,TDFFSDTFGVR,,,0
MB16,866-874,AWLNLFENK,,,0
MB16,882-897,DYGKEEREAQWALAQR,,,0
MB16,889-897,EAQWALAQR,6.14818e+06,168995101,3.51037
MB16,906-914,EAVNIFPEK,3.25735e+07,5.99474e+07,35.2066
MB16,906-918,EAVNIFPEKGSYR,1.34477e+07,1.17229e+08,10.2908
MB16,915-928,GSYRELSEIAEQAK,,1.14862e+06,0
MB16,915-929,GSYRELSEIAEQAKR,,2.25868e+06,0
MB16,919-928,ELSEIAEQAK,1.78082e+07,3.97883e+06,81.7376
MB16,919-929,ELSEIAEQAKR,4.75502e+06,2.56257e+07,15.6514
MB16,944-951,GHVESVVK,258204,1.98178e+06,11.527
MB16,952-965,LKGLDIETPSHYTV,,,0
MB16,954-965,GLDIETPSHYTV,2.41137e+06,8.01997e+06,23.1166

Replicate Filename,Position in Master Protein,Master Peptide Sequence,Labeled,Unlabeled,% labeled
MB17,1-9,MWSHPQFEK,,2582862,0
MB17,10-44,SYPYDVPDYASLEDIKNETVDLEKIPIEEVFQQLK,,,0
MB17,34-44,IPIEEVFQQLK,,,0
MB17,48-58,EGLTTQEGEDR,871803,,100
MB17,48-70,EGLTTQEGEDRIQIFGPNKLEEK,1.08571e+07,,100
MB17,59-70,IQIFGPNKLEEK,,6.58795e+06,0
MB17,59-71,IQIFGPNKLEEKK,,1.84873e+06,0
MB17,151-174,VLRDGKWSEQEAAILVPGDIVSIK,1.78963e+06,3.27498e+06,35.336
MB17,154-174,DGKWSEQEAAILVPGDIVSIK,9.55761e+06,26292042,26.6603
MB17,157-174,WSEQEAAILVPGDIVSIK,1.17224e+07,6.13191e+06,65.6559
MB17,175-184,LGDIIPADAR,2.81916e+08,3.79523e+07,88.135
MB17,185-207,LLEGDPLKVDQSALTGESLPVTK,3.54433e+07,7.49143e+07,32.1168
MB17,185-220,LLEGDPLKVDQSALTGESLPVTKHPGQEVFSGSTCK,256177,1.87028e+06,12.0471
MB17,193-207,VDQSALTGESLPVTK,363850,1.21215e+07,2.91422
MB17,208-220,HPGQEVFSGSTCK,,1.82867e+06,0
MB17,208-239,HPGQEVFSGSTCKQGEIEAVVIATGVHTFFGK,,9.55655e+06,0
MB17,221-239,QGEIEAVVIATGVHTFFGK,9.89683e+06,5.00518e+07,16.5089
MB17,240-255,AAHLVDSTNQVGHFQK,,2.59245e+07,0
MB17,356-368,LSVDKNLVEVFCK,2.92927e+07,1.34971e+07,68.4572
MB17,361-368,NLVEVFCK,2.8733e+06,,100
MB17,369-384,GVEKDQVLLFAAMASR,5.45482e+06,2.21817e+07,19.7377
MB17,385-403,VENQDAIDAAMVGMLADPK,,647043,0
MB17,407-423,AGIREVHFLPFNPVDKR,8.5053e+06,2.33829e+07,26.6722
MB17,411-423,EVHFLPFNPVDKR,4.14506e+07,1.17443e+08,26.087
MB17,424-437,TALTYIDGSGNWHR,1.85647e+07,3.45903e+08,5.09365
MB17,438-451,VSKGAPEQILELAK,,4.17215e+08,0
MB17,441-451,GAPEQILELAK,2.4022e+08,421621056,36.2957
MB17,459-466,KVLSIIDK,1.7729e+06,4.38219e+06,28.8038
MB17,459-470,KVLSIIDKYAER,4.01297e+07,9.35793e+06,81.0904
MB17,460-470,VLSIIDKYAER,7.98491e+07,7.04753e+07,53.1179
MB17,517-525,ALNLGVNVK,1.6008e+07,201852558,7.34782
MB17,526-536,MITGDQLAIGK,1.8289e+07,7.39038e+06,71.2206
MB17,526-540,MITGDQLAIGKETGR,,3.3352e+06,0
MB17,542-559,LGMGTNMYPSSALLGTHK,,6.05783e+06,0
MB17,560-574,DANLASIPVEELIEK,1.81401e+06,,100
MB17,560-586,DANLASIPVEELIEKADGFAGVFPEHK,,764507,0
MB17,575-586,ADGFAGVFPEHK,,5.27305e+06,0
MB17,575-591,ADGFAGVFPEHKYEIVK,1.09421e+07,1.00918e+07,52.0213
MB17,575-592,ADGFAGVFPEHKYEIVKK,,1.17425e+06,0
MB17,597-614,KHIVGMTGDGVNDAPALK,456067,4382343,9.42597
MB17,597-615,KHIVGMTGDGVNDAPALKK,,,0
MB17,598-614,HIVGMTGDGVNDAPALK,1.28596e+06,2.45873e+06,34.3409
MB17,615-630,KADIGIAVADATDAAR,9.20772e+07,7.73542e+07,54.3448
MB17,616-630,ADIGIAVADATDAAR,3.78805e+07,40009436,48.6334
MB17,631-653,GASDIVLTEPGLSVIISAVLTSR,2.1667e+06,8.32034e+06,20.6607
MB17,751-761,TDFFSDTFGVR,,,0
MB17,866-874,AWLNLFENK,,,0
MB17,882-897,DYGKEEREAQWALAQR,1.23608e+06,,100
MB17,889-897,EAQWALAQR,22074427,1.73164e+08,11.3064
MB17,906-914,EAVNIFPEK,3.9945e+07,49175607,44.8213
MB17,906-918,EAVNIFPEKGSYR,1.57588e+07,2.92479e+07,35.0143
MB17,915-928,GSYRELSEIAEQAK,,,0
MB17,915-929,GSYRELSEIAEQAKR,,2.16951e+06,0
MB17,919-928,ELSEIAEQAK,2.76892e+07,2.20274e+07,55.6941
MB17,919-929,ELSEIAEQAKR,5.36362e+06,18571773,22.4087
MB17,944-951,GHVESVVK,,9.6139e+06,0
MB17,952-965,LKGLDIETPSHYTV,,2.91129e+06,0
MB17,954-965,GLDIETPSHYTV,,,0

Replicate Filename,Position in Master Protein,Master Peptide Sequence,Labeled,Unlabeled,% labeled
MB18,1-9,MWSHPQFEK,,3.2657e+06,0
MB18,10-44,SYPYDVPDYASLEDIKNETVDLEKIPIEEVFQQLK,,,0
MB18,34-44,IPIEEVFQQLK,,9589579,0
MB18,48-58,EGLTTQEGEDR,4.17266e+06,,100
MB18,48-70,EGLTTQEGEDRIQIFGPNKLEEK,2.37901e+07,3.73325e+06,86.4361
MB18,59-70,IQIFGPNKLEEK,8.27987e+06,1.231e+07,40.2133
MB18,59-71,IQIFGPNKLEEKK,,,0
MB18,151-174,VLRDGKWSEQEAAILVPGDIVSIK,4.73233e+06,3.5231e+06,57.3238
MB18,154-174,DGKWSEQEAAILVPGDIVSIK,7.18761e+06,8.17725e+06,46.7795
MB18,157-174,WSEQEAAILVPGDIVSIK,1.30873e+07,10493650,55.4995
MB18,175-184,LGDIIPADAR,4.03669e+08,5.4058e+07,88.1899
MB18,185-207,LLEGDPLKVDQSALTGESLPVTK,4.15884e+07,3.24998e+07,56.1336
MB18,185-220,LLEGDPLKVDQSALTGESLPVTKHPGQEVFSGSTCK,0,910782,0
MB18,193-207,VDQSALTGESLPVTK,4.37112e+06,5713410,43.3448
MB18,208-220,HPGQEVFSGSTCK,,,0
MB18,208-239,HPGQEVFSGSTCKQGEIEAVVIATGVHTFFGK,,1.93201e+06,0
MB18,221-239,QGEIEAVVIATGVHTFFGK,6.27752e+06,4.12518e+07,13.2077
MB18,240-255,AAHLVDSTNQVGHFQK,1.58534e+06,1.48103e+07,9.66928
MB18,356-368,LSVDKNLVEVFCK,3.3223e+07,1.33517e+07,71.3327
MB18,361-368,NLVEVFCK,2.50634e+06,,100
MB18,369-384,GVEKDQVLLFAAMASR,4.68897e+06,1.47868e+07,24.0759
MB18,385-403,VENQDAIDAAMVGMLADPK,247845,906352,21.4734
MB18,407-423,AGIREVHFLPFNPVDKR,8.44753e+06,2.98006e+07,22.0861
MB18,411-423,EVHFLPFNPVDKR,6.72956e+07,9.31954e+07,41.9311
MB18,424-437,TALTYIDGSGNWHR,2.08883e+07,2.3255e+08,8.24197
MB18,438-451,VSKGAPEQILELAK,1.04523e+08,535660,99.4901
MB18,441-451,GAPEQILELAK,2.36434e+08,550167648,30.0577
MB18,459-466,KVLSIIDK,6.26087e+06,5.51517e+06,53.1662
MB18,459-470,KVLSIIDKYAER,4.5529e+07,2.27057e+07,66.7241
MB18,460-470,VLSIIDKYAER,96444779,1.53471e+08,38.5909
MB18,517-525,ALNLGVNVK,28438308,214346580,11.7134
MB18,526-536,MITGDQLAIGK,1.57851e+07,2.19441e+07,41.8379
MB18,526-540,MITGDQLAIGKETGR,693364,,100
MB18,542-559,LGMGTNMYPSSALLGTHK,443985,1.80661e+07,2.39861
MB18,560-574,DANLASIPVEELIEK,5.06459e+06,,100
MB18,560-586,DANLASIPVEELIEKADGFAGVFPEHK,,,0
MB18,575-586,ADGFAGVFPEHK,,3.28989e+06,0
MB18,575-591,ADGFAGVFPEHKYEIVK,1.85246e+06,2.0864e+07,8.1547
MB18,575-592,ADGFAGVFPEHKYEIVKK,1.47034e+06,,100
MB18,597-614,KHIVGMTGDGVNDAPALK,3.27577e+06,6320773,34.1349
MB18,597-615,KHIVGMTGDGVNDAPALKK,,,0
MB18,598-614,HIVGMTGDGVNDAPALK,1.81342e+06,2.02731e+06,47.2155
MB18,615-630,KADIGIAVADATDAAR,8.61465e+07,102474618,45.6717
MB18,616-630,ADIGIAVADATDAAR,4.92763e+07,5.48064e+07,47.3434
MB18,631-653,GASDIVLTEPGLSVIISAVLTSR,2.54576e+06,,100
MB18,751-761,TDFFSDTFGVR,,,0
MB18,866-874,AWLNLFENK,7.21417e+06,8.03887e+06,47.2966
MB18,882-897,DYGKEEREAQWALAQR,,,0
MB18,889-897,EAQWALAQR,1.30084e+07,245976460,5.02284
MB18,906-914,EAVNIFPEK,70800960,1.06378e+07,86.9377
MB18,906-918,EAVNIFPEKGSYR,1.17921e+07,2.58263e+07,31.3466
MB18,915-928,GSYRELSEIAEQAK,,,0
MB18,915-929,GSYRELSEIAEQAKR,670629,1.12442e+06,37.3599
MB18,919-928,ELSEIAEQAK,1.82511e+07,2.95321e+07,38.1956
MB18,919-929,ELSEIAEQAKR,1.13658e+07,1.99741e+07,36.2662
MB18,944-951,GHVESVVK,,4.8692e+06,0
MB18,952-965,LKGLDIETPSHYTV,,5.50941e+06,0
MB18,954-965,GLDIETPSHYTV,5.0996e+06,,100

Replicate Filename,Position in Master Protein,Master Peptide Sequence,Labeled,Unlabeled,% labeled
MB19,1-9,MWSHPQFEK,,3.05993e+06,0
MB19,10-44,SYPYDVPDYASLEDIKNETVDLEKIPIEEVFQQLK,,,0
MB19,34-44,IPIEEVFQQLK,1.57867e+06,,100
MB19,48-58,EGLTTQEGEDR,2.68765e+06,,100
MB19,48-70,EGLTTQEGEDRIQIFGPNKLEEK,2.42077e+07,3.07644e+06,88.7244
MB19,59-70,IQIFGPNKLEEK,3.19864e+06,1.4115e+07,18.4747
MB19,59-71,IQIFGPNKLEEKK,190383,,100
MB19,151-174,VLRDGKWSEQEAAILVPGDIVSIK,3.91776e+06,7354337,34.7563
MB19,154-174,DGKWSEQEAAILVPGDIVSIK,5.42047e+06,6.30398e+06,46.2322
MB19,157-174,WSEQEAAILVPGDIVSIK,1.35743e+07,11119465,54.9706
MB19,175-184,LGDIIPADAR,498678065,5.5334e+07,90.0121
MB19,185-207,LLEGDPLKVDQSALTGESLPVTK,5.43935e+07,3.41178e+07,61.4537
MB19,185-220,LLEGDPLKVDQSALTGESLPVTKHPGQEVFSGSTCK,,1.01956e+06,0
MB19,193-207,VDQSALTGESLPVTK,5.86259e+06,5.69632e+06,50.7192
MB19,208-220,HPGQEVFSGSTCK,950626,,100
MB19,208-239,HPGQEVFSGSTCKQGEIEAVVIATGVHTFFGK,0,3.42021e+06,0
MB19,221-239,QGEIEAVVIATGVHTFFGK,4.58853e+06,4.03688e+07,10.2064
MB19,240-255,AAHLVDSTNQVGHFQK,1.74606e+06,1.3597e+07,11.3801
MB19,356-368,LSVDKNLVEVFCK,2.67495e+07,1.48056e+07,64.3712
MB19,361-368,NLVEVFCK,2.65049e+06,,100
MB19,369-384,GVEKDQVLLFAAMASR,3.71311e+06,1.12422e+07,24.828
MB19,385-403,VENQDAIDAAMVGMLADPK,2.33291e+06,,100
MB19,407-423,AGIREVHFLPFNPVDKR,1.03034e+07,3.40464e+07,23.2321
MB19,411-423,EVHFLPFNPVDKR,4.1033e+07,9.73432e+07,29.6532
MB19,424-437,TALTYIDGSGNWHR,3.57713e+07,3.13026e+08,10.2556
MB19,438-451,VSKGAPEQILELAK,,4.53749e+08,0
MB19,441-451,GAPEQILELAK,2.22925e+08,584778054,27.5999
MB19,459-466,KVLSIIDK,4.27275e+06,6.23336e+06,40.6692
MB19,459-470,KVLSIIDKYAER,5.09428e+07,1.49279e+07,77.3376
MB19,460-470,VLSIIDKYAER,9.70206e+07,1.55349e+08,38.4439
MB19,517-525,ALNLGVNVK,1.2369e+07,156199730,7.33766
MB19,526-536,MITGDQLAIGK,2.08126e+07,2.43625e+07,46.071
MB19,526-540,MITGDQLAIGKETGR,,4.65635e+06,0
MB19,542-559,LGMGTNMYPSSALLGTHK,,6.31527e+06,0
MB19,560-574,DANLASIPVEELIEK,3.36304e+06,,100
MB19,560-586,DANLASIPVEELIEKADGFAGVFPEHK,,,0
MB19,575-586,ADGFAGVFPEHK,0,3.13032e+06,0
MB19,575-591,ADGFAGVFPEHKYEIVK,4.97634e+06,1.55394e+07,24.2562
MB19,575-592,ADGFAGVFPEHKYEIVKK,1.1693e+06,3879684,23.1591
MB19,597-614,KHIVGMTGDGVNDAPALK,4.46383e+06,3.81179e+06,53.9395
MB19,597-615,KHIVGMTGDGVNDAPALKK,,45089.9,0
MB19,598-614,HIVGMTGDGVNDAPALK,592622,4.49702e+06,11.6437
MB19,615-630,KADIGIAVADATDAAR,1.07006e+08,115718368,48.0441
MB19,616-630,ADIGIAVADATDAAR,3.33289e+07,5.65634e+07,37.0765
MB19,631-653,GASDIVLTEPGLSVIISAVLTSR,,,0
MB19,751-761,TDFFSDTFGVR,,,0
MB19,866-874,AWLNLFENK,1.32515e+07,,100
MB19,882-897,DYGKEEREAQWALAQR,,,0
MB19,889-897,EAQWALAQR,1.20001e+07,2.63271e+07,31.3096
MB19,906-914,EAVNIFPEK,4.54631e+07,6.80979e+07,40.0341
MB19,906-918,EAVNIFPEKGSYR,3.35813e+07,87802503,27.6654
MB19,915-928,GSYRELSEIAEQAK,,1881344,0
MB19,915-929,GSYRELSEIAEQAKR,717427,1.17001e+06,38.0106
MB19,919-928,ELSEIAEQAK,3.93021e+07,4.6715e+06,89.3766
MB19,919-929,ELSEIAEQAKR,1.05127e+07,9.88476e+06,51.5393
MB19,944-951,GHVESVVK,,5.34388e+06,0
MB19,952-965,LKGLDIETPSHYTV,,,0
MB19,954-965,GLDIETPSHYTV,2.27739e+06,,100

Replicate Filename,Position in Master Protein,Master Peptide Sequence,Labeled,Unlabeled,% labeled
MB1,1-9,MWSHPQFEK,734710,7.85793e+06,8.55046
MB1,10-44,SYPYDVPDYASLEDIKNETVDLEKIPIEEVFQQLK,0,,0
MB1,34-44,IPIEEVFQQLK,1.17861e+06,6.90454e+06,14.5811
MB1,48-58,EGLTTQEGEDR,4.62807e+06,,100
MB1,48-70,EGLTTQEGEDRIQIFGPNKLEEK,2.82168e+07,8.75445e+06,76.3209
MB1,59-70,IQIFGPNKLEEK,7.12115e+06,2.02909e+07,25.9782
MB1,59-71,IQIFGPNKLEEKK,126922,729958,14.8121
MB1,151-174,VLRDGKWSEQEAAILVPGDIVSIK,4.25774e+06,1.05265e+07,28.7992
MB1,154-174,DGKWSEQEAAILVPGDIVSIK,1.02855e+09,2.40126e+07,97.7187
MB1,157-174,WSEQEAAILVPGDIVSIK,8.92533e+06,24610624,26.6142
MB1,175-184,LGDIIPADAR,4.99837e+08,4.12636e+08,54.7783
MB1,185-207,LLEGDPLKVDQSALTGESLPVTK,5.62162e+07,6.73371e+07,45.4996
MB1,185-220,LLEGDPLKVDQSALTGESLPVTKHPGQEVFSGSTCK,368317,3.76719e+06,8.90621
MB1,193-207,VDQSALTGESLPVTK,2.73616e+06,1.13489e+07,19.426
MB1,208-220,HPGQEVFSGSTCK,418675,586594,41.6481
MB1,208-239,HPGQEVFSGSTCKQGEIEAVVIATGVHTFFGK,743515,6.13278e+06,10.8127
MB1,221-239,QGEIEAVVIATGVHTFFGK,1.56413e+07,9.18271e+07,14.5543
MB1,240-255,AAHLVDSTNQVGHFQK,1.05455e+06,2.57177e+07,3.93897
MB1,356-368,LSVDKNLVEVFCK,5.57894e+07,2.18074e+07,71.8965
MB1,361-368,NLVEVFCK,7.9055e+06,4.29463e+06,64.7985
MB1,369-384,GVEKDQVLLFAAMASR,7.41204e+06,2.35633e+07,23.9288
MB1,385-403,VENQDAIDAAMVGMLADPK,1.1438e+06,2.24743e+06,33.7282
MB1,407-423,AGIREVHFLPFNPVDKR,1.51577e+07,5.58293e+07,21.3528
MB1,411-423,EVHFLPFNPVDKR,6.43145e+07,1.47245e+08,30.4002
MB1,424-437,TALTYIDGSGNWHR,3.6384e+07,4.87123e+08,6.95005
MB1,438-451,VSKGAPEQILELAK,72635.9,2.89817e+06,2.44499
MB1,441-451,GAPEQILELAK,3.31338e+08,4.68371e+08,41.4323
MB1,459-466,KVLSIIDK,6.47118e+06,9.39429e+06,40.7878
MB1,459-470,KVLSIIDKYAER,4.03623e+07,4.20893e+07,48.9527
MB1,460-470,VLSIIDKYAER,1.32139e+08,1.86919e+08,41.4154
MB1,517-525,ALNLGVNVK,3.69579e+07,2.79548e+08,11.6768
MB1,526-536,MITGDQLAIGK,2.8987e+07,8.02826e+07,26.528
MB1,526-540,MITGDQLAIGKETGR,493774,3755468,11.6203
MB1,542-559,LGMGTNMYPSSALLGTHK,211374,1.47936e+07,1.40869
MB1,560-574,DANLASIPVEELIEK,3.72592e+06,3.10294e+06,54.5614
MB1,560-586,DANLASIPVEELIEKADGFAGVFPEHK,189929,2.58566e+06,6.84284
MB1,575-586,ADGFAGVFPEHK,0,6.80186e+06,0
MB1,575-591,ADGFAGVFPEHKYEIVK,8.5055e+06,2.67898e+07,24.0981
MB1,575-592,ADGFAGVFPEHKYEIVKK,1.05679e+06,5.56638e+06,15.956
MB1,597-614,KHIVGMTGDGVNDAPALK,1.979e+06,9.6725e+06,16.9849
MB1,597-615,KHIVGMTGDGVNDAPALKK,,30059.9,0
MB1,598-614,HIVGMTGDGVNDAPALK,742533,5.43887e+06,12.0124
MB1,615-630,KADIGIAVADATDAAR,1.54059e+08,1.13454e+08,57.5894
MB1,616-630,ADIGIAVADATDAAR,7.17888e+07,4.90416e+07,59.4129
MB1,631-653,GASDIVLTEPGLSVIISAVLTSR,2.08627e+06,1.43775e+07,12.6719
MB1,751-761,TDFFSDTFGVR,,,0
MB1,866-874,AWLNLFENK,2.05204e+06,8.05059e+06,20.3119
MB1,882-897,DYGKEEREAQWALAQR,298275,1.56459e+06,16.0116
MB1,889-897,EAQWALAQR,3.92871e+07,1.7482e+08,18.3493
MB1,906-914,EAVNIFPEK,7.92768e+07,9.29022e+07,46.0432
MB1,906-918,EAVNIFPEKGSYR,2.23899e+07,1.06345e+08,17.3923
MB1,915-928,GSYRELSEIAEQAK,,1.88434e+06,0
MB1,915-929,GSYRELSEIAEQAKR,608024,2.94746e+06,17.101
MB1,919-928,ELSEIAEQAK,3.31828e+07,3.52077e+07,48.5196
MB1,919-929,ELSEIAEQAKR,1.26815e+07,3.93541e+07,24.3708
MB1,944-951,GHVESVVK,129102,7.17301e+06,1.76801
MB1,952-965,LKGLDIETPSHYTV,263350,3.20551e+06,7.59183
MB1,954-965,GLDIETPSHYTV,2.49356e+06,19500619,11.3374

Replicate Filename,Position in Master Protein,Master Peptide Sequence,Labeled,Unlabeled,% labeled
MB20,1-9,MWSHPQFEK,299072,3.18628e+06,8.58083
MB20,10-44,SYPYDVPDYASLEDIKNETVDLEKIPIEEVFQQLK,,,0
MB20,34-44,IPIEEVFQQLK,588623,2.92656e+06,16.7452
MB20,48-58,EGLTTQEGEDR,757881,,100
MB20,48-70,EGLTTQEGEDRIQIFGPNKLEEK,4.59794e+06,4.82421e+06,48.7993
MB20,59-70,IQIFGPNKLEEK,2.05742e+06,5.75924e+06,26.321
MB20,59-71,IQIFGPNKLEEKK,93010.5,,100
MB20,151-174,VLRDGKWSEQEAAILVPGDIVSIK,1.72552e+06,3.39331e+06,33.7093
MB20,154-174,DGKWSEQEAAILVPGDIVSIK,2.52857e+06,3.97311e+06,38.891
MB20,157-174,WSEQEAAILVPGDIVSIK,6.00109e+06,7.1831e+06,45.5173
MB20,175-184,LGDIIPADAR,2.68042e+08,4.73645e+07,84.983
MB20,185-207,LLEGDPLKVDQSALTGESLPVTK,2.45191e+07,17532728,58.3069
MB20,185-220,LLEGDPLKVDQSALTGESLPVTKHPGQEVFSGSTCK,116099,1.23064e+06,8.62075
MB20,193-207,VDQSALTGESLPVTK,,,0
MB20,208-220,HPGQEVFSGSTCK,,,0
MB20,208-239,HPGQEVFSGSTCKQGEIEAVVIATGVHTFFGK,0,368545,0
MB20,221-239,QGEIEAVVIATGVHTFFGK,9.22964e+06,4.59413e+07,16.7292
MB20,240-255,AAHLVDSTNQVGHFQK,511111,1.16522e+07,4.20207
MB20,356-368,LSVDKNLVEVFCK,2.19636e+07,1.02055e+07,68.2755
MB20,361-368,NLVEVFCK,,,0
MB20,369-384,GVEKDQVLLFAAMASR,2.29193e+06,5.84038e+06,28.183
MB20,385-403,VENQDAIDAAMVGMLADPK,948723,410696,69.7889
MB20,407-423,AGIREVHFLPFNPVDKR,8.49767e+06,3.02823e+07,21.9125
MB20,411-423,EVHFLPFNPVDKR,3.28337e+07,5.60909e+07,36.9231
MB20,424-437,TALTYIDGSGNWHR,8.07607e+06,1.80671e+08,4.27878
MB20,438-451,VSKGAPEQILELAK,,2.25769e+08,0
MB20,441-451,GAPEQILELAK,1.55331e+08,191979172,44.724
MB20,459-466,KVLSIIDK,2.57976e+06,3.39908e+06,43.1482
MB20,459-470,KVLSIIDKYAER,1.72905e+07,9.12792e+06,65.4487
MB20,460-470,VLSIIDKYAER,5.60402e+07,7.43811e+07,42.9686
MB20,517-525,ALNLGVNVK,,186714572,0
MB20,526-536,MITGDQLAIGK,9.92843e+06,1.78001e+07,35.8058
MB20,526-540,MITGDQLAIGKETGR,,1.84774e+06,0
MB20,542-559,LGMGTNMYPSSALLGTHK,,4.8008e+06,0
MB20,560-574,DANLASIPVEELIEK,818623,1.73908e+06,32.0062
MB20,560-586,DANLASIPVEELIEKADGFAGVFPEHK,,605618,0
MB20,575-586,ADGFAGVFPEHK,,3.61198e+06,0
MB20,575-591,ADGFAGVFPEHKYEIVK,976539,1.21272e+07,7.45237
MB20,575-592,ADGFAGVFPEHKYEIVKK,685403,3.20688e+06,17.6093
MB20,597-614,KHIVGMTGDGVNDAPALK,720273,3.77445e+06,16.0249
MB20,597-615,KHIVGMTGDGVNDAPALKK,75280.5,,100
MB20,598-614,HIVGMTGDGVNDAPALK,293087,1.59857e+06,15.4937
MB20,615-630,KADIGIAVADATDAAR,5.34366e+07,4.68318e+07,53.2936
MB20,616-630,ADIGIAVADATDAAR,2.78258e+07,17400147,61.5262
MB20,631-653,GASDIVLTEPGLSVIISAVLTSR,,10949606,0
MB20,751-761,TDFFSDTFGVR,808486,,100
MB20,866-874,AWLNLFENK,,,0
MB20,882-897,DYGKEEREAQWALAQR,1.49572e+06,1159305,56.3354
MB20,889-897,EAQWALAQR,1.34538e+07,93448128,12.5852
MB20,906-914,EAVNIFPEK,46523987,4.34125e+07,51.7298
MB20,906-918,EAVNIFPEKGSYR,9.94243e+06,3.61388e+07,21.5759
MB20,915-928,GSYRELSEIAEQAK,116753,,100
MB20,915-929,GSYRELSEIAEQAKR,267236,914552,22.6129
MB20,919-928,ELSEIAEQAK,1.57732e+07,1.28222e+07,55.1599
MB20,919-929,ELSEIAEQAKR,4316403,7.81174e+06,35.59
MB20,944-951,GHVESVVK,,1.01263e+06,0
MB20,952-965,LKGLDIETPSHYTV,,,0
MB20,954-965,GLDIETPSHYTV,397007,14902895,2.59483

Replicate Filename,Position in Master Protein,Master Peptide Sequence,Labeled,Unlabeled,% labeled
MB21,1-9,MWSHPQFEK,,1.59778e+06,0
MB21,10-44,SYPYDVPDYASLEDIKNETVDLEKIPIEEVFQQLK,4.09224e+06,,100
MB21,34-44,IPIEEVFQQLK,289272,1.51607e+06,16.0231
MB21,48-58,EGLTTQEGEDR,805382,280586,74.1626
MB21,48-70,EGLTTQEGEDRIQIFGPNKLEEK,2.17694e+06,449932,82.8719
MB21,59-70,IQIFGPNKLEEK,3.00186e+06,,100
MB21,59-71,IQIFGPNKLEEKK,,,0
MB21,151-174,VLRDGKWSEQEAAILVPGDIVSIK,583734,1.47627e+06,28.3365
MB21,154-174,DGKWSEQEAAILVPGDIVSIK,4.25834e+08,8.68264e+06,98.0018
MB21,157-174,WSEQEAAILVPGDIVSIK,0,2.32218e+07,0
MB21,175-184,LGDIIPADAR,1.18763e+08,23719426,83.3527
MB21,185-207,LLEGDPLKVDQSALTGESLPVTK,6.87766e+06,2.03688e+07,25.2424
MB21,185-220,LLEGDPLKVDQSALTGESLPVTKHPGQEVFSGSTCK,,,0
MB21,193-207,VDQSALTGESLPVTK,569004,1.7175e+06,24.8853
MB21,208-220,HPGQEVFSGSTCK,,,0
MB21,208-239,HPGQEVFSGSTCKQGEIEAVVIATGVHTFFGK,,1.31751e+06,0
MB21,221-239,QGEIEAVVIATGVHTFFGK,2.65738e+06,2.87677e+07,8.45624
MB21,240-255,AAHLVDSTNQVGHFQK,188445,4.77879e+06,3.79376
MB21,356-368,LSVDKNLVEVFCK,8.32817e+06,3.23338e+06,72.0333
MB21,361-368,NLVEVFCK,1.748e+06,,100
MB21,369-384,GVEKDQVLLFAAMASR,535546,623026,46.2247
MB21,385-403,VENQDAIDAAMVGMLADPK,,,0
MB21,407-423,AGIREVHFLPFNPVDKR,1.03138e+06,6.96757e+06,12.8939
MB21,411-423,EVHFLPFNPVDKR,1.0777e+07,3.61713e+07,22.955
MB21,424-437,TALTYIDGSGNWHR,1.88518e+06,5.91435e+07,3.08901
MB21,438-451,VSKGAPEQILELAK,,603498,0
MB21,441-451,GAPEQILELAK,6.12855e+07,83984880,42.1872
MB21,459-466,KVLSIIDK,808620,1.6152e+06,33.3614
MB21,459-470,KVLSIIDKYAER,3.78059e+06,7.66108e+06,33.0423
MB21,460-470,VLSIIDKYAER,1.99911e+07,2.52148e+07,44.2223
MB21,517-525,ALNLGVNVK,1.34391e+07,55463670,19.5044
MB21,526-536,MITGDQLAIGK,4.97349e+06,2.65182e+07,15.793
MB21,526-540,MITGDQLAIGKETGR,94214.8,,100
MB21,542-559,LGMGTNMYPSSALLGTHK,,2.38105e+06,0
MB21,560-574,DANLASIPVEELIEK,271144,1.10659e+06,19.6804
MB21,560-586,DANLASIPVEELIEKADGFAGVFPEHK,772785,1.09084e+06,41.4668
MB21,575-586,ADGFAGVFPEHK,,1.78615e+06,0
MB21,575-591,ADGFAGVFPEHKYEIVK,,7757928,0
MB21,575-592,ADGFAGVFPEHKYEIVKK,,,0
MB21,597-614,KHIVGMTGDGVNDAPALK,,,0
MB21,597-615,KHIVGMTGDGVNDAPALKK,,,0
MB21,598-614,HIVGMTGDGVNDAPALK,,810311,0
MB21,615-630,KADIGIAVADATDAAR,2.60618e+07,2.10814e+07,55.2822
MB21,616-630,ADIGIAVADATDAAR,9.58696e+06,8.82501e+06,52.0692
MB21,631-653,GASDIVLTEPGLSVIISAVLTSR,4.34685e+06,6649827,39.5288
MB21,751-761,TDFFSDTFGVR,,,0
MB21,866-874,AWLNLFENK,,,0
MB21,882-897,DYGKEEREAQWALAQR,,,0
MB21,889-897,EAQWALAQR,5.43547e+06,4.60209e+07,10.5633
MB21,906-914,EAVNIFPEK,2.45772e+07,2.9601e+07,45.3636
MB21,906-918,EAVNIFPEKGSYR,3.50238e+06,1.83261e+07,16.045
MB21,915-928,GSYRELSEIAEQAK,,253023,0
MB21,915-929,GSYRELSEIAEQAKR,76046.4,384109,16.5262
MB21,919-928,ELSEIAEQAK,6.86877e+06,8.18182e+06,45.6379
MB21,919-929,ELSEIAEQAKR,,1.29803e+07,0
MB21,944-951,GHVESVVK,,,0
MB21,952-965,LKGLDIETPSHYTV,,,0
MB21,954-965,GLDIETPSHYTV,,,0

Replicate Filename,Position in Master Protein,Master Peptide Sequence,Labeled,Unlabeled,% labeled
MB22,1-9,MWSHPQFEK,,1.26041e+06,0
MB22,10-44,SYPYDVPDYASLEDIKNETVDLEKIPIEEVFQQLK,,,0
MB22,34-44,IPIEEVFQQLK,,1.32716e+06,0
MB22,48-58,EGLTTQEGEDR,2.24863e+06,,100
MB22,48-70,EGLTTQEGEDRIQIFGPNKLEEK,728748,,100
MB22,59-70,IQIFGPNKLEEK,885593,1.34972e+06,39.6183
MB22,59-71,IQIFGPNKLEEKK,,,0
MB22,151-174,VLRDGKWSEQEAAILVPGDIVSIK,,0,0
MB22,154-174,DGKWSEQEAAILVPGDIVSIK,1.0285e+06,3.14514e+06,24.6428
MB22,157-174,WSEQEAAILVPGDIVSIK,2.85858e+06,,100
MB22,175-184,LGDIIPADAR,6.47468e+07,49505050,56.6702
MB22,185-207,LLEGDPLKVDQSALTGESLPVTK,7.75225e+06,5.0177e+06,60.707
MB22,185-220,LLEGDPLKVDQSALTGESLPVTKHPGQEVFSGSTCK,,508020,0
MB22,193-207,VDQSALTGESLPVTK,904252,1.12775e+06,44.5005
MB22,208-220,HPGQEVFSGSTCK,,,0
MB22,208-239,HPGQEVFSGSTCKQGEIEAVVIATGVHTFFGK,,843005,0
MB22,221-239,QGEIEAVVIATGVHTFFGK,2.47859e+06,13586883,15.4281
MB22,240-255,AAHLVDSTNQVGHFQK,,4.81497e+06,0
MB22,356-368,LSVDKNLVEVFCK,3.27664e+06,4.62499e+06,41.4679
MB22,361-368,NLVEVFCK,,,0
MB22,369-384,GVEKDQVLLFAAMASR,,3.09468e+06,0
MB22,385-403,VENQDAIDAAMVGMLADPK,,,0
MB22,407-423,AGIREVHFLPFNPVDKR,,5.96753e+06,0
MB22,411-423,EVHFLPFNPVDKR,4.99985e+06,2.85141e+07,14.9187
MB22,424-437,TALTYIDGSGNWHR,890547,3.05168e+07,2.83547
MB22,438-451,VSKGAPEQILELAK,,3.4244e+07,0
MB22,441-451,GAPEQILELAK,2.2024e+07,69773742,23.9919
MB22,459-466,KVLSIIDK,353770,2.20919e+06,13.8032
MB22,459-470,KVLSIIDKYAER,3.05242e+06,4.11693e+06,42.576
MB22,460-470,VLSIIDKYAER,1.51668e+07,1.46517e+07,50.8637
MB22,517-525,ALNLGVNVK,4.12976e+06,57449580,6.70641
MB22,526-536,MITGDQLAIGK,1.14581e+07,2.74489e+06,80.6739
MB22,526-540,MITGDQLAIGKETGR,,,0
MB22,542-559,LGMGTNMYPSSALLGTHK,,1.21215e+06,0
MB22,560-574,DANLASIPVEELIEK,142262,830148,14.6298
MB22,560-586,DANLASIPVEELIEKADGFAGVFPEHK,8.26127e+06,1.04778e+06,88.7445
MB22,575-586,ADGFAGVFPEHK,,1.55192e+06,0
MB22,575-591,ADGFAGVFPEHKYEIVK,511969,1.51737e+06,25.2284
MB22,575-592,ADGFAGVFPEHKYEIVKK,,256611,0
MB22,597-614,KHIVGMTGDGVNDAPALK,,668996,0
MB22,597-615,KHIVGMTGDGVNDAPALKK,,,0
MB22,598-614,HIVGMTGDGVNDAPALK,,846665,0
MB22,615-630,KADIGIAVADATDAAR,8.46027e+06,1.41249e+07,37.4594
MB22,616-630,ADIGIAVADATDAAR,4.67066e+06,5.46709e+06,46.072
MB22,631-653,GASDIVLTEPGLSVIISAVLTSR,880410,7.54597e+06,10.4483
MB22,751-761,TDFFSDTFGVR,,,0
MB22,866-874,AWLNLFENK,,,0
MB22,882-897,DYGKEEREAQWALAQR,,,0
MB22,889-897,EAQWALAQR,7.48503e+06,2.65127e+07,22.0163
MB22,906-914,EAVNIFPEK,10588312,1.63596e+07,39.2918
MB22,906-918,EAVNIFPEKGSYR,2.46079e+06,9.60537e+06,20.3941
MB22,915-928,GSYRELSEIAEQAK,,408657,0
MB22,915-929,GSYRELSEIAEQAKR,,,0
MB22,919-928,ELSEIAEQAK,6.88188e+06,6.01676e+06,53.3535
MB22,919-929,ELSEIAEQAKR,,7.15806e+06,0
MB22,944-951,GHVESVVK,,,0
MB22,952-965,LKGLDIETPSHYTV,,,0
MB22,954-965,GLDIETPSHYTV,,1.50062e+06,0

Replicate Filename,Position in Master Protein,Master Peptide Sequence,Labeled,Unlabeled,% labeled
MB23,1-9,MWSHPQFEK,,,0
MB23,10-44,SYPYDVPDYASLEDIKNETVDLEKIPIEEVFQQLK,,335254,0
MB23,34-44,IPIEEVFQQLK,,,0
MB23,48-58,EGLTTQEGEDR,601123,,100
MB23,48-70,EGLTTQEGEDRIQIFGPNKLEEK,,452992,0
MB23,59-70,IQIFGPNKLEEK,,2.08496e+06,0
MB23,59-71,IQIFGPNKLEEKK,,724160,0
MB23,151-174,VLRDGKWSEQEAAILVPGDIVSIK,,2.43833e+06,0
MB23,154-174,DGKWSEQEAAILVPGDIVSIK,187561,0,100
MB23,157-174,WSEQEAAILVPGDIVSIK,3.18384e+06,,100
MB23,175-184,LGDIIPADAR,5.97185e+07,52512572,53.2103
MB23,185-207,LLEGDPLKVDQSALTGESLPVTK,7.44393e+06,1.80768e+06,80.4609
MB23,185-220,LLEGDPLKVDQSALTGESLPVTKHPGQEVFSGSTCK,,,0
MB23,193-207,VDQSALTGESLPVTK,,2.01653e+06,0
MB23,208-220,HPGQEVFSGSTCK,,,0
MB23,208-239,HPGQEVFSGSTCKQGEIEAVVIATGVHTFFGK,,1.8657e+06,0
MB23,221-239,QGEIEAVVIATGVHTFFGK,1.88307e+06,1.24591e+07,13.1296
MB23,240-255,AAHLVDSTNQVGHFQK,,4.13754e+06,0
MB23,356-368,LSVDKNLVEVFCK,7.77971e+06,2.85269e+06,73.1698
MB23,361-368,NLVEVFCK,,1.98379e+06,0
MB23,369-384,GVEKDQVLLFAAMASR,,1.28971e+06,0
MB23,385-403,VENQDAIDAAMVGMLADPK,,,0
MB23,407-423,AGIREVHFLPFNPVDKR,,7.85117e+06,0
MB23,411-423,EVHFLPFNPVDKR,5.72984e+06,2.85078e+07,16.7355
MB23,424-437,TALTYIDGSGNWHR,3.01946e+06,3.23766e+07,8.5305
MB23,438-451,VSKGAPEQILELAK,,6.25538e+07,0
MB23,441-451,GAPEQILELAK,4.58375e+07,79324735,36.6225
MB23,459-466,KVLSIIDK,,2.25485e+06,0
MB23,459-470,KVLSIIDKYAER,3.42029e+06,4.59344e+06,42.6804
MB23,460-470,VLSIIDKYAER,1.2083e+07,1.09537e+07,52.4511
MB23,517-525,ALNLGVNVK,3.14222e+06,,100
MB23,526-536,MITGDQLAIGK,,1.22339e+07,0
MB23,526-540,MITGDQLAIGKETGR,,,0
MB23,542-559,LGMGTNMYPSSALLGTHK,,,0
MB23,560-574,DANLASIPVEELIEK,555679,,100
MB23,560-586,DANLASIPVEELIEKADGFAGVFPEHK,,,0
MB23,575-586,ADGFAGVFPEHK,358531,1.37367e+06,20.698
MB23,575-591,ADGFAGVFPEHKYEIVK,346918,1.46302e+06,19.1674
MB23,575-592,ADGFAGVFPEHKYEIVKK,,,0
MB23,597-614,KHIVGMTGDGVNDAPALK,,,0
MB23,597-615,KHIVGMTGDGVNDAPALKK,,,0
MB23,598-614,HIVGMTGDGVNDAPALK,,321047,0
MB23,615-630,KADIGIAVADATDAAR,1.26456e+07,1.50947e+07,45.5857
MB23,616-630,ADIGIAVADATDAAR,7.96342e+06,5.01255e+06,61.3705
MB23,631-653,GASDIVLTEPGLSVIISAVLTSR,908823,5.69498e+06,13.7621
MB23,751-761,TDFFSDTFGVR,,,0
MB23,866-874,AWLNLFENK,,,0
MB23,882-897,DYGKEEREAQWALAQR,,,0
MB23,889-897,EAQWALAQR,3.95212e+06,2.87649e+07,12.0797
MB23,906-914,EAVNIFPEK,9486947,3.94788e+06,70.6146
MB23,906-918,EAVNIFPEKGSYR,3.12663e+06,9.2007e+06,25.3634
MB23,915-928,GSYRELSEIAEQAK,,,0
MB23,915-929,GSYRELSEIAEQAKR,,,0
MB23,919-928,ELSEIAEQAK,1.04005e+07,7.73502e+06,57.3488
MB23,919-929,ELSEIAEQAKR,,5.23963e+06,0
MB23,944-951,GHVESVVK,,,0
MB23,952-965,LKGLDIETPSHYTV,,452512,0
MB23,954-965,GLDIETPSHYTV,,,0

Replicate Filename,Position in Master Protein,Master Peptide Sequence,Labeled,Unlabeled,% labeled
MB24,1-9,MWSHPQFEK,,1.2362e+06,0
MB24,10-44,SYPYDVPDYASLEDIKNETVDLEKIPIEEVFQQLK,1.72788e+06,,100
MB24,34-44,IPIEEVFQQLK,,,0
MB24,48-58,EGLTTQEGEDR,331128,,100
MB24,48-70,EGLTTQEGEDRIQIFGPNKLEEK,,,0
MB24,59-70,IQIFGPNKLEEK,990516,4.35331e+06,18.5357
MB24,59-71,IQIFGPNKLEEKK,,,0
MB24,151-174,VLRDGKWSEQEAAILVPGDIVSIK,,2633841,0
MB24,154-174,DGKWSEQEAAILVPGDIVSIK,2.05617e+08,3.12284e+06,98.504
MB24,157-174,WSEQEAAILVPGDIVSIK,2.99214e+06,4.67556e+06,39.0227
MB24,175-184,LGDIIPADAR,6.91581e+07,4.64544e+07,59.8189
MB24,185-207,LLEGDPLKVDQSALTGESLPVTK,5.22197e+06,0,100
MB24,185-220,LLEGDPLKVDQSALTGESLPVTKHPGQEVFSGSTCK,,826102,0
MB24,193-207,VDQSALTGESLPVTK,,,0
MB24,208-220,HPGQEVFSGSTCK,,,0
MB24,208-239,HPGQEVFSGSTCKQGEIEAVVIATGVHTFFGK,,1.96839e+06,0
MB24,221-239,QGEIEAVVIATGVHTFFGK,7.53968e+06,4.63559e+07,13.9894
MB24,240-255,AAHLVDSTNQVGHFQK,,4.75942e+06,0
MB24,356-368,LSVDKNLVEVFCK,4.80873e+06,3.43305e+06,58.3458
MB24,361-368,NLVEVFCK,2.1876e+06,,100
MB24,369-384,GVEKDQVLLFAAMASR,819995,1.22733e+06,40.052
MB24,385-403,VENQDAIDAAMVGMLADPK,171357,,100
MB24,407-423,AGIREVHFLPFNPVDKR,,6.34237e+06,0
MB24,411-423,EVHFLPFNPVDKR,4.58426e+06,1.40537e+07,24.5964
MB24,424-437,TALTYIDGSGNWHR,978824,3.24772e+07,2.9257
MB24,438-451,VSKGAPEQILELAK,,214231,0
MB24,441-451,GAPEQILELAK,2.58883e+07,87063870,22.9197
MB24,459-466,KVLSIIDK,1.07453e+06,,100
MB24,459-470,KVLSIIDKYAER,2.46168e+06,4.04513e+06,37.8324
MB24,460-470,VLSIIDKYAER,7.79006e+06,1.0728e+07,42.0674
MB24,517-525,ALNLGVNVK,,104154699,0
MB24,526-536,MITGDQLAIGK,1811489,3.63977e+06,33.2307
MB24,526-540,MITGDQLAIGKETGR,180740,558360,24.4541
MB24,542-559,LGMGTNMYPSSALLGTHK,,1.10786e+06,0
MB24,560-574,DANLASIPVEELIEK,,,0
MB24,560-586,DANLASIPVEELIEKADGFAGVFPEHK,681085,557905,54.971
MB24,575-586,ADGFAGVFPEHK,,1075486,0
MB24,575-591,ADGFAGVFPEHKYEIVK,,4.24795e+06,0
MB24,575-592,ADGFAGVFPEHKYEIVKK,,,0
MB24,597-614,KHIVGMTGDGVNDAPALK,,,0
MB24,597-615,KHIVGMTGDGVNDAPALKK,,577960,0
MB24,598-614,HIVGMTGDGVNDAPALK,,,0
MB24,615-630,KADIGIAVADATDAAR,1.42811e+07,1.58956e+07,47.3249
MB24,616-630,ADIGIAVADATDAAR,4.80688e+06,5.13141e+06,48.3673
MB24,631-653,GASDIVLTEPGLSVIISAVLTSR,,1.03806e+07,0
MB24,751-761,TDFFSDTFGVR,,,0
MB24,866-874,AWLNLFENK,,4239687,0
MB24,882-897,DYGKEEREAQWALAQR,,,0
MB24,889-897,EAQWALAQR,1.37024e+07,2.73527e+07,33.3756
MB24,906-914,EAVNIFPEK,7.02208e+06,30407871,18.7606
MB24,906-918,EAVNIFPEKGSYR,3.79186e+06,6.3822e+06,37.2699
MB24,915-928,GSYRELSEIAEQAK,,,0
MB24,915-929,GSYRELSEIAEQAKR,,355302,0
MB24,919-928,ELSEIAEQAK,5.72823e+06,7.5449e+06,43.1566
MB24,919-929,ELSEIAEQAKR,,5.13314e+06,0
MB24,944-951,GHVESVVK,,,0
MB24,952-965,LKGLDIETPSHYTV,,,0
MB24,954-965,GLDIETPSHYTV,,,0

Replicate Filename,Position in Master Protein,Master Peptide Sequence,Labeled,Unlabeled,% labeled
MB2,1-9,MWSHPQFEK,299072,2.40165e+06,11.0738
MB2,10-44,SYPYDVPDYASLEDIKNETVDLEKIPIEEVFQQLK,1.26894e+06,134102,90.4421
MB2,34-44,IPIEEVFQQLK,508124,2.5531e+06,16.5987
MB2,48-58,EGLTTQEGEDR,1.62805e+06,140293,92.0664
MB2,48-70,EGLTTQEGEDRIQIFGPNKLEEK,4.50015e+06,1.27775e+06,77.8856
MB2,59-70,IQIFGPNKLEEK,1.80216e+06,6.04307e+06,22.9714
MB2,59-71,IQIFGPNKLEEKK,93010.5,80462.2,53.6168
MB2,151-174,VLRDGKWSEQEAAILVPGDIVSIK,1.41017e+06,3.18675e+06,30.6764
MB2,154-174,DGKWSEQEAAILVPGDIVSIK,2.05256e+08,6.45862e+06,96.9494
MB2,157-174,WSEQEAAILVPGDIVSIK,4.83977e+06,8.74187e+06,35.6347
MB2,175-184,LGDIIPADAR,2.07776e+08,1.16758e+08,64.0229
MB2,185-207,LLEGDPLKVDQSALTGESLPVTK,1.80159e+07,1.7102e+07,51.3012
MB2,185-220,LLEGDPLKVDQSALTGESLPVTKHPGQEVFSGSTCK,116099,966994,10.7192
MB2,193-207,VDQSALTGESLPVTK,392011,1.99877e+06,16.3968
MB2,208-220,HPGQEVFSGSTCK,,,0
MB2,208-239,HPGQEVFSGSTCKQGEIEAVVIATGVHTFFGK,0,1.55954e+06,0
MB2,221-239,QGEIEAVVIATGVHTFFGK,8.69291e+06,3.90771e+07,18.1974
MB2,240-255,AAHLVDSTNQVGHFQK,349778,9.16836e+06,3.67486
MB2,356-368,LSVDKNLVEVFCK,1.7495e+07,6.76639e+06,72.1105
MB2,361-368,NLVEVFCK,1.13672e+06,661264,63.2219
MB2,369-384,GVEKDQVLLFAAMASR,1.56249e+06,5.07331e+06,23.5464
MB2,385-403,VENQDAIDAAMVGMLADPK,926911,410696,69.2962
MB2,407-423,AGIREVHFLPFNPVDKR,6.23882e+06,1.54111e+07,28.8168
MB2,411-423,EVHFLPFNPVDKR,1.83676e+07,48842062,27.3288
MB2,424-437,TALTYIDGSGNWHR,6.75298e+06,1.22007e+08,5.24463
MB2,438-451,VSKGAPEQILELAK,,866515,0
MB2,441-451,GAPEQILELAK,9.85409e+07,1.29283e+08,43.2531
MB2,459-466,KVLSIIDK,1.85661e+06,3.26949e+06,36.2188
MB2,459-470,KVLSIIDKYAER,1.27074e+07,1.2606e+07,50.2003
MB2,460-470,VLSIIDKYAER,3.91236e+07,4.43364e+07,46.8771
MB2,517-525,ALNLGVNVK,7.98671e+06,103571553,7.15923
MB2,526-536,MITGDQLAIGK,7.73727e+06,2.3951e+07,24.4168
MB2,526-540,MITGDQLAIGKETGR,95671.6,1.38293e+06,6.47041
MB2,542-559,LGMGTNMYPSSALLGTHK,,3.1524e+06,0
MB2,560-574,DANLASIPVEELIEK,786048,1.83791e+06,29.9566
MB2,560-586,DANLASIPVEELIEKADGFAGVFPEHK,1.84278e+06,1.04242e+06,63.8701
MB2,575-586,ADGFAGVFPEHK,89632.8,2.79858e+06,3.1034
MB2,575-591,ADGFAGVFPEHKYEIVK,1.26377e+06,7.93259e+06,13.7421
MB2,575-592,ADGFAGVFPEHKYEIVKK,456935,1.45383e+06,23.9137
MB2,597-614,KHIVGMTGDGVNDAPALK,538873,2.18983e+06,19.7483
MB2,597-615,KHIVGMTGDGVNDAPALKK,75280.5,159232,32.1008
MB2,598-614,HIVGMTGDGVNDAPALK,195392,1.17267e+06,14.2824
MB2,615-630,KADIGIAVADATDAAR,4.07075e+07,3.06069e+07,57.0817
MB2,616-630,ADIGIAVADATDAAR,2.0985e+07,1.34548e+07,60.9324
MB2,631-653,GASDIVLTEPGLSVIISAVLTSR,1.53005e+06,1.25326e+07,10.8802
MB2,751-761,TDFFSDTFGVR,202121,,100
MB2,866-874,AWLNLFENK,,1.05992e+06,0
MB2,882-897,DYGKEEREAQWALAQR,1.07852e+06,1159305,48.195
MB2,889-897,EAQWALAQR,1.57214e+07,5.43968e+07,22.4213
MB2,906-914,EAVNIFPEK,3.54792e+07,3.10567e+07,53.3234
MB2,906-918,EAVNIFPEKGSYR,8.71067e+06,2.8983e+07,23.1091
MB2,915-928,GSYRELSEIAEQAK,116753,227061,33.9582
MB2,915-929,GSYRELSEIAEQAKR,228855,699745,24.6452
MB2,919-928,ELSEIAEQAK,1.11256e+07,1.2271e+07,47.5522
MB2,919-929,ELSEIAEQAKR,3.50281e+06,9.59809e+06,26.7372
MB2,944-951,GHVESVVK,,1.01263e+06,0
MB2,952-965,LKGLDIETPSHYTV,,181005,0
MB2,954-965,GLDIETPSHYTV,397007,7.46178e+06,5.05176

Replicate Filename,Position in Master Protein,Master Peptide Sequence,Labeled,Unlabeled,% labeled
MB3,1-9,MWSHPQFEK,,,0
MB3,10-44,SYPYDVPDYASLEDIKNETVDLEKIPIEEVFQQLK,,,0
MB3,34-44,IPIEEVFQQLK,,,0
MB3,48-58,EGLTTQEGEDR,82324.3,,100
MB3,48-70,EGLTTQEGEDRIQIFGPNKLEEK,,133310,0
MB3,59-70,IQIFGPNKLEEK,,907774,0
MB3,59-71,IQIFGPNKLEEKK,,68550.7,0
MB3,151-174,VLRDGKWSEQEAAILVPGDIVSIK,,,0
MB3,154-174,DGKWSEQEAAILVPGDIVSIK,,254618,0
MB3,157-174,WSEQEAAILVPGDIVSIK,,,0
MB3,175-184,LGDIIPADAR,1.98861e+06,7.79036e+06,20.3356
MB3,185-207,LLEGDPLKVDQSALTGESLPVTK,246392,1.18496e+06,17.2139
MB3,185-220,LLEGDPLKVDQSALTGESLPVTKHPGQEVFSGSTCK,,0,0
MB3,193-207,VDQSALTGESLPVTK,,213335,0
MB3,208-220,HPGQEVFSGSTCK,,,0
MB3,208-239,HPGQEVFSGSTCKQGEIEAVVIATGVHTFFGK,,132123,0
MB3,221-239,QGEIEAVVIATGVHTFFGK,,2.01203e+06,0
MB3,240-255,AAHLVDSTNQVGHFQK,,,0
MB3,356-368,LSVDKNLVEVFCK,50355.9,210188,19.3272
MB3,361-368,NLVEVFCK,,,0
MB3,369-384,GVEKDQVLLFAAMASR,,201226,0
MB3,385-403,VENQDAIDAAMVGMLADPK,,33107.6,0
MB3,407-423,AGIREVHFLPFNPVDKR,,366137,0
MB3,411-423,EVHFLPFNPVDKR,150272,1.54729e+06,8.85222
MB3,424-437,TALTYIDGSGNWHR,87950.5,4.12307e+06,2.08858
MB3,438-451,VSKGAPEQILELAK,,3.45897e+07,0
MB3,441-451,GAPEQILELAK,2.19981e+06,6487430,25.3223
MB3,459-466,KVLSIIDK,,,0
MB3,459-470,KVLSIIDKYAER,114925,417913,21.5685
MB3,460-470,VLSIIDKYAER,,883533,0
MB3,517-525,ALNLGVNVK,,7.79054e+06,0
MB3,526-536,MITGDQLAIGK,,1.42206e+06,0
MB3,526-540,MITGDQLAIGKETGR,,57077.7,0
MB3,542-559,LGMGTNMYPSSALLGTHK,,137345,0
MB3,560-574,DANLASIPVEELIEK,45580,,100
MB3,560-586,DANLASIPVEELIEKADGFAGVFPEHK,,,0
MB3,575-586,ADGFAGVFPEHK,,144990,0
MB3,575-591,ADGFAGVFPEHKYEIVK,27534.1,161838,14.5397
MB3,575-592,ADGFAGVFPEHKYEIVKK,,,0
MB3,597-614,KHIVGMTGDGVNDAPALK,,245024,0
MB3,597-615,KHIVGMTGDGVNDAPALKK,,,0
MB3,598-614,HIVGMTGDGVNDAPALK,,,0
MB3,615-630,KADIGIAVADATDAAR,901163,2.7743e+06,24.5184
MB3,616-630,ADIGIAVADATDAAR,96868.3,932254,9.41271
MB3,631-653,GASDIVLTEPGLSVIISAVLTSR,,534234,0
MB3,751-761,TDFFSDTFGVR,,,0
MB3,866-874,AWLNLFENK,,,0
MB3,882-897,DYGKEEREAQWALAQR,,,0
MB3,889-897,EAQWALAQR,546302,2.62684e+06,17.2164
MB3,906-914,EAVNIFPEK,665506,3.39263e+06,16.3993
MB3,906-918,EAVNIFPEKGSYR,78348.4,1.4896e+06,4.99687
MB3,915-928,GSYRELSEIAEQAK,,,0
MB3,915-929,GSYRELSEIAEQAKR,,,0
MB3,919-928,ELSEIAEQAK,295613,1.15783e+06,20.3388
MB3,919-929,ELSEIAEQAKR,,1.16329e+06,0
MB3,944-951,GHVESVVK,,,0
MB3,952-965,LKGLDIETPSHYTV,,,0
MB3,954-965,GLDIETPSHYTV,,804889,0

Replicate Filename,Position in Master Protein,Master Peptide Sequence,Labeled,Unlabeled,% labeled
MB4,1-9,MWSHPQFEK,,,0
MB4,10-44,SYPYDVPDYASLEDIKNETVDLEKIPIEEVFQQLK,,,0
MB4,34-44,IPIEEVFQQLK,,233246,0
MB4,48-58,EGLTTQEGEDR,110072,,100
MB4,48-70,EGLTTQEGEDRIQIFGPNKLEEK,,0,0
MB4,59-70,IQIFGPNKLEEK,,1.21493e+06,0
MB4,59-71,IQIFGPNKLEEKK,,130714,0
MB4,151-174,VLRDGKWSEQEAAILVPGDIVSIK,,152853,0
MB4,154-174,DGKWSEQEAAILVPGDIVSIK,8.20113e+07,318206,99.6135
MB4,157-174,WSEQEAAILVPGDIVSIK,112546,1.19242e+06,8.62444
MB4,175-184,LGDIIPADAR,5.45434e+06,1.09889e+07,33.1707
MB4,185-207,LLEGDPLKVDQSALTGESLPVTK,99089.6,1.8442e+06,5.09907
MB4,185-220,LLEGDPLKVDQSALTGESLPVTKHPGQEVFSGSTCK,,,0
MB4,193-207,VDQSALTGESLPVTK,,287443,0
MB4,208-220,HPGQEVFSGSTCK,,,0
MB4,208-239,HPGQEVFSGSTCKQGEIEAVVIATGVHTFFGK,,157652,0
MB4,221-239,QGEIEAVVIATGVHTFFGK,,2.51627e+06,0
MB4,240-255,AAHLVDSTNQVGHFQK,,,0
MB4,356-368,LSVDKNLVEVFCK,52569.2,597299,8.08921
MB4,361-368,NLVEVFCK,,,0
MB4,369-384,GVEKDQVLLFAAMASR,,362782,0
MB4,385-403,VENQDAIDAAMVGMLADPK,,,0
MB4,407-423,AGIREVHFLPFNPVDKR,,271851,0
MB4,411-423,EVHFLPFNPVDKR,392044,2.35608e+06,14.2659
MB4,424-437,TALTYIDGSGNWHR,153426,2.12656e+06,6.72925
MB4,438-451,VSKGAPEQILELAK,,64042.3,0
MB4,441-451,GAPEQILELAK,3.24771e+06,9319616,25.8425
MB4,459-466,KVLSIIDK,,,0
MB4,459-470,KVLSIIDKYAER,165013,650171,20.2424
MB4,460-470,VLSIIDKYAER,224436,3.032e+06,6.89207
MB4,517-525,ALNLGVNVK,,11285064,0
MB4,526-536,MITGDQLAIGK,338524,1.94988e+06,14.793
MB4,526-540,MITGDQLAIGKETGR,,71842,0
MB4,542-559,LGMGTNMYPSSALLGTHK,,156620,0
MB4,560-574,DANLASIPVEELIEK,,,0
MB4,560-586,DANLASIPVEELIEKADGFAGVFPEHK,,,0
MB4,575-586,ADGFAGVFPEHK,,204391,0
MB4,575-591,ADGFAGVFPEHKYEIVK,,355547,0
MB4,575-592,ADGFAGVFPEHKYEIVKK,,,0
MB4,597-614,KHIVGMTGDGVNDAPALK,,299479,0
MB4,597-615,KHIVGMTGDGVNDAPALKK,,,0
MB4,598-614,HIVGMTGDGVNDAPALK,,107661,0
MB4,615-630,KADIGIAVADATDAAR,898583,3.6716e+06,19.6619
MB4,616-630,ADIGIAVADATDAAR,192185,,100
MB4,631-653,GASDIVLTEPGLSVIISAVLTSR,,1.045e+06,0
MB4,751-761,TDFFSDTFGVR,,,0
MB4,866-874,AWLNLFENK,,,0
MB4,882-897,DYGKEEREAQWALAQR,,,0
MB4,889-897,EAQWALAQR,,4.05096e+06,0
MB4,906-914,EAVNIFPEK,,3863963,0
MB4,906-918,EAVNIFPEKGSYR,127276,2.03035e+06,5.89889
MB4,915-928,GSYRELSEIAEQAK,,,0
MB4,915-929,GSYRELSEIAEQAKR,,,0
MB4,919-928,ELSEIAEQAK,345849,1517479,18.5608
MB4,919-929,ELSEIAEQAKR,104347,1.73868e+06,5.66172
MB4,944-951,GHVESVVK,,,0
MB4,952-965,LKGLDIETPSHYTV,,,0
MB4,954-965,GLDIETPSHYTV,,,0

Replicate Filename,Position in Master Protein,Master Peptide Sequence,Labeled,Unlabeled,% labeled
MB5,1-9,MWSHPQFEK,,578662,0
MB5,10-44,SYPYDVPDYASLEDIKNETVDLEKIPIEEVFQQLK,,,0
MB5,34-44,IPIEEVFQQLK,60771.5,657761,8.45772
MB5,48-58,EGLTTQEGEDR,179946,,100
MB5,48-70,EGLTTQEGEDRIQIFGPNKLEEK,1.1928e+06,481145,71.2568
MB5,59-70,IQIFGPNKLEEK,220562,2.10865e+06,9.46938
MB5,59-71,IQIFGPNKLEEKK,,98481.1,0
MB5,151-174,VLRDGKWSEQEAAILVPGDIVSIK,46934.4,516180,8.33479
MB5,154-174,DGKWSEQEAAILVPGDIVSIK,,0,0
MB5,157-174,WSEQEAAILVPGDIVSIK,129290,1.66579e+06,7.20246
MB5,175-184,LGDIIPADAR,1.43612e+07,3.40947e+07,29.6377
MB5,185-207,LLEGDPLKVDQSALTGESLPVTK,1.23854e+06,4.62256e+06,21.1315
MB5,185-220,LLEGDPLKVDQSALTGESLPVTKHPGQEVFSGSTCK,,209775,0
MB5,193-207,VDQSALTGESLPVTK,,1.27465e+06,0
MB5,208-220,HPGQEVFSGSTCK,,,0
MB5,208-239,HPGQEVFSGSTCKQGEIEAVVIATGVHTFFGK,,166221,0
MB5,221-239,QGEIEAVVIATGVHTFFGK,320671,3.52042e+06,8.34844
MB5,240-255,AAHLVDSTNQVGHFQK,,2732611,0
MB5,356-368,LSVDKNLVEVFCK,1.81603e+06,1.71648e+06,51.4091
MB5,361-368,NLVEVFCK,212741,,100
MB5,369-384,GVEKDQVLLFAAMASR,,1.41745e+06,0
MB5,385-403,VENQDAIDAAMVGMLADPK,,489482,0
MB5,407-423,AGIREVHFLPFNPVDKR,124212,2.1592e+06,5.43975
MB5,411-423,EVHFLPFNPVDKR,1.90407e+06,7.46058e+06,20.3325
MB5,424-437,TALTYIDGSGNWHR,784678,2.59051e+07,2.93999
MB5,438-451,VSKGAPEQILELAK,,8.57524e+07,0
MB5,441-451,GAPEQILELAK,1.19303e+07,32073726,27.1118
MB5,459-466,KVLSIIDK,148400,705285,17.3835
MB5,459-470,KVLSIIDKYAER,808630,2.29206e+06,26.079
MB5,460-470,VLSIIDKYAER,2.20586e+06,1.27247e+07,14.7741
MB5,517-525,ALNLGVNVK,,27653184,0
MB5,526-536,MITGDQLAIGK,460005,5.88955e+06,7.24468
MB5,526-540,MITGDQLAIGKETGR,,,0
MB5,542-559,LGMGTNMYPSSALLGTHK,,720718,0
MB5,560-574,DANLASIPVEELIEK,145372,,100
MB5,560-586,DANLASIPVEELIEKADGFAGVFPEHK,,,0
MB5,575-586,ADGFAGVFPEHK,,438123,0
MB5,575-591,ADGFAGVFPEHKYEIVK,,1.92277e+06,0
MB5,575-592,ADGFAGVFPEHKYEIVKK,,438444,0
MB5,597-614,KHIVGMTGDGVNDAPALK,,760622,0
MB5,597-615,KHIVGMTGDGVNDAPALKK,,,0
MB5,598-614,HIVGMTGDGVNDAPALK,,397614,0
MB5,615-630,KADIGIAVADATDAAR,4.58618e+06,1.09389e+07,29.5405
MB5,616-630,ADIGIAVADATDAAR,2.61762e+06,5240997,33.3089
MB5,631-653,GASDIVLTEPGLSVIISAVLTSR,,398945,0
MB5,751-761,TDFFSDTFGVR,,,0
MB5,866-874,AWLNLFENK,,1.67802e+06,0
MB5,882-897,DYGKEEREAQWALAQR,,,0
MB5,889-897,EAQWALAQR,1.57583e+06,1.18443e+07,11.7423
MB5,906-914,EAVNIFPEK,,8.90593e+06,0
MB5,906-918,EAVNIFPEKGSYR,1.12843e+06,7.12675e+06,13.6694
MB5,915-928,GSYRELSEIAEQAK,,239892,0
MB5,915-929,GSYRELSEIAEQAKR,,232459,0
MB5,919-928,ELSEIAEQAK,1.41979e+06,3.5207e+06,28.7378
MB5,919-929,ELSEIAEQAKR,,2.90804e+06,0
MB5,944-951,GHVESVVK,,537324,0
MB5,952-965,LKGLDIETPSHYTV,,,0
MB5,954-965,GLDIETPSHYTV,,,0

Replicate Filename,Position in Master Protein,Master Peptide Sequence,Labeled,Unlabeled,% labeled
MB6,1-9,MWSHPQFEK,,443440,0
MB6,10-44,SYPYDVPDYASLEDIKNETVDLEKIPIEEVFQQLK,,,0
MB6,34-44,IPIEEVFQQLK,,655248,0
MB6,48-58,EGLTTQEGEDR,183240,,100
MB6,48-70,EGLTTQEGEDRIQIFGPNKLEEK,673948,697185,49.1526
MB6,59-70,IQIFGPNKLEEK,138086,1.37057e+06,9.15291
MB6,59-71,IQIFGPNKLEEKK,,179162,0
MB6,151-174,VLRDGKWSEQEAAILVPGDIVSIK,107406,,100
MB6,154-174,DGKWSEQEAAILVPGDIVSIK,47923.8,,100
MB6,157-174,WSEQEAAILVPGDIVSIK,161027,1.63207e+06,8.98038
MB6,175-184,LGDIIPADAR,7.75906e+06,2.52438e+07,23.5103
MB6,185-207,LLEGDPLKVDQSALTGESLPVTK,902481,4.17194e+06,17.7849
MB6,185-220,LLEGDPLKVDQSALTGESLPVTKHPGQEVFSGSTCK,,271766,0
MB6,193-207,VDQSALTGESLPVTK,,,0
MB6,208-220,HPGQEVFSGSTCK,,,0
MB6,208-239,HPGQEVFSGSTCKQGEIEAVVIATGVHTFFGK,,363065,0
MB6,221-239,QGEIEAVVIATGVHTFFGK,943308,4.83982e+06,16.3114
MB6,240-255,AAHLVDSTNQVGHFQK,,2.83777e+06,0
MB6,356-368,LSVDKNLVEVFCK,1.56058e+06,1.47051e+06,51.4858
MB6,361-368,NLVEVFCK,,,0
MB6,369-384,GVEKDQVLLFAAMASR,37955.8,802984,4.5135
MB6,385-403,VENQDAIDAAMVGMLADPK,,299044,0
MB6,407-423,AGIREVHFLPFNPVDKR,295599,4.76559e+06,5.84051
MB6,411-423,EVHFLPFNPVDKR,1.89441e+06,7.12384e+06,21.0064
MB6,424-437,TALTYIDGSGNWHR,527600,2.76511e+07,1.87234
MB6,438-451,VSKGAPEQILELAK,,6.26684e+07,0
MB6,441-451,GAPEQILELAK,1.14141e+07,26590066,30.0338
MB6,459-466,KVLSIIDK,195199,689821,22.0559
MB6,459-470,KVLSIIDKYAER,1.23769e+06,3.34357e+06,27.0164
MB6,460-470,VLSIIDKYAER,2.91198e+06,1.18648e+07,19.7065
MB6,517-525,ALNLGVNVK,1.85515e+06,22707570,7.55271
MB6,526-536,MITGDQLAIGK,557617,4.68603e+06,10.6341
MB6,526-540,MITGDQLAIGKETGR,,202518,0
MB6,542-559,LGMGTNMYPSSALLGTHK,,708106,0
MB6,560-574,DANLASIPVEELIEK,130936,600456,17.9023
MB6,560-586,DANLASIPVEELIEKADGFAGVFPEHK,,137279,0
MB6,575-586,ADGFAGVFPEHK,,366777,0
MB6,575-591,ADGFAGVFPEHKYEIVK,304342,2.06513e+06,12.8443
MB6,575-592,ADGFAGVFPEHKYEIVKK,,457351,0
MB6,597-614,KHIVGMTGDGVNDAPALK,93151.5,1.17266e+06,7.35903
MB6,597-615,KHIVGMTGDGVNDAPALKK,,,0
MB6,598-614,HIVGMTGDGVNDAPALK,,485931,0
MB6,615-630,KADIGIAVADATDAAR,3.59577e+06,9.25468e+06,27.9817
MB6,616-630,ADIGIAVADATDAAR,1.45504e+06,3579214,28.9028
MB6,631-653,GASDIVLTEPGLSVIISAVLTSR,0,1.05996e+06,0
MB6,751-761,TDFFSDTFGVR,,,0
MB6,866-874,AWLNLFENK,,,0
MB6,882-897,DYGKEEREAQWALAQR,,,0
MB6,889-897,EAQWALAQR,1.21959e+06,9.68814e+06,11.181
MB6,906-914,EAVNIFPEK,636294,6546130,8.85904
MB6,906-918,EAVNIFPEKGSYR,200609,7.0325e+06,2.77348
MB6,915-928,GSYRELSEIAEQAK,32720.9,268800,10.852
MB6,915-929,GSYRELSEIAEQAKR,,243999,0
MB6,919-928,ELSEIAEQAK,1.18685e+06,2.78368e+06,29.8915
MB6,919-929,ELSEIAEQAKR,,2.98394e+06,0
MB6,944-951,GHVESVVK,,511103,0
MB6,952-965,LKGLDIETPSHYTV,,,0
MB6,954-965,GLDIETPSHYTV,,2953995,0

Replicate Filename,Position in Master Protein,Master Peptide Sequence,Labeled,Unlabeled,% labeled
MB7,1-9,MWSHPQFEK,,451979,0
MB7,10-44,SYPYDVPDYASLEDIKNETVDLEKIPIEEVFQQLK,142927,33355.3,81.0785
MB7,34-44,IPIEEVFQQLK,,682769,0
MB7,48-58,EGLTTQEGEDR,,,0
MB7,48-70,EGLTTQEGEDRIQIFGPNKLEEK,796862,757099,51.2794
MB7,59-70,IQIFGPNKLEEK,,1.85001e+06,0
MB7,59-71,IQIFGPNKLEEKK,,187548,0
MB7,151-174,VLRDGKWSEQEAAILVPGDIVSIK,96726.5,908033,9.62683
MB7,154-174,DGKWSEQEAAILVPGDIVSIK,315609,,100
MB7,157-174,WSEQEAAILVPGDIVSIK,171584,1.72983e+06,9.02402
MB7,175-184,LGDIIPADAR,9.35407e+06,2.79339e+07,25.086
MB7,185-207,LLEGDPLKVDQSALTGESLPVTK,1.35094e+06,3.52775e+06,27.6906
MB7,185-220,LLEGDPLKVDQSALTGESLPVTKHPGQEVFSGSTCK,,278633,0
MB7,193-207,VDQSALTGESLPVTK,,,0
MB7,208-220,HPGQEVFSGSTCK,,,0
MB7,208-239,HPGQEVFSGSTCKQGEIEAVVIATGVHTFFGK,,385352,0
MB7,221-239,QGEIEAVVIATGVHTFFGK,580488,4.64125e+06,11.1168
MB7,240-255,AAHLVDSTNQVGHFQK,53718.1,,100
MB7,356-368,LSVDKNLVEVFCK,1.89556e+06,1.62021e+06,53.9159
MB7,361-368,NLVEVFCK,,,0
MB7,369-384,GVEKDQVLLFAAMASR,136251,768782,15.0548
MB7,385-403,VENQDAIDAAMVGMLADPK,,208451,0
MB7,407-423,AGIREVHFLPFNPVDKR,247417,4.08474e+06,5.71117
MB7,411-423,EVHFLPFNPVDKR,3.02736e+06,6.85748e+06,30.6263
MB7,424-437,TALTYIDGSGNWHR,572805,2.93027e+07,1.91731
MB7,438-451,VSKGAPEQILELAK,,3.39927e+07,0
MB7,441-451,GAPEQILELAK,1.19941e+07,31259030,27.73
MB7,459-466,KVLSIIDK,,,0
MB7,459-470,KVLSIIDKYAER,1.64797e+06,3.45044e+06,32.3232
MB7,460-470,VLSIIDKYAER,2.4265e+06,1.21576e+07,16.638
MB7,517-525,ALNLGVNVK,,23842384,0
MB7,526-536,MITGDQLAIGK,419370,4.995e+06,7.7455
MB7,526-540,MITGDQLAIGKETGR,,448024,0
MB7,542-559,LGMGTNMYPSSALLGTHK,,793542,0
MB7,560-574,DANLASIPVEELIEK,,676423,0
MB7,560-586,DANLASIPVEELIEKADGFAGVFPEHK,,,0
MB7,575-586,ADGFAGVFPEHK,,349153,0
MB7,575-591,ADGFAGVFPEHKYEIVK,338459,1.67153e+06,16.8388
MB7,575-592,ADGFAGVFPEHKYEIVKK,,1.15693e+06,0
MB7,597-614,KHIVGMTGDGVNDAPALK,,,0
MB7,597-615,KHIVGMTGDGVNDAPALKK,,258394,0
MB7,598-614,HIVGMTGDGVNDAPALK,0,383347,0
MB7,615-630,KADIGIAVADATDAAR,5.83022e+06,9.40067e+06,38.2789
MB7,616-630,ADIGIAVADATDAAR,926856,3.88945e+06,19.2441
MB7,631-653,GASDIVLTEPGLSVIISAVLTSR,,597009,0
MB7,751-761,TDFFSDTFGVR,,,0
MB7,866-874,AWLNLFENK,,,0
MB7,882-897,DYGKEEREAQWALAQR,,615427,0
MB7,889-897,EAQWALAQR,1.26489e+06,10145889,11.085
MB7,906-914,EAVNIFPEK,4126844,7088352,36.7969
MB7,906-918,EAVNIFPEKGSYR,66200.8,7.29898e+06,0.898835
MB7,915-928,GSYRELSEIAEQAK,,,0
MB7,915-929,GSYRELSEIAEQAKR,28857.9,235282,10.9252
MB7,919-928,ELSEIAEQAK,771359,2.63619e+06,22.6368
MB7,919-929,ELSEIAEQAKR,,1.02962e+06,0
MB7,944-951,GHVESVVK,,393585,0
MB7,952-965,LKGLDIETPSHYTV,,,0
MB7,954-965,GLDIETPSHYTV,,,0

Replicate Filename,Position in Master Protein,Master Peptide Sequence,Labeled,Unlabeled,% labeled
MB8,1-9,MWSHPQFEK,,384424,0
MB8,10-44,SYPYDVPDYASLEDIKNETVDLEKIPIEEVFQQLK,,,0
MB8,34-44,IPIEEVFQQLK,,542973,0
MB8,48-58,EGLTTQEGEDR,,,0
MB8,48-70,EGLTTQEGEDRIQIFGPNKLEEK,521821,,100
MB8,59-70,IQIFGPNKLEEK,,1.65356e+06,0
MB8,59-71,IQIFGPNKLEEKK,,,0
MB8,151-174,VLRDGKWSEQEAAILVPGDIVSIK,134974,0,100
MB8,154-174,DGKWSEQEAAILVPGDIVSIK,1.08529e+07,420602,96.2691
MB8,157-174,WSEQEAAILVPGDIVSIK,332625,2.02082e+06,14.1335
MB8,175-184,LGDIIPADAR,1.22199e+07,2.18837e+07,35.8317
MB8,185-207,LLEGDPLKVDQSALTGESLPVTK,934774,3.59531e+06,20.6348
MB8,185-220,LLEGDPLKVDQSALTGESLPVTKHPGQEVFSGSTCK,,,0
MB8,193-207,VDQSALTGESLPVTK,,,0
MB8,208-220,HPGQEVFSGSTCK,27900.3,,100
MB8,208-239,HPGQEVFSGSTCKQGEIEAVVIATGVHTFFGK,,403655,0
MB8,221-239,QGEIEAVVIATGVHTFFGK,466505,4.35308e+06,9.67936
MB8,240-255,AAHLVDSTNQVGHFQK,,15123,0
MB8,356-368,LSVDKNLVEVFCK,1.02746e+06,1.41584e+06,42.0521
MB8,361-368,NLVEVFCK,227940,,100
MB8,369-384,GVEKDQVLLFAAMASR,,985571,0
MB8,385-403,VENQDAIDAAMVGMLADPK,,148625,0
MB8,407-423,AGIREVHFLPFNPVDKR,357626,1.87764e+06,15.9993
MB8,411-423,EVHFLPFNPVDKR,1.69061e+06,5.23534e+06,24.4098
MB8,424-437,TALTYIDGSGNWHR,656460,2.12734e+07,2.99345
MB8,438-451,VSKGAPEQILELAK,,204382,0
MB8,441-451,GAPEQILELAK,9.82599e+06,23080376,29.8605
MB8,459-466,KVLSIIDK,,506615,0
MB8,459-470,KVLSIIDKYAER,650430,2.43308e+06,21.0938
MB8,460-470,VLSIIDKYAER,1.94354e+06,9.86072e+06,16.4647
MB8,517-525,ALNLGVNVK,,20662412,0
MB8,526-536,MITGDQLAIGK,262302,3.33272e+06,7.29626
MB8,526-540,MITGDQLAIGKETGR,,110158,0
MB8,542-559,LGMGTNMYPSSALLGTHK,,551767,0
MB8,560-574,DANLASIPVEELIEK,,627016,0
MB8,560-586,DANLASIPVEELIEKADGFAGVFPEHK,,142645,0
MB8,575-586,ADGFAGVFPEHK,,257358,0
MB8,575-591,ADGFAGVFPEHKYEIVK,125373,1616277,7.19852
MB8,575-592,ADGFAGVFPEHKYEIVKK,,334568,0
MB8,597-614,KHIVGMTGDGVNDAPALK,,614370,0
MB8,597-615,KHIVGMTGDGVNDAPALKK,,,0
MB8,598-614,HIVGMTGDGVNDAPALK,,301078,0
MB8,615-630,KADIGIAVADATDAAR,4.8572e+06,8.07387e+06,37.5622
MB8,616-630,ADIGIAVADATDAAR,1.24828e+06,2.87462e+06,30.2767
MB8,631-653,GASDIVLTEPGLSVIISAVLTSR,,939005,0
MB8,751-761,TDFFSDTFGVR,,,0
MB8,866-874,AWLNLFENK,,1.73505e+06,0
MB8,882-897,DYGKEEREAQWALAQR,,,0
MB8,889-897,EAQWALAQR,361368,7.88821e+06,4.38044
MB8,906-914,EAVNIFPEK,,6287720,0
MB8,906-918,EAVNIFPEKGSYR,227069,5.17701e+06,4.20181
MB8,915-928,GSYRELSEIAEQAK,,,0
MB8,915-929,GSYRELSEIAEQAKR,,,0
MB8,919-928,ELSEIAEQAK,939597,2.0965e+06,30.9475
MB8,919-929,ELSEIAEQAKR,332470,812675,29.033
MB8,944-951,GHVESVVK,,463488,0
MB8,952-965,LKGLDIETPSHYTV,,319916,0
MB8,954-965,GLDIETPSHYTV,167420,,100

Replicate Filename,Position in Master Protein,Master Peptide Sequence,Labeled,Unlabeled,% labeled
MB9,1-9,MWSHPQFEK,,,0
MB9,10-44,SYPYDVPDYASLEDIKNETVDLEKIPIEEVFQQLK,221611,,100
MB9,34-44,IPIEEVFQQLK,,126013,0
MB9,48-58,EGLTTQEGEDR,,,0
MB9,48-70,EGLTTQEGEDRIQIFGPNKLEEK,,,0
MB9,59-70,IQIFGPNKLEEK,43968.3,340035,11.45
MB9,59-71,IQIFGPNKLEEKK,,,0
MB9,151-174,VLRDGKWSEQEAAILVPGDIVSIK,,,0
MB9,154-174,DGKWSEQEAAILVPGDIVSIK,,97615,0
MB9,157-174,WSEQEAAILVPGDIVSIK,,,0
MB9,175-184,LGDIIPADAR,2.89918e+06,3.23068e+06,47.296
MB9,185-207,LLEGDPLKVDQSALTGESLPVTK,364777,658124,35.661
MB9,185-220,LLEGDPLKVDQSALTGESLPVTKHPGQEVFSGSTCK,,,0
MB9,193-207,VDQSALTGESLPVTK,22406.9,,100
MB9,208-220,HPGQEVFSGSTCK,,,0
MB9,208-239,HPGQEVFSGSTCKQGEIEAVVIATGVHTFFGK,,,0
MB9,221-239,QGEIEAVVIATGVHTFFGK,338248,3.31491e+06,9.25906
MB9,240-255,AAHLVDSTNQVGHFQK,,,0
MB9,356-368,LSVDKNLVEVFCK,275240,253152,52.0901
MB9,361-368,NLVEVFCK,,,0
MB9,369-384,GVEKDQVLLFAAMASR,,,0
MB9,385-403,VENQDAIDAAMVGMLADPK,,,0
MB9,407-423,AGIREVHFLPFNPVDKR,,285352,0
MB9,411-423,EVHFLPFNPVDKR,,936906,0
MB9,424-437,TALTYIDGSGNWHR,,2.18901e+06,0
MB9,438-451,VSKGAPEQILELAK,,,0
MB9,441-451,GAPEQILELAK,1.24979e+06,4348744,22.3235
MB9,459-466,KVLSIIDK,10785.4,,100
MB9,459-470,KVLSIIDKYAER,,356728,0
MB9,460-470,VLSIIDKYAER,167758,1.3079e+06,11.3684
MB9,517-525,ALNLGVNVK,,,0
MB9,526-536,MITGDQLAIGK,,631788,0
MB9,526-540,MITGDQLAIGKETGR,,,0
MB9,542-559,LGMGTNMYPSSALLGTHK,,,0
MB9,560-574,DANLASIPVEELIEK,,,0
MB9,560-586,DANLASIPVEELIEKADGFAGVFPEHK,28678.3,,100
MB9,575-586,ADGFAGVFPEHK,,,0
MB9,575-591,ADGFAGVFPEHKYEIVK,,,0
MB9,575-592,ADGFAGVFPEHKYEIVKK,,,0
MB9,597-614,KHIVGMTGDGVNDAPALK,,,0
MB9,597-615,KHIVGMTGDGVNDAPALKK,,,0
MB9,598-614,HIVGMTGDGVNDAPALK,,,0
MB9,615-630,KADIGIAVADATDAAR,295980,1.05746e+06,21.8687
MB9,616-630,ADIGIAVADATDAAR,,,0
MB9,631-653,GASDIVLTEPGLSVIISAVLTSR,,,0
MB9,751-761,TDFFSDTFGVR,,,0
MB9,866-874,AWLNLFENK,,,0
MB9,882-897,DYGKEEREAQWALAQR,,,0
MB9,889-897,EAQWALAQR,228741,1.34175e+06,14.5649
MB9,906-914,EAVNIFPEK,,1.05551e+06,0
MB9,906-918,EAVNIFPEKGSYR,,173093,0
MB9,915-928,GSYRELSEIAEQAK,,,0
MB9,915-929,GSYRELSEIAEQAKR,,,0
MB9,919-928,ELSEIAEQAK,,,0
MB9,919-929,ELSEIAEQAKR,,,0
MB9,944-951,GHVESVVK,,,0
MB9,952-965,LKGLDIETPSHYTV,,,0
MB9,954-965,GLDIETPSHYTV,,,0

