[-].MWSHPQFEK.[S], M1(OXIDATION), 3, 220419_RERUNJ1.RAW, 155992.703125, 
[K].AAHLVDSTNQVGHFQK.[V], , 3, 220419_RERUNJ1.RAW, 573090.375, 
[K].ADGFAGVFPEHK.[Y], , 2, 220419_RERUNJ1.RAW, 1226296.75, 
[K].ADIGIAVADATDAAR.[G], , 2, 220419_RERUNJ1.RAW, 1683293.25, 
[K].AWLNLFENK.[T], , 2, 220419_RERUNJ1.RAW, 505545.71875, 
[K].DANLASIPVEELIEK.[A], , 2, 220419_RERUNJ1.RAW, 1714733.125, 
[K].DANLASIPVEELIEKADGFAGVFPEHK.[Y], , 3, 220419_RERUNJ1.RAW, 128393.8984375, 
[K].DANLASIPVEELIEKADGFAGVFPEHK.[Y], , 4, 220419_RERUNJ1.RAW, 153257.625, 
[K].EAVNIFPEK.[G], , 2, 220419_RERUNJ1.RAW, 1320297, 
[K].ESPGAPWEFVGLLPLFDPPRHDSAETIR.[R], , 4, 220419_RERUNJ1.RAW, 228833.84375, 
[K].GAPEQILELAK.[A], , 2, 220419_RERUNJ1.RAW, 3253112, 
[K].HPGQEVFSGSTCK.[Q], C12(CARBOXYMETHYL), 2, 220419_RERUNJ1.RAW, 206688.359375, 
[K].KADIGIAVADATDAAR.[G], , 2, 220419_RERUNJ1.RAW, 348370.3125, 
[K].KVLSIIDK.[Y], , 2, 220419_RERUNJ1.RAW, 587885.25, 
[K].LGDIIPADAR.[L], , 2, 220419_RERUNJ1.RAW, 2774874, 
[K].LSVDKNLVEVFCK.[G], C12(CARBOXYMETHYL), 2, 220419_RERUNJ1.RAW, 190520.453125, 
[K].LSVDKNLVEVFCK.[G], C12(CARBOXYMETHYL), 3, 220419_RERUNJ1.RAW, 597474.6875, 
[K].MITGDQLAIGK.[E], M1(OXIDATION), 2, 220419_RERUNJ1.RAW, 637401.625, 
[K].QGEIEAVVIATGVHTFFGK.[A], , 2, 220419_RERUNJ1.RAW, 72748.140625, 
[K].QGEIEAVVIATGVHTFFGK.[A], , 3, 220419_RERUNJ1.RAW, 580245.5, 
[K].RTALTYIDGSGNWHR.[V], , 3, 220419_RERUNJ1.RAW, 402438.625, 
[K].SYPYDVPDYASLEDIKNETVDLEK.[I], , 3, 220419_RERUNJ1.RAW, 162454.296875, 
[K].SYPYDVPDYASLEDIKNETVDLEKIPIEEVFQQLK.[C], , 4, 220419_RERUNJ1.RAW, 578704.75, 
[K].TKESPGAPWEFVGLLPLFDPPR.[H], , 3, 220419_RERUNJ1.RAW, 142403.09375, 
[K].VDQSALTGESLPVTK.[H], , 2, 220419_RERUNJ1.RAW, 835907.5625, 
[K].VLSIIDKYAER.[G], , 2, 220419_RERUNJ1.RAW, 101564.1328125, 
[K].VLSIIDKYAER.[G], , 3, 220419_RERUNJ1.RAW, 218297.734375, 
[K].WSEQEAAILVPGDIVSIK.[L], , 2, 220419_RERUNJ1.RAW, 1084222.5, 
[R].ALNLGVNVK.[M], , 2, 220419_RERUNJ1.RAW, 2138088.75, 
[R].EAQWALAQR.[T], , 2, 220419_RERUNJ1.RAW, 1525111, 
[R].EGLTTQEGEDR.[I], , 2, 220419_RERUNJ1.RAW, 243871.359375, 
[R].EGLTTQEGEDRIQIFGPNK.[L], , 3, 220419_RERUNJ1.RAW, 310212.84375, 
[R].EGLTTQEGEDRIQIFGPNKLEEK.[K], , 3, 220419_RERUNJ1.RAW, 180702.828125, 
[R].EGLTTQEGEDRIQIFGPNKLEEK.[K], Q6(DEAMIDATED), 3, 220419_RERUNJ1.RAW, , 
[R].EVHFLPFNPVDK.[R], , 2, 220419_RERUNJ1.RAW, 233016.234375, 
[R].EVHFLPFNPVDK.[R], , 3, 220419_RERUNJ1.RAW, 1006743.5, 
[R].EVHFLPFNPVDKR.[T], , 3, 220419_RERUNJ1.RAW, 603445.375, 
[R].IQIFGPNKLEEK.[K], , 3, 220419_RERUNJ1.RAW, 775484.875, 
[R].LGMGTNMYPSSALLGTHK.[D], M7(OXIDATION), 3, 220419_RERUNJ1.RAW, 174552.28125, 
[R].LLEGDPLKVDQSALTGESLPVTK.[H], , 3, 220419_RERUNJ1.RAW, 2523592.25, 
[R].LLEGDPLKVDQSALTGESLPVTK.[H], Q11(DEAMIDATED), 2, 220419_RERUNJ1.RAW, , 
[R].TALTYIDGSGNWHR.[V], , 2, 220419_RERUNJ1.RAW, 436033.46875, 
[R].TALTYIDGSGNWHR.[V], , 3, 220419_RERUNJ1.RAW, 1180780, 
