Annotated Sequence,Modifications,Charge,Spectrum File,Precursor Abundance,GEE?
[-].mWSHPQFEK.[S],M1(Oxidation),3,220419_rerunJ1.raw,155992.703125,
[K].AAHLVDSTNQVGHFQK.[V],,3,220419_rerunJ1.raw,573090.375,
[K].ADGFAGVFPEHK.[Y],,2,220419_rerunJ1.raw,1226296.75,
[K].ADIGIAVADATDAAR.[G],,2,220419_rerunJ1.raw,1683293.25,
[K].AWLNLFENK.[T],,2,220419_rerunJ1.raw,505545.71875,
[K].DANLASIPVEELIEK.[A],,2,220419_rerunJ1.raw,1714733.125,
[K].DANLASIPVEELIEKADGFAGVFPEHK.[Y],,3,220419_rerunJ1.raw,128393.8984375,
[K].DANLASIPVEELIEKADGFAGVFPEHK.[Y],,4,220419_rerunJ1.raw,153257.625,
[K].EAVNIFPEK.[G],,2,220419_rerunJ1.raw,1320297,
[K].ESPGAPWEFVGLLPLFDPPRHDSAETIR.[R],,4,220419_rerunJ1.raw,228833.84375,
[K].GAPEQILELAK.[A],,2,220419_rerunJ1.raw,3253112,
[K].HPGQEVFSGSTcK.[Q],C12(Carboxymethyl),2,220419_rerunJ1.raw,206688.359375,
[K].KADIGIAVADATDAAR.[G],,2,220419_rerunJ1.raw,348370.3125,
[K].KVLSIIDK.[Y],,2,220419_rerunJ1.raw,587885.25,
[K].LGDIIPADAR.[L],,2,220419_rerunJ1.raw,2774874,
[K].LSVDKNLVEVFcK.[G],C12(Carboxymethyl),2,220419_rerunJ1.raw,190520.453125,
[K].LSVDKNLVEVFcK.[G],C12(Carboxymethyl),3,220419_rerunJ1.raw,597474.6875,
[K].mITGDQLAIGK.[E],M1(Oxidation),2,220419_rerunJ1.raw,637401.625,
[K].QGEIEAVVIATGVHTFFGK.[A],,2,220419_rerunJ1.raw,72748.140625,
[K].QGEIEAVVIATGVHTFFGK.[A],,3,220419_rerunJ1.raw,580245.5,
[K].RTALTYIDGSGNWHR.[V],,3,220419_rerunJ1.raw,402438.625,
[K].SYPYDVPDYASLEDIKNETVDLEK.[I],,3,220419_rerunJ1.raw,162454.296875,
[K].SYPYDVPDYASLEDIKNETVDLEKIPIEEVFQQLK.[C],,4,220419_rerunJ1.raw,578704.75,
[K].TKESPGAPWEFVGLLPLFDPPR.[H],,3,220419_rerunJ1.raw,142403.09375,
[K].VDQSALTGESLPVTK.[H],,2,220419_rerunJ1.raw,835907.5625,
[K].VLSIIDKYAER.[G],,2,220419_rerunJ1.raw,101564.1328125,
[K].VLSIIDKYAER.[G],,3,220419_rerunJ1.raw,218297.734375,
[K].WSEQEAAILVPGDIVSIK.[L],,2,220419_rerunJ1.raw,1084222.5,
[R].ALNLGVNVK.[M],,2,220419_rerunJ1.raw,2138088.75,
[R].EAQWALAQR.[T],,2,220419_rerunJ1.raw,1525111,
[R].EGLTTQEGEDR.[I],,2,220419_rerunJ1.raw,243871.359375,
[R].EGLTTQEGEDRIQIFGPNK.[L],,3,220419_rerunJ1.raw,310212.84375,
[R].EGLTTQEGEDRIQIFGPNKLEEK.[K],,3,220419_rerunJ1.raw,180702.828125,
[R].EGLTTqEGEDRIQIFGPNKLEEK.[K],Q6(Deamidated),3,220419_rerunJ1.raw,,
[R].EVHFLPFNPVDK.[R],,2,220419_rerunJ1.raw,233016.234375,
[R].EVHFLPFNPVDK.[R],,3,220419_rerunJ1.raw,1006743.5,
[R].EVHFLPFNPVDKR.[T],,3,220419_rerunJ1.raw,603445.375,
[R].IQIFGPNKLEEK.[K],,3,220419_rerunJ1.raw,775484.875,
[R].LGMGTNmYPSSALLGTHK.[D],M7(Oxidation),3,220419_rerunJ1.raw,174552.28125,
[R].LLEGDPLKVDQSALTGESLPVTK.[H],,3,220419_rerunJ1.raw,2523592.25,
[R].LLEGDPLKVDqSALTGESLPVTK.[H],Q11(Deamidated),2,220419_rerunJ1.raw,,
[R].TALTYIDGSGNWHR.[V],,2,220419_rerunJ1.raw,436033.46875,
[R].TALTYIDGSGNWHR.[V],,3,220419_rerunJ1.raw,1180780,
[K].AAHLVDSTNQVGHFQK.[V],,3,220419_rerunJ2.raw,643115.9375,
[K].ADIGIAVADATDAAR.[G],,2,220419_rerunJ2.raw,1562580.625,
[K].ADIGIAVADATdAAR.[G],D12(GEE85),2,220419_rerunJ2.raw,93526.4921875,GEE
[K].DANLASIPVEELIEK.[A],,2,220419_rerunJ2.raw,1340462.5,
[K].DANLASIPVEELIEKADGFAGVFPEHK.[Y],,4,220419_rerunJ2.raw,261780.125,
[K].EAVNIFPEK.[G],,2,220419_rerunJ2.raw,,
[K].GAPEQILELAK.[A],,2,220419_rerunJ2.raw,3379160.5,
[K].GHVESVVK.[L],,2,220419_rerunJ2.raw,712095.75,
[K].HPGQEVFSGSTcK.[Q],C12(Carboxymethyl),2,220419_rerunJ2.raw,226059.6875,
[K].KADIGIAVADATDAAR.[G],,2,220419_rerunJ2.raw,313084.375,
[K].KADIGIAVADATDAAR.[G],,3,220419_rerunJ2.raw,589160.6875,
[K].KVLSIIDK.[Y],,2,220419_rerunJ2.raw,598601.375,
[K].KVLSIIDKYAER.[G],,3,220419_rerunJ2.raw,191420.59375,
[K].LGDIIPADAR.[L],,2,220419_rerunJ2.raw,3976391.5,
[K].LSVDKNLVEVFcK.[G],C12(Carboxymethyl),2,220419_rerunJ2.raw,240177.234375,
[K].LSVDKNLVEVFcK.[G],C12(Carboxymethyl),3,220419_rerunJ2.raw,570190.1875,
[K].QGEIEAVVIATGVHTFFGK.[A],,2,220419_rerunJ2.raw,70693.40625,
[K].QGEIEAVVIATGVHTFFGK.[A],,3,220419_rerunJ2.raw,554786.1875,
[K].RTALTYIDGSGNWHR.[V],,3,220419_rerunJ2.raw,454199.125,
[K].VDQSALTGESLPVTK.[H],,2,220419_rerunJ2.raw,841882.625,
[K].WSEQEAAILVPGDIVSIK.[L],,2,220419_rerunJ2.raw,1055559.375,
[R].EAQWALAQR.[T],,2,220419_rerunJ2.raw,1624887.875,
[R].EGLTTQEGEDR.[I],,2,220419_rerunJ2.raw,211425.484375,
[R].ELSEIAEQAK.[R],,2,220419_rerunJ2.raw,1092955.125,
[R].ELSEIAeQAK.[R],E7(GEE85),2,220419_rerunJ2.raw,104959.046875,GEE
[R].ELSEIAEQAKR.[R],,2,220419_rerunJ2.raw,133313.234375,
[R].ELSEIAEQAKR.[R],,3,220419_rerunJ2.raw,265637.875,
[R].EVHFLPFNPVDK.[R],,2,220419_rerunJ2.raw,222119,
[R].EVHFLPFNPVDK.[R],,3,220419_rerunJ2.raw,866978,
[R].EVHFLPFNPVDKR.[T],,3,220419_rerunJ2.raw,798886.9375,
[R].LGmGTNmYPSSALLGTHK.[D],M3(Oxidation); M7(Oxidation),3,220419_rerunJ2.raw,,
[R].LLEGDPLKVDQSALTGESLPVTK.[H],,2,220419_rerunJ2.raw,147246.515625,
[R].LLEGDPLKVDQSALTGESLPVTK.[H],,3,220419_rerunJ2.raw,2025863,
[R].LLEGDPLKVDqSALTGESLPVTK.[H],Q11(Deamidated),2,220419_rerunJ2.raw,,
[R].RALNLGVNVK.[M],,2,220419_rerunJ2.raw,303317.53125,
[R].TALTYIDGSGNWHR.[V],,2,220419_rerunJ2.raw,465327.125,
[R].TALTYIDGSGNWHR.[V],,3,220419_rerunJ2.raw,1096100.875,
[K].AAHLVDSTNQVGHFQK.[V],,3,220419_rerunJ3.raw,602245.5625,
[K].ADIGIAVADATDAAR.[G],,2,220419_rerunJ3.raw,840895.3125,
[K].ADIGIAVADATdAAR.[G],D12(GEE85),2,220419_rerunJ3.raw,94626.3125,GEE
[K].AWLNLFENK.[T],,2,220419_rerunJ3.raw,321578.5,
[K].DANLASIPVEELIEK.[A],,2,220419_rerunJ3.raw,842138.4375,
[K].EAVNIFPEK.[G],,2,220419_rerunJ3.raw,294551.46875,
[K].ESPGAPWEFVGLLPLFDPPRHDSAETIR.[R],,4,220419_rerunJ3.raw,89305.5859375,
[K].GAPEQILELAK.[A],,2,220419_rerunJ3.raw,3012984,
[K].KADIGIAVADATDAAR.[G],,2,220419_rerunJ3.raw,349878.59375,
[K].KADIGIAVADATDAAR.[G],,3,220419_rerunJ3.raw,621745.25,
[K].KVLSIIDK.[Y],,2,220419_rerunJ3.raw,367128.4375,
[K].LGDIIPADAR.[L],,2,220419_rerunJ3.raw,3466549.75,
[K].LSVDKNLVEVFcK.[G],C12(Carboxymethyl),3,220419_rerunJ3.raw,451580.875,
[K].mITGDQLAIGK.[E],M1(Oxidation),2,220419_rerunJ3.raw,650982.4375,
[K].QGEIEAVVIATGVHTFFGK.[A],,2,220419_rerunJ3.raw,60816.0234375,
[K].QGEIEAVVIATGVHTFFGK.[A],,3,220419_rerunJ3.raw,433198.6875,
[K].RTALTYIDGSGNWHR.[V],,3,220419_rerunJ3.raw,146875.828125,
[K].VDQSALTGESLPVTK.[H],,2,220419_rerunJ3.raw,814603.1875,
[K].VLSIIDKYAER.[G],,2,220419_rerunJ3.raw,133465.8125,
[R].ALNLGVNVK.[M],,2,220419_rerunJ3.raw,4405920.5,
[R].DGKWSEQEAAILVPGDIVSIK.[L],,3,220419_rerunJ3.raw,174282.625,
[R].EAQWALAQR.[T],,2,220419_rerunJ3.raw,1293810.75,
[R].EGLTTQEGEdR.[I],D10(GEE85),2,220419_rerunJ3.raw,71773.734375,GEE
[R].ELSEIAEQAK.[R],,2,220419_rerunJ3.raw,589083.0625,
[R].ELSEIAEQAKR.[R],,2,220419_rerunJ3.raw,123380.5234375,
[R].ELSEIAEQAKR.[R],,3,220419_rerunJ3.raw,268377.625,
[R].EVHFLPFNPVDKR.[T],,3,220419_rerunJ3.raw,921127.5625,
[R].LLEGDPLKVDQSALTGESLPVTK.[H],,3,220419_rerunJ3.raw,1482422.625,
[R].TALTYIDGSGNWHR.[V],,2,220419_rerunJ3.raw,529231.3125,
[R].TALTYIDGSGNWHR.[V],,3,220419_rerunJ3.raw,1234708.25,
[K].AAHLVDSTNQVGHFQK.[V],,3,220419_rerunJ4.raw,1032106.4375,
[K].ADIGIAVADATDAAR.[G],,2,220419_rerunJ4.raw,1411580,
[K].ADIGIAVADATdAAR.[G],D12(GEE85),2,220419_rerunJ4.raw,247378.296875,GEE
[K].ADIGIAVAdATDAAR.[G],D9(GEE85),2,220419_rerunJ4.raw,147507.421875,GEE
[K].AWLNLFENK.[T],,2,220419_rerunJ4.raw,639918.5625,
[K].DANLASIPVEELIEK.[A],,2,220419_rerunJ4.raw,1179458,
[K].DANLASIPVEELIeK.[A],E14(GEE85),2,220419_rerunJ4.raw,265099,GEE
[K].EAVNIFPEK.[G],,2,220419_rerunJ4.raw,1426044.375,
[K].ESPGAPWEFVGLLPLFDPPRHDSAETIR.[R],,4,220419_rerunJ4.raw,155585.84375,
[K].eSPGAPWEFVGLLPLFDPPRHDSAETIR.[R],E1(GEE85),4,220419_rerunJ4.raw,90561.390625,GEE
[K].GAPEQILELAK.[A],,2,220419_rerunJ4.raw,3736842.25,
[K].HPGQEVFSGSTcK.[Q],C12(Carboxymethyl),2,220419_rerunJ4.raw,274212.375,
[K].HPGQEVFSGSTcK.[Q],C12(Carboxymethyl),3,220419_rerunJ4.raw,287632.09375,
[K].IPIEEVFQQLK.[C],,2,220419_rerunJ4.raw,912846.3125,
[K].IPIEeVFQQLK.[C],E5(GEE85),2,220419_rerunJ4.raw,136737.171875,GEE
[K].KADIGIAVADATDAAR.[G],,3,220419_rerunJ4.raw,634112.3125,
[K].KADIGIAVADATdAAR.[G],D13(GEE85),2,220419_rerunJ4.raw,43274.76171875,GEE
[K].KVLSIIDK.[Y],,2,220419_rerunJ4.raw,787798.8125,
[K].LGDIIPADAR.[L],,2,220419_rerunJ4.raw,4619996,
[K].LSVDKNLVEVFcK.[G],C12(Carboxymethyl),2,220419_rerunJ4.raw,70846.0078125,
[K].LSVDKNLVEVFcK.[G],C12(Carboxymethyl),3,220419_rerunJ4.raw,211255.359375,
[K].mITGDQLAIGK.[E],M1(Oxidation),2,220419_rerunJ4.raw,794997,
[K].QGEIEAVVIATGVHTFFGK.[A],,2,220419_rerunJ4.raw,86713.8828125,
[K].QGEIEAVVIATGVHTFFGK.[A],,3,220419_rerunJ4.raw,651600.6875,
[K].RTALTYIDGSGNWHR.[V],,3,220419_rerunJ4.raw,478605.9375,
[K].VDQSALTGESLPVTK.[H],,2,220419_rerunJ4.raw,2369685,
[K].VdQSALTGESLPVTK.[H],D2(GEE85),2,220419_rerunJ4.raw,108246.140625,GEE
[K].VDQSALTGeSLPVTK.[H],E9(GEE85),2,220419_rerunJ4.raw,369363.53125,GEE
[K].WSEQEAAILVPGDIVSIK.[L],,2,220419_rerunJ4.raw,1003980.25,
[R].ALNLGVNVK.[M],,2,220419_rerunJ4.raw,6451384.5,
[R].EAQWALAQR.[T],,2,220419_rerunJ4.raw,2072231.5,
[R].EGLTTQEGEdR.[I],D10(GEE85),2,220419_rerunJ4.raw,115746.6640625,GEE
[R].EGLTTQEGEdR.[I],D10(GEE85),2,220419_rerunJ4.raw,162522.4375,GEE
[R].EGLTTQEGEDRIQIFGPNK.[L],,3,220419_rerunJ4.raw,247122.40625,
[R].ELSEIAEQAK.[R],,2,220419_rerunJ4.raw,941529.625,
[R].ELSeIAEQAK.[R],E4(GEE85),2,220419_rerunJ4.raw,296050.5,GEE
[R].ELSEIAeQAK.[R],E7(GEE85),2,220419_rerunJ4.raw,198364.40625,GEE
[R].ELSEIAEQAKR.[R],,2,220419_rerunJ4.raw,86030.1640625,
[R].EVHFLPFNPVDK.[R],,2,220419_rerunJ4.raw,200877.34375,
[R].EVHFLPFNPVDK.[R],,3,220419_rerunJ4.raw,790862.6875,
[R].EVHFLPFNPVDKR.[T],,3,220419_rerunJ4.raw,129804.03125,
[R].EVHFLPFNPVDKR.[T],,3,220419_rerunJ4.raw,974743.3125,
[R].LLEGDPLKVDQSALTGESLPVTK.[H],,3,220419_rerunJ4.raw,1149114.75,
[R].LSQQGAITK.[R],,2,220419_rerunJ4.raw,828577,
[R].TALTYIDGSGNWHR.[V],,2,220419_rerunJ4.raw,660789.1875,
[R].TALTYIDGSGNWHR.[V],,3,220419_rerunJ4.raw,1419834.375,
[K].AAHLVDSTNQVGHFQK.[V],,3,220419_rerunJ5.raw,1046332.0625,
[K].AAHLVDSTNQVGHFQK.[V],,4,220419_rerunJ5.raw,1020195.8125,
[K].ADGFAGVFPEHK.[Y],,3,220419_rerunJ5.raw,1905795.625,
[K].ADIGIAVADATDAAR.[G],,2,220419_rerunJ5.raw,2374714,
[K].AWLNLFENK.[T],,2,220419_rerunJ5.raw,723331.3125,
[K].DANLASIPVEELIEK.[A],,2,220419_rerunJ5.raw,1962969.25,
[K].DANLASIPVEELIEKADGFAGVFPEHK.[Y],,3,220419_rerunJ5.raw,185990.140625,
[K].DANLASIPVEELIEKADGFAGVFPEHK.[Y],,4,220419_rerunJ5.raw,237645.296875,
[K].EAVNIFPEK.[G],,2,220419_rerunJ5.raw,2011899,
[K].ESPGAPWEFVGLLPLFDPPRHDSAETIR.[R],,4,220419_rerunJ5.raw,323994.3125,
[K].ESPGAPWEFVGLLPLFDPPRHDSAETIRR.[A],,4,220419_rerunJ5.raw,166267.84375,
[K].ESPGAPWEFVGLLPLFDPPRHDSAETIRR.[A],,5,220419_rerunJ5.raw,254606.53125,
[K].GAPEQILELAK.[A],,2,220419_rerunJ5.raw,4289547,
[K].GLDIETPSHYTV.[-],,2,220419_rerunJ5.raw,1397565.5,
[K].HPGQEVFSGSTcK.[Q],C12(Carboxymethyl),2,220419_rerunJ5.raw,309908.53125,
[K].HPGQEVFSGSTcK.[Q],C12(Carboxymethyl),3,220419_rerunJ5.raw,292848,
[K].KADIGIAVADATDAAR.[G],,2,220419_rerunJ5.raw,679051.0625,
[K].KADIGIAVADATDAAR.[G],,3,220419_rerunJ5.raw,1234822.25,
[K].KVLSIIDK.[Y],,2,220419_rerunJ5.raw,1163657,
[K].LGDIIPADAR.[L],,2,220419_rerunJ5.raw,4701972,
[K].LSVDKNLVEVFcK.[G],C12(Carboxymethyl),2,220419_rerunJ5.raw,293161.1875,
[K].LSVDKNLVEVFcK.[G],C12(Carboxymethyl),3,220419_rerunJ5.raw,621260.375,
[K].mITGDQLAIGK.[E],M1(Oxidation),2,220419_rerunJ5.raw,703106.375,
[K].NLVEVFcK.[G],C7(Carboxymethyl),2,220419_rerunJ5.raw,894153.25,
[K].QGEIEAVVIATGVHTFFGK.[A],,2,220419_rerunJ5.raw,109075.3515625,
[K].QGEIEAVVIATGVHTFFGK.[A],,3,220419_rerunJ5.raw,806770.4375,
[K].RTALTYIDGSGNWHR.[V],,3,220419_rerunJ5.raw,573403.125,
[K].SYPYDVPDYASLEDIKNETVDLEKIPIEEVFQQLK.[C],,4,220419_rerunJ5.raw,1055888.875,
[R].EAQWALAQR.[T],,2,220419_rerunJ5.raw,2124311.75,
[R].EGLTTQEGEDR.[I],,2,220419_rerunJ5.raw,513463.5,
[R].EGLTTQEGEDRIQIFGPNK.[L],,3,220419_rerunJ5.raw,315109.09375,
[R].EGLTTQEGEDRIQIFGPNKLEEK.[K],,4,220419_rerunJ5.raw,455067.875,
[R].EGLTTqEGEDRIQIFGPNKLEEK.[K],Q6(Deamidated),3,220419_rerunJ5.raw,,
[R].ELSEIAEQAK.[R],,2,220419_rerunJ5.raw,1778514.5,
[R].ELSEIAEQAKR.[R],,2,220419_rerunJ5.raw,193189.046875,
[R].ELSEIAEQAKR.[R],,3,220419_rerunJ5.raw,350137.21875,
[R].EVHFLPFNPVDK.[R],,2,220419_rerunJ5.raw,327913.59375,
[R].EVHFLPFNPVDK.[R],,3,220419_rerunJ5.raw,1220691.125,
[R].EVHFLPFNPVDKR.[T],,3,220419_rerunJ5.raw,924341,
[R].LLEGDPLKVDQSALTGESLPVTK.[H],,3,220419_rerunJ5.raw,2678688.25,
[R].LSQQGAITK.[R],,2,220419_rerunJ5.raw,845343.5625,
[R].TALTYIDGSGNWHR.[V],,2,220419_rerunJ5.raw,484993.03125,
[R].TALTYIDGSGNWHR.[V],,3,220419_rerunJ5.raw,1099229.25,
[K].AAHLVDSTNQVGHFQK.[V],,3,220419_rerunJ6.raw,787729.75,
[K].AAHLVDSTNQVGHFQK.[V],,4,220419_rerunJ6.raw,854518.0625,
[K].ADGFAGVFPEHK.[Y],,3,220419_rerunJ6.raw,1374192.5,
[K].ADIGIAVADATDAAR.[G],,2,220419_rerunJ6.raw,1377838.875,
[K].ADIGIAVAdATDAAR.[G],D9(GEE85),2,220419_rerunJ6.raw,96564.8671875,GEE
[K].AWLNLFENK.[T],,2,220419_rerunJ6.raw,489180.21875,
[K].DANLASIPVEELIEK.[A],,2,220419_rerunJ6.raw,1037595.6875,
[K].EAVNIFPEK.[G],,2,220419_rerunJ6.raw,1348432.875,
[K].ESPGAPWEFVGLLPLFDPPRHDSAETIR.[R],,4,220419_rerunJ6.raw,137045.203125,
[K].GAPEQILELAK.[A],,2,220419_rerunJ6.raw,2759291.25,
[K].GLDIETPSHYTV.[-],,2,220419_rerunJ6.raw,770460.8125,
[K].HPGQEVFSGSTcK.[Q],C12(Carboxymethyl),2,220419_rerunJ6.raw,195973.078125,
[K].HPGQEVFSGSTcK.[Q],C12(Carboxymethyl),3,220419_rerunJ6.raw,186369.203125,
[K].IPIEEVFQQLK.[C],,2,220419_rerunJ6.raw,596771.1875,
[K].KADIGIAVADATDAAR.[G],,3,220419_rerunJ6.raw,644710.4375,
[K].KVLSIIDK.[Y],,2,220419_rerunJ6.raw,1200369.25,
[K].LGDIIPADAR.[L],,2,220419_rerunJ6.raw,3536206,
[K].LSVDKNLVEVFcK.[G],C12(Carboxymethyl),3,220419_rerunJ6.raw,290082.65625,
[K].mITGDQLAIGK.[E],M1(Oxidation),2,220419_rerunJ6.raw,491833.84375,
[K].QGEIEAVVIATGVHTFFGK.[A],,3,220419_rerunJ6.raw,555430.625,
[K].RTALTYIDGSGNWHR.[V],,3,220419_rerunJ6.raw,388271.53125,
[K].SYPYDVPDYASLEDIKNETVDLEK.[I],,3,220419_rerunJ6.raw,108594.9609375,
[K].TKESPGAPWEFVGLLPLFDPPR.[H],,3,220419_rerunJ6.raw,109067.765625,
[K].VDQSALTGESLPVTK.[H],,2,220419_rerunJ6.raw,1131636.125,
[R].ALNLGVNVK.[M],,2,220419_rerunJ6.raw,4323459.5,
[R].EAQWALAQR.[T],,2,220419_rerunJ6.raw,1415855.375,
[R].EGLTTQEGEdR.[I],D10(GEE85),2,220419_rerunJ6.raw,62594.7109375,GEE
[R].ELSEIAEQAK.[R],,2,220419_rerunJ6.raw,983807.3125,
[R].ELSEIAEQAKR.[R],,2,220419_rerunJ6.raw,99410.7421875,
[R].ELSEIAEQAKR.[R],,3,220419_rerunJ6.raw,188743.328125,
[R].EVHFLPFNPVDK.[R],,2,220419_rerunJ6.raw,211424.578125,
[R].EVHFLPFNPVDK.[R],,3,220419_rerunJ6.raw,772059.75,
[R].EVHFLPFNPVDKR.[T],,3,220419_rerunJ6.raw,646386.8125,
[R].IQIFGPNKLEEK.[K],,3,220419_rerunJ6.raw,1022956.9375,
[R].LLEGDPLKVDQSALTGESLPVTK.[H],,3,220419_rerunJ6.raw,1445029.75,
[R].TALTYIDGSGNWHR.[V],,2,220419_rerunJ6.raw,411501.96875,
[R].TALTYIDGSGNWHR.[V],,3,220419_rerunJ6.raw,904011.625,
[K].AAHLVDSTNQVGHFQK.[V],,3,220419_rerunJ7.raw,724844.875,
[K].AAHLVDSTNQVGHFQK.[V],,4,220419_rerunJ7.raw,693401.4375,
[K].ADGFAGVFPEHK.[Y],,3,220419_rerunJ7.raw,1275193.25,
[K].ADIGIAVADATDAAR.[G],,2,220419_rerunJ7.raw,1035155.125,
[K].ADIGIAVADATdAAR.[G],D12(GEE85),2,220419_rerunJ7.raw,131375.796875,GEE
[K].DANLASIPVEELIEK.[A],,2,220419_rerunJ7.raw,876228.0625,
[K].EAVNIFPEK.[G],,2,220419_rerunJ7.raw,1098435.75,
[K].GAPEQILELAK.[A],,2,220419_rerunJ7.raw,2460906.25,
[K].GVEKDQVLLFAAMASR.[V],,3,220419_rerunJ7.raw,94666.4375,
[K].IPIEEVFQQLK.[C],,2,220419_rerunJ7.raw,628105.6875,
[K].KADIGIAVADATDAAR.[G],,2,220419_rerunJ7.raw,255193.296875,
[K].KADIGIAVADATDAAR.[G],,3,220419_rerunJ7.raw,556932.3125,
[K].KVLSIIDK.[Y],,2,220419_rerunJ7.raw,667459.125,
[K].LGDIIPADAR.[L],,2,220419_rerunJ7.raw,3395562,
[K].LSVDKNLVEVFcK.[G],C12(Carboxymethyl),2,220419_rerunJ7.raw,117057.8515625,
[K].LSVDKNLVEVFcK.[G],C12(Carboxymethyl),3,220419_rerunJ7.raw,305179.5,
[K].mITGDQLAIGK.[E],M1(Oxidation),2,220419_rerunJ7.raw,439989.03125,
[K].QGEIEAVVIATGVHTFFGK.[A],,2,220419_rerunJ7.raw,76034.9609375,
[K].QGEIEAVVIATGVHTFFGK.[A],,3,220419_rerunJ7.raw,375316.375,
[K].RTALTYIDGSGNWHR.[V],,3,220419_rerunJ7.raw,327251.75,
[K].VDQSALTGESLPVTK.[H],,2,220419_rerunJ7.raw,1207972.25,
[K].VDQSALTGeSLPVTK.[H],E9(GEE85),2,220419_rerunJ7.raw,120704.921875,GEE
[K].WSEQEAAILVPGDIVSIK.[L],,2,220419_rerunJ7.raw,753399.8125,
[R].ALNLGVNVK.[M],,2,220419_rerunJ7.raw,4027557.75,
[R].EAQWALAQR.[T],,2,220419_rerunJ7.raw,1423758.5,
[R].EGLTTQEGEdR.[I],D10(GEE85),2,220419_rerunJ7.raw,113188.9921875,GEE
[R].EGLTTQEGEdR.[I],D10(GEE85),2,220419_rerunJ7.raw,87304,GEE
[R].EGLTTQeGEDR.[I],E7(GEE85),2,220419_rerunJ7.raw,111336.046875,GEE
[R].ELSEIAEQAK.[R],,2,220419_rerunJ7.raw,787483.3125,
[R].EVHFLPFNPVDK.[R],,2,220419_rerunJ7.raw,212972.046875,
[R].EVHFLPFNPVDK.[R],,3,220419_rerunJ7.raw,652342,
[R].EVHFLPFNPVDKR.[T],,3,220419_rerunJ7.raw,572881.1875,
[R].IQIFGPNK.[L],,2,220419_rerunJ7.raw,747814,
[R].LLEGDPLKVDQSALTGESLPVTK.[H],,2,220419_rerunJ7.raw,105838.8203125,
[R].LLEGDPLKVDQSALTGESLPVTK.[H],,3,220419_rerunJ7.raw,1267731.75,
[R].LLEGDPLKVDQSALTGeSLPVTK.[H],E17(GEE85),3,220419_rerunJ7.raw,97344.4296875,GEE
[R].TALTYIDGSGNWHR.[V],,2,220419_rerunJ7.raw,476634.46875,
[R].TALTYIDGSGNWHR.[V],,3,220419_rerunJ7.raw,909649.375,
[K].AAHLVDSTNQVGHFQK.[V],,3,220419_rerunJ8.raw,504984.65625,
[K].ADGFAGVFPEHK.[Y],,2,220419_rerunJ8.raw,495970.03125,
[K].ADIGIAVADATDAAR.[G],,2,220419_rerunJ8.raw,730356.6875,
[K].ADIGIAVADATdAAR.[G],D12(GEE85),2,220419_rerunJ8.raw,142719.6875,GEE
[K].AWLNLFENK.[T],,2,220419_rerunJ8.raw,393535.59375,
[K].DANLASIPVEELIEK.[A],,2,220419_rerunJ8.raw,640902.8125,
[K].EAVNIFPEK.[G],,2,220419_rerunJ8.raw,,
[K].GAPEQILELAK.[A],,2,220419_rerunJ8.raw,2176262,
[K].GAPEQILeLAK.[A],E8(GEE85),2,220419_rerunJ8.raw,178326.515625,GEE
[K].IPIEEVFQQLK.[C],,2,220419_rerunJ8.raw,537051.6875,
[K].IPIEeVFQQLK.[C],E5(GEE85),2,220419_rerunJ8.raw,96270.6328125,GEE
[K].KADIGIAVADATDAAR.[G],,2,220419_rerunJ8.raw,170925.28125,
[K].KADIGIAVADATDAAR.[G],,3,220419_rerunJ8.raw,295924.28125,
[K].KVLSIIDK.[Y],,2,220419_rerunJ8.raw,428801.46875,
[K].LGDIIPADAR.[L],,2,220419_rerunJ8.raw,2688400.75,
[K].LSVDKNLVEVFcK.[G],C12(Carboxymethyl),2,220419_rerunJ8.raw,86974.7421875,
[K].LSVDKNLVEVFcK.[G],C12(Carboxymethyl),3,220419_rerunJ8.raw,183035.234375,
[K].mITGDQLAIGK.[E],M1(Oxidation),2,220419_rerunJ8.raw,360144.21875,
[K].QGEIEAVVIATGVHTFFGK.[A],,2,220419_rerunJ8.raw,58153.06640625,
[K].QGEIEAVVIATGVHTFFGK.[A],,3,220419_rerunJ8.raw,291034.78125,
[K].RTALTYIDGSGNWHR.[V],,3,220419_rerunJ8.raw,206413.140625,
[K].VDQSALTGESLPVTK.[H],,2,220419_rerunJ8.raw,1150936.5,
[K].VDQSALTGeSLPVTK.[H],E9(GEE85),2,220419_rerunJ8.raw,180096.75,GEE
[R].ALNLGVNVK.[M],,2,220419_rerunJ8.raw,3385917,
[R].EAQWALAQR.[T],,2,220419_rerunJ8.raw,931313.5625,
[R].EGLTTQEGEdR.[I],D10(GEE85),2,220419_rerunJ8.raw,65423.85546875,GEE
[R].ELSEIAEQAK.[R],,2,220419_rerunJ8.raw,502950.75,
[R].EVHFLPFNPVDK.[R],,2,220419_rerunJ8.raw,140893.953125,
[R].EVHFLPFNPVDK.[R],,3,220419_rerunJ8.raw,424525.09375,
[R].EVHFLPFNPVDKR.[T],,3,220419_rerunJ8.raw,578018.25,
[R].IQIFGPNK.[L],,2,220419_rerunJ8.raw,636469.8125,
[R].LLEGDPLKVDQSALTGESLPVTK.[H],,3,220419_rerunJ8.raw,839550.5625,
[R].LLEGDPLKVDQSALTGeSLPVTK.[H],E17(GEE85),3,220419_rerunJ8.raw,93435.515625,GEE
[R].LLEGDPLKVDqSALTGESLPVTK.[H],Q11(Deamidated),2,220419_rerunJ8.raw,,
[R].TALTYIDGSGNWHR.[V],,2,220419_rerunJ8.raw,449917.9375,
[R].TALTYIDGSGNWHR.[V],,3,220419_rerunJ8.raw,862917.0625,
[K].AAHLVDSTNQVGHFQK.[V],,3,220419_rerunMB1.raw,452956.96875,
[K].ADIGIAVADATDAAR.[G],,2,220419_rerunMB1.raw,1002128.375,
[K].AWLNLFENK.[T],,2,220419_rerunMB1.raw,508290.34375,
[K].DANLASIPVEELIEK.[A],,2,220419_rerunMB1.raw,911084.75,
[K].EAVNIFPEK.[G],,2,220419_rerunMB1.raw,866476.5625,
[K].GAPEQILELAK.[A],,2,220419_rerunMB1.raw,2197019.5,
[K].GLDIETPSHYTV.[-],,2,220419_rerunMB1.raw,876730.5625,
[K].KADIGIAVADATDAAR.[G],,2,220419_rerunMB1.raw,139890.984375,
[K].KADIGIAVADATDAAR.[G],,3,220419_rerunMB1.raw,219919.21875,
[K].LGDIIPADAR.[L],,2,220419_rerunMB1.raw,1977690.875,
[K].LSVDKNLVEVFcK.[G],C12(Carboxymethyl),3,220419_rerunMB1.raw,93669.75,
[K].mITGDQLAIGK.[E],M1(Oxidation),2,220419_rerunMB1.raw,217278.6875,
[K].QGEIEAVVIATGVHTFFGK.[A],,2,220419_rerunMB1.raw,46102.25390625,
[K].QGEIEAVVIATGVHTFFGK.[A],,3,220419_rerunMB1.raw,217997.171875,
[K].RTALTYIDGSGNWHR.[V],,3,220419_rerunMB1.raw,256798.890625,
[K].VDQSALTGESLPVTK.[H],,2,220419_rerunMB1.raw,1212589.625,
[K].WSEQEAAILVPGDIVSIK.[L],,2,220419_rerunMB1.raw,348952.4375,
[R].ALNLGVNVK.[M],,2,220419_rerunMB1.raw,1759041.625,
[R].EAQWALAQR.[T],,2,220419_rerunMB1.raw,706035.5625,
[R].ELSEIAEQAK.[R],,2,220419_rerunMB1.raw,610598.75,
[R].EVHFLPFNPVDK.[R],,2,220419_rerunMB1.raw,178427.546875,
[R].EVHFLPFNPVDK.[R],,3,220419_rerunMB1.raw,597977.1875,
[R].EVHFLPFNPVDKR.[T],,3,220419_rerunMB1.raw,423278.9375,
[R].IQIFGPNKLEEK.[K],,3,220419_rerunMB1.raw,283754.96875,
[R].LLEGDPLKVDQSALTGESLPVTK.[H],,3,220419_rerunMB1.raw,1078323.125,
[R].TALTYIDGSGNWHR.[V],,2,220419_rerunMB1.raw,268158.03125,
[R].TALTYIDGSGNWHR.[V],,3,220419_rerunMB1.raw,633799.5,
[K].AAHLVDSTNQVGHFQK.[V],,3,220419_rerunMB2.raw,407584.53125,
[K].ADIGIAVADATDAAR.[G],,2,220419_rerunMB2.raw,956131.5625,
[K].ADIGIAVADATdAAR.[G],D12(GEE85),2,220419_rerunMB2.raw,66163.3125,GEE
[K].AWLNLFENK.[T],,2,220419_rerunMB2.raw,400808.71875,
[K].DANLASIPVEELIEK.[A],,2,220419_rerunMB2.raw,762360.5,
[K].DANLASIPVEELIEKADGFAGVFPEHK.[Y],,3,220419_rerunMB2.raw,29556.1484375,
[K].EAVNIFPEK.[G],,2,220419_rerunMB2.raw,693595.1875,
[K].GAPEQILELAK.[A],,2,220419_rerunMB2.raw,1968803.875,
[K].IPIEEVFQQLK.[C],,2,220419_rerunMB2.raw,364476,
[K].KADIGIAVADATDAAR.[G],,2,220419_rerunMB2.raw,150628.875,
[K].KADIGIAVADATDAAR.[G],,3,220419_rerunMB2.raw,271930.59375,
[K].LGDIIPADAR.[L],,2,220419_rerunMB2.raw,1947656.875,
[K].LSVDKNLVEVFcK.[G],C12(Carboxymethyl),3,220419_rerunMB2.raw,180181.578125,
[K].mITGDQLAIGK.[E],M1(Oxidation),2,220419_rerunMB2.raw,224194.28125,
[K].QGEIEAVVIATGVHTFFGK.[A],,2,220419_rerunMB2.raw,49761.3671875,
[K].QGEIEAVVIATGVHTFFGK.[A],,3,220419_rerunMB2.raw,290089.75,
[K].RTALTYIDGSGNWHR.[V],,3,220419_rerunMB2.raw,256294.828125,
[K].VDQSALTGESLPVTK.[H],,2,220419_rerunMB2.raw,925440.0625,
[K].WSEQEAAILVPGDIVSIK.[L],,2,220419_rerunMB2.raw,568060.5,
[R].ALNLGVNVK.[M],,2,220419_rerunMB2.raw,2160104.25,
[R].EAQWALAQR.[T],,2,220419_rerunMB2.raw,679923,
[R].ELSEIAEQAK.[R],,2,220419_rerunMB2.raw,439922.9375,
[R].EVHFLPFNPVDK.[R],,2,220419_rerunMB2.raw,148326.5,
[R].EVHFLPFNPVDK.[R],,3,220419_rerunMB2.raw,532775.125,
[R].EVHFLPFNPVDKR.[T],,3,220419_rerunMB2.raw,447855.28125,
[R].IQIFGPNKLEEK.[K],,3,220419_rerunMB2.raw,408708.375,
[R].LLEGDPLKVDQSALTGESLPVTK.[H],,2,220419_rerunMB2.raw,87019,
[R].LLEGDPLKVDQSALTGESLPVTK.[H],,3,220419_rerunMB2.raw,875600.25,
[R].TALTYIDGSGNWHR.[V],,2,220419_rerunMB2.raw,301837.65625,
[R].TALTYIDGSGNWHR.[V],,3,220419_rerunMB2.raw,639438.625,
[K].AAHLVDSTNQVGHFQK.[V],,3,220419_rerunMB3.raw,690394.375,
[K].ADIGIAVADATDAAR.[G],,2,220419_rerunMB3.raw,1104933.625,
[K].ADIGIAVADATdAAR.[G],D12(GEE85),2,220419_rerunMB3.raw,139362.15625,GEE
[K].ADIGIAVADATdAAR.[G],D12(GEE85),2,220419_rerunMB3.raw,87140.421875,GEE
[K].ADIGIAVAdATDAAR.[G],D9(GEE85),2,220419_rerunMB3.raw,87140.421875,GEE
[K].AWLNLFENK.[T],,2,220419_rerunMB3.raw,588755.1875,
[K].DANLASIPVEELIEK.[A],,2,220419_rerunMB3.raw,958237.9375,
[K].EAVNIFPEK.[G],,2,220419_rerunMB3.raw,,
[K].GAPEQILELAK.[A],,2,220419_rerunMB3.raw,2547292,
[K].HPGQEVFSGSTcK.[Q],C12(Carboxymethyl),3,220419_rerunMB3.raw,273825.15625,
[K].IPIEEVFQQLK.[C],,2,220419_rerunMB3.raw,654847.625,
[K].IPIEeVFQQLK.[C],E5(GEE85),2,220419_rerunMB3.raw,112252.390625,GEE
[K].KADIGIAVADATDAAR.[G],,3,220419_rerunMB3.raw,374495.46875,
[K].KVLSIIDK.[Y],,2,220419_rerunMB3.raw,515655.4375,
[K].LGDIIPADAR.[L],,2,220419_rerunMB3.raw,2786971.5,
[K].mITGDQLAIGK.[E],M1(Oxidation),2,220419_rerunMB3.raw,300187.09375,
[K].NLVEVFcK.[G],C7(Carboxymethyl),2,220419_rerunMB3.raw,797655.25,
[K].QGEIEAVVIATGVHTFFGK.[A],,2,220419_rerunMB3.raw,47577.95703125,
[K].QGEIEAVVIATGVHTFFGK.[A],,3,220419_rerunMB3.raw,283417.90625,
[K].QGEIeAVVIATGVHTFFGK.[A],E5(GEE85),3,220419_rerunMB3.raw,44517.06640625,GEE
[K].RTALTYIDGSGNWHR.[V],,3,220419_rerunMB3.raw,317708.3125,
[K].TGTLTLNK.[L],,2,220419_rerunMB3.raw,421770.4375,
[K].VDQSALTGESLPVTK.[H],,2,220419_rerunMB3.raw,1753701.25,
[K].VDQSALTGeSLPVTK.[H],E9(GEE85),2,220419_rerunMB3.raw,224139.734375,GEE
[K].WSEQEAAILVPGDIVSIK.[L],,2,220419_rerunMB3.raw,705697.5625,
[R].EAQWALAQR.[T],,2,220419_rerunMB3.raw,1186626.25,
[R].EGLTTQEGEdR.[I],D10(GEE85),2,220419_rerunMB3.raw,83319.65625,GEE
[R].ELSEIAEQAKR.[R],,2,220419_rerunMB3.raw,58893.6015625,
[R].EVHFLPFNPVDK.[R],,2,220419_rerunMB3.raw,183133.453125,
[R].EVHFLPFNPVDK.[R],,3,220419_rerunMB3.raw,661039.875,
[R].EVHFLPFNPVDKR.[T],,3,220419_rerunMB3.raw,632916.3125,
[R].IQIFGPNK.[L],,2,220419_rerunMB3.raw,1398038.75,
[R].LLEGDPLKVDQSALTGESLPVTK.[H],,2,220419_rerunMB3.raw,92837.90625,
[R].LLEGDPLKVDQSALTGESLPVTK.[H],,3,220419_rerunMB3.raw,923704.375,
[R].LSQQGAITK.[R],,2,220419_rerunMB3.raw,546008.8125,
[R].TALTYIDGSGNWHR.[V],,2,220419_rerunMB3.raw,464890.46875,
[R].TALTYIDGSGNWHR.[V],,3,220419_rerunMB3.raw,917860.8125,
[K].AAHLVDSTNQVGHFQK.[V],,3,220419_rerunMB4.raw,193878.109375,
[K].ADIGIAVADATDAAR.[G],,2,220419_rerunMB4.raw,371460.875,
[K].ADIGIAVADATdAAR.[G],D12(GEE85),2,220419_rerunMB4.raw,56289.375,GEE
[K].AWLNLFENK.[T],,2,220419_rerunMB4.raw,193616.765625,
[K].EAVNIFPEK.[G],,2,220419_rerunMB4.raw,275514.625,
[K].GAPEQILELAK.[A],,2,220419_rerunMB4.raw,995477.4375,
[K].LGDIIPADAR.[L],,2,220419_rerunMB4.raw,818189.125,
[K].LSVDKNLVEVFcK.[G],C12(Carboxymethyl),3,220419_rerunMB4.raw,59665.6015625,
[K].QGEIEAVVIATGVHTFFGK.[A],,3,220419_rerunMB4.raw,124668.3984375,
[K].QGEIeAVVIATGVHTFFGK.[A],E5(GEE85),3,220419_rerunMB4.raw,26170.697265625,GEE
[K].RTALTYIDGSGNWHR.[V],,3,220419_rerunMB4.raw,140331.15625,
[K].VDQSALTGESLPVTK.[H],,2,220419_rerunMB4.raw,629338.5,
[K].WSEQEAAILVPGDIVSIK.[L],,2,220419_rerunMB4.raw,192299.59375,
[R].EAQWALAQR.[T],,2,220419_rerunMB4.raw,273236.09375,
[R].EVHFLPFNPVDK.[R],,2,220419_rerunMB4.raw,61264.0078125,
[R].EVHFLPFNPVDK.[R],,3,220419_rerunMB4.raw,230754.453125,
[R].EVHFLPFNPVDKR.[T],,3,220419_rerunMB4.raw,239229.125,
[R].LLEGDPLKVDQSALTGESLPVTK.[H],,3,220419_rerunMB4.raw,320355.28125,
[R].TALTYIDGSGNWHR.[V],,2,220419_rerunMB4.raw,148546.6875,
[R].TALTYIDGSGNWHR.[V],,3,220419_rerunMB4.raw,386408.96875,
[K].AAHLVDSTNQVGHFQK.[V],,3,220419_rerunMB5.raw,811522.6875,
[K].ADGFAGVFPEHK.[Y],,2,220419_rerunMB5.raw,1013949.5,
[K].ADIGIAVADATDAAR.[G],,2,220419_rerunMB5.raw,1968453.5,
[K].AWLNLFENK.[T],,2,220419_rerunMB5.raw,901981.4375,
[K].DANLASIPVEELIEK.[A],,2,220419_rerunMB5.raw,2118318,
[K].EAVNIFPEK.[G],,2,220419_rerunMB5.raw,1638629.5,
[K].GAPEQILELAK.[A],,2,220419_rerunMB5.raw,3593030.75,
[K].GLDIETPSHYTV.[-],,2,220419_rerunMB5.raw,1316843.75,
[K].HPGQEVFSGSTcK.[Q],C12(Carboxymethyl),2,220419_rerunMB5.raw,196792.234375,
[K].KADIGIAVADATDAAR.[G],,2,220419_rerunMB5.raw,394897.3125,
[K].KADIGIAVADATDAAR.[G],,3,220419_rerunMB5.raw,709640.1875,
[K].KVLSIIDK.[Y],,2,220419_rerunMB5.raw,570005.8125,
[K].LGDIIPADAR.[L],,2,220419_rerunMB5.raw,3036683.5,
[K].LSVDKNLVEVFcK.[G],C12(Carboxymethyl),2,220419_rerunMB5.raw,103380.546875,
[K].LSVDKNLVEVFcK.[G],C12(Carboxymethyl),3,220419_rerunMB5.raw,216625.75,
[K].mITGDQLAIGK.[E],M1(Oxidation),2,220419_rerunMB5.raw,415327.3125,
[K].QGEIEAVVIATGVHTFFGK.[A],,2,220419_rerunMB5.raw,114405.5546875,
[K].QGEIEAVVIATGVHTFFGK.[A],,3,220419_rerunMB5.raw,736166.875,
[K].RTALTYIDGSGNWHR.[V],,3,220419_rerunMB5.raw,555199.4375,
[K].VDQSALTGESLPVTK.[H],,2,220419_rerunMB5.raw,1633350.75,
[K].VLSIIDKYAER.[G],,2,220419_rerunMB5.raw,116410.0625,
[K].VLSIIDKYAER.[G],,3,220419_rerunMB5.raw,241277.59375,
[K].WSEQEAAILVPGDIVSIK.[L],,2,220419_rerunMB5.raw,1253156.75,
[R].ALNLGVNVK.[M],,2,220419_rerunMB5.raw,3317939.25,
[R].EAQWALAQR.[T],,2,220419_rerunMB5.raw,1450056.75,
[R].EVHFLPFNPVDK.[R],,2,220419_rerunMB5.raw,302314.625,
[R].EVHFLPFNPVDK.[R],,3,220419_rerunMB5.raw,1087912.375,
[R].EVHFLPFNPVDKR.[T],,3,220419_rerunMB5.raw,745846.6875,
[R].LLEGDPLKVDQSALTGESLPVTK.[H],,3,220419_rerunMB5.raw,2458395.75,
[R].LLEGDPLKVDqSALTGESLPVTK.[H],Q11(Deamidated),2,220419_rerunMB5.raw,,
[R].RALNLGVNVK.[M],,2,220419_rerunMB5.raw,296651.375,
[R].TALTYIDGSGNWHR.[V],,2,220419_rerunMB5.raw,476562.6875,
[R].TALTYIDGSGNWHR.[V],,3,220419_rerunMB5.raw,1073907.5,
[K].AAHLVDSTNQVGHFQK.[V],,3,220419_rerunMB6.raw,632865.8125,
[K].AAHLVDSTNQVGHFQK.[V],,4,220419_rerunMB6.raw,701827.5625,
[K].ADGFAGVFPEHK.[Y],,2,220419_rerunMB6.raw,666092.0625,
[K].ADIGIAVADATDAAR.[G],,2,220419_rerunMB6.raw,1338273.25,
[K].AWLNLFENK.[T],,2,220419_rerunMB6.raw,606094.1875,
[K].EAVNIFPEK.[G],,2,220419_rerunMB6.raw,230512.875,
[K].GAPEQILELAK.[A],,2,220419_rerunMB6.raw,2477270.75,
[K].HPGQEVFSGSTcK.[Q],C12(Carboxymethyl),2,220419_rerunMB6.raw,171641.109375,
[K].HPGQEVFSGSTcK.[Q],C12(Carboxymethyl),3,220419_rerunMB6.raw,191663.703125,
[K].IPIEEVFQQLK.[C],,2,220419_rerunMB6.raw,555276.5,
[K].KADIGIAVADATDAAR.[G],,2,220419_rerunMB6.raw,150429.296875,
[K].KADIGIAVADATDAAR.[G],,3,220419_rerunMB6.raw,254010.234375,
[K].KVLSIIDK.[Y],,2,220419_rerunMB6.raw,254622.6875,
[K].LGDIIPADAR.[L],,2,220419_rerunMB6.raw,2390121.5,
[K].NETVDLEKIPIEEVFQQLK.[C],,3,220419_rerunMB6.raw,186913.59375,
[K].QGEIEAVVIATGVHTFFGK.[A],,2,220419_rerunMB6.raw,45008.12109375,
[K].QGEIEAVVIATGVHTFFGK.[A],,3,220419_rerunMB6.raw,310828.0625,
[K].RTALTYIDGSGNWHR.[V],,3,220419_rerunMB6.raw,428326.15625,
[K].SYPYDVPDYASLEDIK.[N],,2,220419_rerunMB6.raw,156845.171875,
[K].VDQSALTGESLPVTK.[H],,2,220419_rerunMB6.raw,1860818.25,
[K].VDQSALTGESLPVTK.[H],,2,220419_rerunMB6.raw,27777.455078125,
[K].WSEQEAAILVPGDIVSIK.[L],,2,220419_rerunMB6.raw,807314.625,
[R].ALNLGVNVK.[M],,2,220419_rerunMB6.raw,2294685.25,
[R].EAQWALAQR.[T],,2,220419_rerunMB6.raw,1074865.875,
[R].EVHFLPFNPVDK.[R],,2,220419_rerunMB6.raw,222271.921875,
[R].EVHFLPFNPVDK.[R],,3,220419_rerunMB6.raw,872017.5,
[R].EVHFLPFNPVDKR.[T],,3,220419_rerunMB6.raw,476111.96875,
[R].LLEGDPLKVDQSALTGESLPVTK.[H],,3,220419_rerunMB6.raw,862881.25,
[R].TALTYIDGSGNWHR.[V],,2,220419_rerunMB6.raw,325225.8125,
[R].TALTYIDGSGNWHR.[V],,3,220419_rerunMB6.raw,772555.8125,
[K].AAHLVDSTNQVGHFQK.[V],,3,220419_rerunMB7.raw,284733.90625,
[K].ADIGIAVADATDAAR.[G],,2,220419_rerunMB7.raw,654144.125,
[K].ADIGIAVADATdAAR.[G],D12(GEE85),2,220419_rerunMB7.raw,80342.4140625,GEE
[K].DANLASIPVEELIEK.[A],,2,220419_rerunMB7.raw,407095.9375,
[K].EAVNIFPEK.[G],,2,220419_rerunMB7.raw,492016.9375,
[K].ESPGAPWEFVGLLPLFDPPRHDSAETIR.[R],,4,220419_rerunMB7.raw,51667.93359375,
[K].GAPEQILELAK.[A],,2,220419_rerunMB7.raw,1521253.125,
[K].IPIEeVFQQLK.[C],E5(GEE85),2,220419_rerunMB7.raw,32749.720703125,GEE
[K].KADIGIAVADATDAAR.[G],,3,220419_rerunMB7.raw,231439.46875,
[K].KVLSIIDK.[Y],,2,220419_rerunMB7.raw,189189.65625,
[K].LGDIIPADAR.[L],,2,220419_rerunMB7.raw,1598135,
[K].LSVDKNLVEVFcK.[G],C12(Carboxymethyl),3,220419_rerunMB7.raw,231227.84375,
[K].QGEIEAVVIATGVHTFFGK.[A],,3,220419_rerunMB7.raw,193206.609375,
[K].RTALTYIDGSGNWHR.[V],,3,220419_rerunMB7.raw,254986.015625,
[K].VDQSALTGESLPVTK.[H],,2,220419_rerunMB7.raw,665863.3125,
[K].VLSIIDKYAER.[G],,2,220419_rerunMB7.raw,87309.4453125,
[R].ALNLGVNVK.[M],,2,220419_rerunMB7.raw,1824016.875,
[R].EAQWALAQR.[T],,2,220419_rerunMB7.raw,622713.375,
[R].EGLTTQEGEDRIQIFGPNK.[L],,3,220419_rerunMB7.raw,125332.3359375,
[R].EVHFLPFNPVDK.[R],,2,220419_rerunMB7.raw,78909.53125,
[R].EVHFLPFNPVDK.[R],,3,220419_rerunMB7.raw,332865.15625,
[R].EVHFLPFNPVDKR.[T],,3,220419_rerunMB7.raw,472979.21875,
[R].IQIFGPNK.[L],,2,220419_rerunMB7.raw,380254.34375,
[R].LLEGDPLKVDQSALTGESLPVTK.[H],,3,220419_rerunMB7.raw,662113.5625,
[R].TALTYIDGSGNWHR.[V],,2,220419_rerunMB7.raw,239252.015625,
[R].TALTYIDGSGNWHR.[V],,3,220419_rerunMB7.raw,601159.125,
[K].AAHLVDSTNQVGHFQK.[V],,3,220419_rerunMB8.raw,493879.84375,
[K].AAHLVDSTNQVGHFQK.[V],,4,220419_rerunMB8.raw,517360.65625,
[K].AdGFAGVFPEHK.[Y],D2(GEE85),3,220419_rerunMB8.raw,119561.8203125,GEE
[K].ADGFAGVFPeHK.[Y],E10(GEE85),3,220419_rerunMB8.raw,154397.640625,GEE
[K].ADIGIAVADATDAAR.[G],,2,220419_rerunMB8.raw,1062551.125,
[K].ADIGIAVADATdAAR.[G],D12(GEE85),2,220419_rerunMB8.raw,217584.96875,GEE
[K].AdIGIAVADATDAAR.[G],D2(GEE85),2,220419_rerunMB8.raw,74535.1328125,GEE
[K].ADIGIAVAdATDAAR.[G],D9(GEE85),2,220419_rerunMB8.raw,92943.484375,GEE
[K].AWLNLFENK.[T],,2,220419_rerunMB8.raw,619162.8125,
[K].DANLASIPVEELIEK.[A],,2,220419_rerunMB8.raw,942757.3125,
[K].EAVNIFPEK.[G],,2,220419_rerunMB8.raw,866289.9375,
[K].GAPEQILELAK.[A],,2,220419_rerunMB8.raw,2757457.75,
[K].HPGQEVFSGSTcK.[Q],C12(Carboxymethyl),2,220419_rerunMB8.raw,144897.953125,
[K].IPIEeVFQQLK.[C],E5(GEE85),2,220419_rerunMB8.raw,86409.6796875,GEE
[K].KADIGIAVADATDAAR.[G],,2,220419_rerunMB8.raw,114387.4765625,
[K].LGDIIPADAR.[L],,2,220419_rerunMB8.raw,2246690.5,
[K].LSVDKNLVEVFcK.[G],C12(Carboxymethyl),3,220419_rerunMB8.raw,106738.8828125,
[K].mITGDQLAIGK.[E],M1(Oxidation),2,220419_rerunMB8.raw,388114.5,
[K].QGEIEAVVIATGVHTFFGK.[A],,3,220419_rerunMB8.raw,377662.5,
[K].RTALTYIDGSGNWHR.[V],,3,220419_rerunMB8.raw,284368.65625,
[K].VDQSALTGESLPVTK.[H],,2,220419_rerunMB8.raw,1772002.25,
[K].VLSIIDKYAER.[G],,3,220419_rerunMB8.raw,192848.984375,
[K].WSEQEAAILVPGDIVSIK.[L],,2,220419_rerunMB8.raw,803631.4375,
[K].WSEQEAAILVPGDIVSIK.[L],,3,220419_rerunMB8.raw,224798.46875,
[R].ALNLGVNVK.[M],,2,220419_rerunMB8.raw,2088956.625,
[R].EGLTTQEGEdR.[I],D10(GEE85),2,220419_rerunMB8.raw,48466.6171875,GEE
[R].EGLTTQEGEDRIQIFGPNK.[L],,3,220419_rerunMB8.raw,163863.265625,
[R].EVHFLPFNPVDK.[R],,2,220419_rerunMB8.raw,202697.140625,
[R].EVHFLPFNPVDK.[R],,3,220419_rerunMB8.raw,797721.75,
[R].EVHFLPFNPVDKR.[T],,3,220419_rerunMB8.raw,629109.625,
[R].IQIFGPNK.[L],,2,220419_rerunMB8.raw,137764.640625,
[R].LLEGDPLKVDQSALTGESLPVTK.[H],,3,220419_rerunMB8.raw,738514,
[R].LLEGDPLKVDQSALTGeSLPVTK.[H],E17(GEE85),3,220419_rerunMB8.raw,70096.5234375,GEE
[R].TALTYIDGSGNWHR.[V],,2,220419_rerunMB8.raw,411918.90625,
[R].TALTYIDGSGNWHR.[V],,3,220419_rerunMB8.raw,1047879.375,
[K].AAHLVDSTNQVGHFQK.[V],,3,220419_rerunSP1.raw,559788.375,
[K].AAHLVDSTNQVGHFQK.[V],,4,220419_rerunSP1.raw,648204,
[K].ADGFAGVFPEHK.[Y],,2,220419_rerunSP1.raw,881416.9375,
[K].ADIGIAVADATDAAR.[G],,2,220419_rerunSP1.raw,1356758.875,
[K].DANLASIPVEELIEK.[A],,2,220419_rerunSP1.raw,1156377.625,
[K].DANLASIPVEELIEKADGFAGVFPEHK.[Y],,3,220419_rerunSP1.raw,102006.546875,
[K].DANLASIPVEELIEKADGFAGVFPEHK.[Y],,4,220419_rerunSP1.raw,109550.453125,
[K].EAVNIFPEK.[G],,2,220419_rerunSP1.raw,1123403.625,
[K].ESPGAPWEFVGLLPLFDPPRHDSAETIRR.[A],,4,220419_rerunSP1.raw,162575.1875,
[K].ESPGAPWEFVGLLPLFDPPRHDSAETIRR.[A],,5,220419_rerunSP1.raw,231324.40625,
[K].GAPEQILELAK.[A],,2,220419_rerunSP1.raw,2156833.25,
[K].GLDIETPSHYTV.[-],,2,220419_rerunSP1.raw,801648.6875,
[K].GVEKDQVLLFAAMASR.[V],,3,220419_rerunSP1.raw,127665.6484375,
[K].HPGQEVFSGSTcK.[Q],C12(Carboxymethyl),2,220419_rerunSP1.raw,193544.625,
[K].KADIGIAVADATDAAR.[G],,2,220419_rerunSP1.raw,271177.90625,
[K].LGDIIPADAR.[L],,2,220419_rerunSP1.raw,2254217.5,
[K].LSVDKNLVEVFcK.[G],C12(Carboxymethyl),2,220419_rerunSP1.raw,148428.359375,
[K].LSVDKNLVEVFcK.[G],C12(Carboxymethyl),3,220419_rerunSP1.raw,402209.125,
[K].mITGDQLAIGK.[E],M1(Oxidation),2,220419_rerunSP1.raw,362357.78125,
[K].QGEIEAVVIATGVHTFFGK.[A],,2,220419_rerunSP1.raw,86950.59375,
[K].QGEIEAVVIATGVHTFFGK.[A],,3,220419_rerunSP1.raw,704207.125,
[K].RTALTYIDGSGNWHR.[V],,3,220419_rerunSP1.raw,493218.28125,
[K].SYPYDVPDYASLEDIKNETVDLEKIPIEEVFQQLK.[C],,4,220419_rerunSP1.raw,897165.6875,
[K].VDQSALTGESLPVTK.[H],,2,220419_rerunSP1.raw,803100.8125,
[K].VLSIIDKYAER.[G],,3,220419_rerunSP1.raw,196509.421875,
[K].WSEQEAAILVPGDIVSIK.[L],,2,220419_rerunSP1.raw,1046686.8125,
[R].EAQWALAQR.[T],,2,220419_rerunSP1.raw,1173842.375,
[R].ELSEIAEQAKR.[R],,3,220419_rerunSP1.raw,181079.234375,
[R].EVHFLPFNPVDK.[R],,2,220419_rerunSP1.raw,178571.875,
[R].EVHFLPFNPVDK.[R],,3,220419_rerunSP1.raw,573866.375,
[R].EVHFLPFNPVDKR.[T],,3,220419_rerunSP1.raw,480701.875,
[R].EVHFLPFNPVDKR.[T],,4,220419_rerunSP1.raw,324538.84375,
[R].IQIFGPNK.[L],,2,220419_rerunSP1.raw,255646.609375,
[R].IQIFGPNKLEEK.[K],,3,220419_rerunSP1.raw,618738.25,
[R].LLEGDPLKVDQSALTGESLPVTK.[H],,3,220419_rerunSP1.raw,1629286.375,
[R].TALTYIDGSGNWHR.[V],,2,220419_rerunSP1.raw,393759.3125,
[R].TALTYIDGSGNWHR.[V],,3,220419_rerunSP1.raw,1163659.875,
[R].VKPSPTPDSWK.[L],,3,220419_rerunSP1.raw,270031.75,
[K].AAHLVDSTNQVGHFQK.[V],,3,220419_rerunSP2.raw,1068561.625,
[K].AAHLVDSTNQVGHFQK.[V],,4,220419_rerunSP2.raw,1066999.25,
[K].ADGFAGVFPEHK.[Y],,2,220419_rerunSP2.raw,1201249.25,
[K].AdGFAGVFPEHK.[Y],D2(GEE85),3,220419_rerunSP2.raw,89832.515625,GEE
[K].ADIGIAVADATDAAR.[G],,2,220419_rerunSP2.raw,1942649,
[K].DANLASIPVEELIEK.[A],,2,220419_rerunSP2.raw,1576362.125,
[K].EAVNIFPEK.[G],,2,220419_rerunSP2.raw,1489478.25,
[K].ESPGAPWEFVGLLPLFDPPRHDSAETIR.[R],,4,220419_rerunSP2.raw,296155.6875,
[K].ESPGAPWEFVGLLPLFDPPRHDSAETIRR.[A],,5,220419_rerunSP2.raw,193272.015625,
[K].GAPEQILELAK.[A],,2,220419_rerunSP2.raw,3536938.5,
[K].GAPeQILELAK.[A],E4(GEE85),2,220419_rerunSP2.raw,210741.09375,GEE
[K].GLDIETPSHYTV.[-],,2,220419_rerunSP2.raw,1063098.125,
[K].GVEKDQVLLFAAMASR.[V],,3,220419_rerunSP2.raw,165548.984375,
[K].HPGQEVFSGSTcK.[Q],C12(Carboxymethyl),2,220419_rerunSP2.raw,544024.3125,
[K].KADIGIAVADATDAAR.[G],,2,220419_rerunSP2.raw,401976.78125,
[K].KVLSIIDK.[Y],,2,220419_rerunSP2.raw,1099446.75,
[K].LGDIIPADAR.[L],,2,220419_rerunSP2.raw,3282197.75,
[K].LSVDKNLVEVFcK.[G],C12(Carboxymethyl),2,220419_rerunSP2.raw,144990.75,
[K].LSVDKNLVEVFcK.[G],C12(Carboxymethyl),3,220419_rerunSP2.raw,308528.84375,
[K].mITGDQLAIGK.[E],M1(Oxidation),2,220419_rerunSP2.raw,479505.75,
[K].QGEIEAVVIATGVHTFFGK.[A],,2,220419_rerunSP2.raw,116674.6953125,
[K].QGEIEAVVIATGVHTFFGK.[A],,3,220419_rerunSP2.raw,884713.375,
[K].RTALTYIDGSGNWHR.[V],,3,220419_rerunSP2.raw,653587.5,
[K].SYPYDVPDYASLEDIKNETVDLEKIPIEEVFQQLK.[C],,4,220419_rerunSP2.raw,435751.5625,
[K].TKESPGAPWEFVGLLPLFDPPR.[H],,3,220419_rerunSP2.raw,217829.40625,
[K].VDQSALTGESLPVTK.[H],,2,220419_rerunSP2.raw,1523601.25,
[K].VLSIIDKYAER.[G],,3,220419_rerunSP2.raw,176591.984375,
[K].WSEQEAAILVPGDIVSIK.[L],,2,220419_rerunSP2.raw,1583915.625,
[R].EAQWALAQR.[T],,2,220419_rerunSP2.raw,2497328,
[R].EGLTTQEGEdR.[I],D10(GEE85),2,220419_rerunSP2.raw,111599.1015625,GEE
[R].EGLTTQEGEDRIQIFGPNK.[L],,3,220419_rerunSP2.raw,,
[R].ELSEIAEQAKR.[R],,3,220419_rerunSP2.raw,188069.359375,
[R].EVHFLPFNPVDK.[R],,2,220419_rerunSP2.raw,283310.71875,
[R].EVHFLPFNPVDK.[R],,3,220419_rerunSP2.raw,905538.4375,
[R].EVHFLPFNPVDKR.[T],,3,220419_rerunSP2.raw,1045419.0625,
[R].EVHFLPFNPVDKR.[T],,4,220419_rerunSP2.raw,686578.25,
[R].IQIFGPNKLEEK.[K],,3,220419_rerunSP2.raw,979743.125,
[R].LGMGTNMYPSSALLGTHK.[D],,3,220419_rerunSP2.raw,195583.09375,
[R].LLEGDPLKVDQSALTGESLPVTK.[H],,3,220419_rerunSP2.raw,2057319.5,
[R].TALTYIDGSGNWHR.[V],,2,220419_rerunSP2.raw,667440.6875,
[R].TALTYIDGSGNWHR.[V],,3,220419_rerunSP2.raw,1534169.875,
[R].VENQDAIDAAMVGMLADPK.[E],,2,220419_rerunSP2.raw,175763.09375,
[K].AAHLVDSTNQVGHFQK.[V],,3,220419_rerunSP3.raw,352104.375,
[K].ADGFAGVFPEHK.[Y],,2,220419_rerunSP3.raw,481744.625,
[K].ADGFAGVFPeHK.[Y],E10(GEE85),3,220419_rerunSP3.raw,66972.984375,GEE
[K].ADIGIAVADATDAAR.[G],,2,220419_rerunSP3.raw,781353.1875,
[K].ADIGIAVADATdAAR.[G],D12(GEE85),2,220419_rerunSP3.raw,116070.609375,GEE
[K].ADIGIAVAdATDAAR.[G],D9(GEE85),2,220419_rerunSP3.raw,52338.546875,GEE
[K].AWLNLFENK.[T],,2,220419_rerunSP3.raw,412767.65625,
[K].EAVNIFPEK.[G],,2,220419_rerunSP3.raw,,
[K].ESPGAPWEFVGLLPLFDPPRHDSAETIR.[R],,4,220419_rerunSP3.raw,75562.8671875,
[K].GAPEQILELAK.[A],,2,220419_rerunSP3.raw,1755771.125,
[K].GVEKDQVLLFAAMASR.[V],,3,220419_rerunSP3.raw,90675.46875,
[K].HPGQEVFSGSTcK.[Q],C12(Carboxymethyl),2,220419_rerunSP3.raw,183587.46875,
[K].HPGQEVFSGSTcK.[Q],C12(Carboxymethyl),3,220419_rerunSP3.raw,209087.65625,
[K].IPIEEVFQQLK.[C],,2,220419_rerunSP3.raw,465166.96875,
[K].KADIGIAVADATDAAR.[G],,2,220419_rerunSP3.raw,133622.890625,
[K].KVLSIIDK.[Y],,2,220419_rerunSP3.raw,368760.28125,
[K].LGDIIPADAR.[L],,2,220419_rerunSP3.raw,1562463.625,
[K].LSVDKNLVEVFcK.[G],C12(Carboxymethyl),3,220419_rerunSP3.raw,127153.2578125,
[K].mITGDQLAIGK.[E],M1(Oxidation),2,220419_rerunSP3.raw,231500.109375,
[K].QGEIEAVVIATGVHTFFGK.[A],,3,220419_rerunSP3.raw,290357.09375,
[K].QGeIEAVVIATGVHTFFGK.[A],E3(GEE85),3,220419_rerunSP3.raw,52845.84375,GEE
[K].VDQSALTGESLPVTK.[H],,2,220419_rerunSP3.raw,1202927.5,
[K].VDQSALTGeSLPVTK.[H],E9(GEE85),2,220419_rerunSP3.raw,112621.296875,GEE
[K].WSEQEAAILVPGDIVSIK.[L],,2,220419_rerunSP3.raw,559364.1875,
[R].EGLTTQeGEDR.[I],E7(GEE85),2,220419_rerunSP3.raw,53460.34375,GEE
[R].EVHFLPFNPVDK.[R],,2,220419_rerunSP3.raw,102692.8671875,
[R].EVHFLPFNPVDK.[R],,3,220419_rerunSP3.raw,1410022.5,
[R].EVHFLPFNPVDK.[R],,3,220419_rerunSP3.raw,442514.4375,
[R].EVHFLPFNPVDKR.[T],,3,220419_rerunSP3.raw,447394.875,
[R].IQIFGPNK.[L],,2,220419_rerunSP3.raw,550909.25,
[R].LGmGTNMYPSSALLGTHK.[D],M3(Oxidation),3,220419_rerunSP3.raw,118352.609375,
[R].LLEGDPLKVDQSALTGESLPVTK.[H],,3,220419_rerunSP3.raw,716351.3125,
[R].TALTYIDGSGNWHR.[V],,2,220419_rerunSP3.raw,232056.546875,
[R].TALTYIDGSGNWHR.[V],,3,220419_rerunSP3.raw,744684.375,
[K].AAHLVDSTNQVGHFQK.[V],,3,220419_rerunSP4.raw,296808.5625,
[K].AAHLVDSTNQVGHFQK.[V],,4,220419_rerunSP4.raw,353592.59375,
[K].AdGFAGVFPEHK.[Y],D2(GEE85),3,220419_rerunSP4.raw,90857.6640625,GEE
[K].ADIGIAVADATDAAR.[G],,2,220419_rerunSP4.raw,757608.25,
[K].ADIGIAVAdATDAAR.[G],D9(GEE85),2,220419_rerunSP4.raw,77985.4296875,GEE
[K].AWLNLFENK.[T],,2,220419_rerunSP4.raw,260698.421875,
[K].DANLASIPVEELIEK.[A],,2,220419_rerunSP4.raw,581672.25,
[K].DANLASIPVEELIeK.[A],E14(GEE85),2,220419_rerunSP4.raw,240389.171875,GEE
[K].EAVNIFPEK.[G],,2,220419_rerunSP4.raw,538259.625,
[K].GAPEQILELAK.[A],,2,220419_rerunSP4.raw,1609463.25,
[K].GVEKDQVLLFAAMASR.[V],,3,220419_rerunSP4.raw,91478.9921875,
[K].HPGQEVFSGSTcK.[Q],C12(Carboxymethyl),2,220419_rerunSP4.raw,157335.09375,
[K].KADIGIAVADATDAAR.[G],,2,220419_rerunSP4.raw,123692.6953125,
[K].KADIGIAVADATDAAR.[G],,3,220419_rerunSP4.raw,218790.953125,
[K].KVLSIIDK.[Y],,2,220419_rerunSP4.raw,368838.5,
[K].LGDIIPADAR.[L],,2,220419_rerunSP4.raw,1620738.625,
[K].LSVDKNLVEVFcK.[G],C12(Carboxymethyl),3,220419_rerunSP4.raw,161825.609375,
[K].mITGDQLAIGK.[E],M1(Oxidation),2,220419_rerunSP4.raw,277654.5625,
[K].QGEIEAVVIATGVHTFFGK.[A],,3,220419_rerunSP4.raw,278103.3125,
[K].RTALTYIDGSGNWHR.[V],,3,220419_rerunSP4.raw,208871.203125,
[K].VDQSALTGESLPVTK.[H],,2,220419_rerunSP4.raw,827728.8125,
[K].VDQSALTGeSLPVTK.[H],E9(GEE85),2,220419_rerunSP4.raw,153269.5625,GEE
[K].WSEQEAAILVPGDIVSIK.[L],,2,220419_rerunSP4.raw,579523.375,
[R].EGLTTQeGEDR.[I],E7(GEE85),2,220419_rerunSP4.raw,59868.984375,GEE
[R].EGLTTQeGEDR.[I],E7(GEE85),2,220419_rerunSP4.raw,60143.11328125,GEE
[R].EVHFLPFNPVDK.[R],,3,220419_rerunSP4.raw,317482.375,
[R].EVHFLPFNPVDK.[R],,3,220419_rerunSP4.raw,3555358,
[R].EVHFLPFNPVDKR.[T],,3,220419_rerunSP4.raw,470859.59375,
[R].LLEGDPLKVDQSALTGESLPVTK.[H],,3,220419_rerunSP4.raw,606532.625,
[R].LSQQGAITK.[R],,2,220419_rerunSP4.raw,284586,
[R].TALTYIDGSGNWHR.[V],,2,220419_rerunSP4.raw,227111.8125,
[R].TALTYIDGSGNWHR.[V],,3,220419_rerunSP4.raw,775399.3125,
[R].VKPSPTPDSWK.[L],,3,220419_rerunSP4.raw,194043.8125,
[K].AAHLVDSTNQVGHFQK.[V],,3,220419_rerunSP7.raw,197415.078125,
[K].ADIGIAVADATDAAR.[G],,2,220419_rerunSP7.raw,562254.75,
[K].ADIGIAVADATdAAR.[G],D12(GEE85),2,220419_rerunSP7.raw,74839.0859375,GEE
[K].DANLASIPVEELIEK.[A],,2,220419_rerunSP7.raw,517718.5625,
[K].EAVNIFPEK.[G],,2,220419_rerunSP7.raw,,
[K].EAVNIFPeK.[G],E8(GEE85),2,220419_rerunSP7.raw,135563.5625,GEE
[K].GAPEQILELAK.[A],,2,220419_rerunSP7.raw,978310.3125,
[K].GVEKDQVLLFAAMASR.[V],,3,220419_rerunSP7.raw,81428.8515625,
[K].IPIEEVFQQLK.[C],,2,220419_rerunSP7.raw,264319.375,
[K].KADIGIAVADATDAAR.[G],,2,220419_rerunSP7.raw,49559.03125,
[K].KADIGIAVADATDAAR.[G],,3,220419_rerunSP7.raw,167810.421875,
[K].KVLSIIDK.[Y],,2,220419_rerunSP7.raw,239053.875,
[K].LGDIIPADAR.[L],,2,220419_rerunSP7.raw,1168320.5,
[K].LSVDKNLVEVFcK.[G],C12(Carboxymethyl),3,220419_rerunSP7.raw,128882.6875,
[K].mITGDQLAIGK.[E],M1(Oxidation),2,220419_rerunSP7.raw,189011.890625,
[K].QGEIEAVVIATGVHTFFGK.[A],,3,220419_rerunSP7.raw,246281.09375,
[K].TKESPGAPWEFVGLLPLFDPPR.[H],,3,220419_rerunSP7.raw,67013.9375,
[K].VDQSALTGESLPVTK.[H],,2,220419_rerunSP7.raw,662356.8125,
[K].WSEQEAAILVPGDIVSIK.[L],,2,220419_rerunSP7.raw,482278.21875,
[R].EAQWALAQR.[T],,2,220419_rerunSP7.raw,542803.25,
[R].EVHFLPFNPVDK.[R],,3,220419_rerunSP7.raw,242047.015625,
[R].EVHFLPFNPVDKR.[T],,3,220419_rerunSP7.raw,337611.625,
[R].LGMGTNmYPSSALLGTHK.[D],M7(Oxidation),3,220419_rerunSP7.raw,65193.59765625,
[R].LLEGDPLKVDQSALTGESLPVTK.[H],,3,220419_rerunSP7.raw,636681.8125,
[R].LSQQGAITK.[R],,2,220419_rerunSP7.raw,316319.21875,
[R].TALTYIDGSGNWHR.[V],,2,220419_rerunSP7.raw,155492.671875,
[R].TALTYIDGSGNWHR.[V],,3,220419_rerunSP7.raw,536145.4375,
[K].ADIGIAVADATDAAR.[G],,2,220419_rerunSP8.raw,235143.296875,
[K].ADIGIAVADATdAAR.[G],D12(GEE85),2,220419_rerunSP8.raw,41681.09375,GEE
[K].EAVNIFPEK.[G],,2,220419_rerunSP8.raw,131244.8125,
[K].GAPEQILELAK.[A],,2,220419_rerunSP8.raw,355382.4375,
[K].IPIEEVFQQLK.[C],,2,220419_rerunSP8.raw,126690.9296875,
[K].LGDIIPADAR.[L],,2,220419_rerunSP8.raw,476226.96875,
[K].QGEIEAVVIATGVHTFFGK.[A],,3,220419_rerunSP8.raw,86707.2265625,
[R].EVHFLPFNPVDK.[R],,3,220419_rerunSP8.raw,83734.6953125,
[R].EVHFLPFNPVDKR.[T],,3,220419_rerunSP8.raw,121518.2109375,
[R].LLEGDPLKVDQSALTGESLPVTK.[H],,3,220419_rerunSP8.raw,186069.71875,
[R].TALTYIDGSGNWHR.[V],,2,220419_rerunSP8.raw,74293.9296875,
[R].TALTYIDGSGNWHR.[V],,3,220419_rerunSP8.raw,308704.09375,
[K].AAHLVDSTNQVGHFQK.[V],,3,220425_rerunSP5.raw,241502.078125,
[K].ADIGIAVADATDAAR.[G],,2,220425_rerunSP5.raw,1000333.3125,
[K].AWLNLFENK.[T],,2,220425_rerunSP5.raw,360660.875,
[K].DANLASIPVEELIEK.[A],,2,220425_rerunSP5.raw,1084835,
[K].DAnLASIPVEELIEKADGFAGVFPEHK.[Y],N3(Deamidated),4,220425_rerunSP5.raw,,
[K].EAVNIFPEK.[G],,2,220425_rerunSP5.raw,,
[K].ESPGAPWEFVGLLPLFDPPRHDSAETIR.[R],,4,220425_rerunSP5.raw,239851.578125,
[K].GAPEQILELAK.[A],,2,220425_rerunSP5.raw,1459583.75,
[K].GLDIETPSHYTV.[-],,2,220425_rerunSP5.raw,531423.5625,
[K].GVEKDQVLLFAAmASR.[V],M13(Oxidation),3,220425_rerunSP5.raw,,
[K].HPGQEVFSGSTcK.[Q],C12(Carboxymethyl),2,220425_rerunSP5.raw,81321.9375,
[K].IPIEEVFQQLK.[C],,2,220425_rerunSP5.raw,235371.140625,
[K].KADIGIAVADATDAAR.[G],,3,220425_rerunSP5.raw,421613.53125,
[K].KVLSIIDK.[Y],,2,220425_rerunSP5.raw,344758.96875,
[K].LGDIIPADAR.[L],,2,220425_rerunSP5.raw,1664024.5,
[K].LSVDKNLVEVFcK.[G],C12(Carboxymethyl),3,220425_rerunSP5.raw,228636.890625,
[K].QGEIEAVVIATGVHTFFGK.[A],,2,220425_rerunSP5.raw,35195.90625,
[K].QGEIEAVVIATGVHTFFGK.[A],,3,220425_rerunSP5.raw,493498.90625,
[K].RTALTYIDGSGNWHR.[V],,3,220425_rerunSP5.raw,182401.265625,
[K].SYPYDVPDYASLEDIKNETVDLEKIPIEEVFQQLK.[C],,4,220425_rerunSP5.raw,892509.1875,
[K].VDQSALTGESLPVTK.[H],,2,220425_rerunSP5.raw,445784.125,
[R].ALNLGVNVK.[M],,2,220425_rerunSP5.raw,1935303,
[R].EAQWALAQR.[T],,2,220425_rerunSP5.raw,616977.5,
[R].EGLTTQEGEDRIQIFGPNKLEEK.[K],,4,220425_rerunSP5.raw,180948.265625,
[R].ELSEIAEQAKR.[R],,3,220425_rerunSP5.raw,119306.1640625,
[R].EVHFLPFNPVDK.[R],,3,220425_rerunSP5.raw,458028.4375,
[R].EVHFLPFNPVDKR.[T],,3,220425_rerunSP5.raw,269484,
[R].LLEGDPLKVDQSALTGESLPVTK.[H],,3,220425_rerunSP5.raw,1239874.625,
[R].TALTYIDGSGNWHR.[V],,3,220425_rerunSP5.raw,390557.3125,
[R].VKPSPTPDSWK.[L],,3,220425_rerunSP5.raw,157786.375,
[K].ADIGIAVADATDAAR.[G],,2,220425_rerunSP6.raw,607209.5,
[K].AWLNLFENK.[T],,2,220425_rerunSP6.raw,212076.640625,
[K].DANLASIPVEELIEK.[A],,2,220425_rerunSP6.raw,604365.1875,
[K].DANLASIPVEELIEKADGFAGVFPEHK.[Y],,3,220425_rerunSP6.raw,60241.73046875,
[K].EAVNIFPEK.[G],,2,220425_rerunSP6.raw,425247.4375,
[K].ESPGAPWEFVGLLPLFDPPRHDSAETIR.[R],,4,220425_rerunSP6.raw,123373.40625,
[K].GAPEQILELAK.[A],,2,220425_rerunSP6.raw,889976.0625,
[K].IPIEEVFQQLK.[C],,2,220425_rerunSP6.raw,216722.46875,
[K].KADIGIAVADATDAAR.[G],,3,220425_rerunSP6.raw,256593.515625,
[K].LGDIIPADAR.[L],,2,220425_rerunSP6.raw,1116701.25,
[K].LSVDKNLVEVFcK.[G],C12(Carboxymethyl),3,220425_rerunSP6.raw,106212.609375,
[K].mITGDQLAIGK.[E],M1(Oxidation),2,220425_rerunSP6.raw,234843.3125,
[K].QGEIEAVVIATGVHTFFGK.[A],,3,220425_rerunSP6.raw,235803.765625,
[K].RTALTYIDGSGNWHR.[V],,3,220425_rerunSP6.raw,103735.375,
[K].TKESPGAPWEFVGLLPLFDPPR.[H],,3,220425_rerunSP6.raw,79088.2734375,
[K].VDQSALTGESLPVTK.[H],,2,220425_rerunSP6.raw,502207.25,
[K].WSEQEAAILVPGDIVSIK.[L],,2,220425_rerunSP6.raw,528854.5,
[R].EAQWALAQR.[T],,2,220425_rerunSP6.raw,425196.65625,
[R].EVHFLPFNPVDK.[R],,3,220425_rerunSP6.raw,254908.8125,
[R].EVHFLPFNPVDKR.[T],,3,220425_rerunSP6.raw,212742.84375,
[R].IQIFGPNK.[L],,2,220425_rerunSP6.raw,192040.578125,
[R].LLEGDPLKVDQSALTGESLPVTK.[H],,3,220425_rerunSP6.raw,569136.3125,
[R].TALTYIDGSGNWHR.[V],,3,220425_rerunSP6.raw,370594.1875,
